Date,BondCode,ShortName,Issuer,IssuingDate,MaturityDate,Tenor,CurrencyDenomination,AmountOfIssuance,Coupon,IRR,EarlyRedemption,NonCallPeriodYearxCallFrequencyYear,SecuritiesUnderwriterOrFinancialConsultingCompany,LiquidityProvider,ISIN,BondDatabase
20260905,F16603,P21ADCBU2,Abu Dhabi Commercial Bank PJSC,20210907,20260907,5,USD,285000000,1.720,0,Not Applicable,Not Applicable,Capital SecuritiesChinatrust BankKGI BankMega BankPresident SecuritiesSinoPac SecuritiesStandard CharteredTaipei Fubon BankTaishin InternatonalYuanta Securities Co,Taipei Fubon Bank,XS2376921016,https://mopsov.twse.com.tw/mops/web/t113sb02?encodeURIComponent=1&firstin=true&id=&colorchg=&TYPEK=all&step=11&co_id=E0136&MONYR_REG=202109&BOND_ID=F16603&KIND=A
20260905,F17901,P21BCI1,Banco de Credito e Inversiones,20210924,20260924,5,USD,133000000,1.885,0,Not Applicable,Not Applicable,Bank of TaiwanCACIB TaipeiSinoPac SecuritiesStandard CharteredTaipei Fubon BankTaishin Internatonal,Taipei Fubon Bank,XS2384719667,https://mopsov.twse.com.tw/mops/web/t113sb02?encodeURIComponent=1&firstin=true&id=&colorchg=&TYPEK=all&step=11&co_id=E0147&MONYR_REG=202109&BOND_ID=F17901&KIND=A
20260905,F02244,P19SG5,Societe Generale,20191002,20261002,7,USD,55000000,2.650,0,Not Applicable,Not Applicable,Bank of TaiwanCathay United BankE.SUN BankSG Securities TaipeiSinoPac Securities,SinoPac Securities,XS2027857197,https://mopsov.twse.com.tw/mops/web/t113sb02?encodeURIComponent=1&firstin=true&id=&colorchg=&TYPEK=all&step=11&co_id=E0010&MONYR_REG=201909&BOND_ID=F02244&KIND=A
20260905,F18101,P21SCOCH1,Scotiabank Chile,20211110,20261110,5,USD,125000000,2.160,0,Not Applicable,Not Applicable,CACIB TaipeiKGI BankSinoPac SecuritiesStandard CharteredTaipei Fubon BankTaishin InternatonalYuanta Securities Co,Taipei Fubon Bank,XS2401677948,https://mopsov.twse.com.tw/mops/web/t113sb02?encodeURIComponent=1&firstin=true&id=&colorchg=&TYPEK=all&step=11&co_id=E0149&MONYR_REG=202111&BOND_ID=F18101&KIND=A
20260905,F01017,P19KEXIM3,The Export-Import Bank of Korea,20191127,20261127,7,ZAR,600000000,8.430,0,Not Applicable,Not Applicable,Chinatrust BankE.SUN BankKGI BankSG Securities Taipei,E.SUN Bank,XS2081570355,https://mopsov.twse.com.tw/mops/web/t113sb02?encodeURIComponent=1&firstin=true&id=&colorchg=&TYPEK=all&step=11&co_id=E0003&MONYR_REG=201911&BOND_ID=F01017&KIND=A
20260905,F16902,P21PMH1,Phu My Hung Development Corporation,20211229,20261229,5,USD,150000000,2.000,0,Not Applicable,Not Applicable,Cathay United BankChinatrust BankCooperative BankMega BankTaipei Fubon Bank,Taipei Fubon Bank,TW000F169024,https://mopsov.twse.com.tw/mops/web/t113sb02?encodeURIComponent=1&firstin=true&id=&colorchg=&TYPEK=all&step=11&co_id=E0138&MONYR_REG=202112&BOND_ID=F16902&KIND=A
20260905,F18301,P22SBILD1,State Bank of India acting through its London branch,20220126,20270126,5,USD,300000000,2.490,0,Not Applicable,Not Applicable,CACIB TaipeiCitibank Taiwan Ltd.HSBC Bank(Taiwan)LtdKGI SecuritiesSinoPac SecuritiesStandard CharteredTaishin Internatonal,SinoPac Securities,XS2432299449,https://mopsov.twse.com.tw/mops/web/t113sb02?encodeURIComponent=1&firstin=true&id=&colorchg=&TYPEK=all&step=11&co_id=E0151&MONYR_REG=202201&BOND_ID=F18301&KIND=A
20260905,F13722,P20MSF3,Morgan Stanley Finance LLC,20200313,20270313,7,CNY,580000000,3.000,0,Not Applicable,Not Applicable,E.SUN Banksell the bond itself,Taishin Securities,XS1906334385,https://mopsov.twse.com.tw/mops/web/t113sb02?encodeURIComponent=1&firstin=true&id=&colorchg=&TYPEK=all&step=11&co_id=E0111&MONYR_REG=202003&BOND_ID=F13722&KIND=A
20260905,F02252,P20SG6,Societe Generale,20200826,20270826,7,ZAR,520000000,6.750,0,Applicable,3.000 x 1.000,Bank of TaiwanE.SUN BankNational SecuritiesSinoPac Securities,SinoPac Securities,XS2174519061,https://mopsov.twse.com.tw/mops/web/t113sb02?encodeURIComponent=1&firstin=true&id=&colorchg=&TYPEK=all&step=11&co_id=E0010&MONYR_REG=202008&BOND_ID=F02252&KIND=A
20260905,F15311,P21GSFCI8,Goldman Sachs Finance Corp International Ltd,20210827,20270827,6,USD,40000000,0.7578,0,Not Applicable,Not Applicable,E.SUN BankMega Bank,E.SUN Bank,XS2114071587,https://mopsov.twse.com.tw/mops/web/t113sb02?encodeURIComponent=1&firstin=true&id=&colorchg=&TYPEK=all&step=11&co_id=E0124&MONYR_REG=202108&BOND_ID=F15311&KIND=A
20260905,F18701,P22JPCFC1,JPMorgan Chase Financial Company LLC,20220920,20270920,5,USD,148000000,2.8987,0,Not Applicable,Not Applicable,E.SUN BankMega BankYuanta Securities Co,E.SUN Bank,XS1450710899,https://mopsov.twse.com.tw/mops/web/t113sb02?encodeURIComponent=1&firstin=true&id=&colorchg=&TYPEK=all&step=11&co_id=E0154&MONYR_REG=202209&BOND_ID=F18701&KIND=A
20260905,F02634,P20CACIB7,CREDIT AGRICOLE CORPORATE AND INVESTMENT BANK,20200922,20270922,7,ZAR,560000000,6.420,0,Applicable,3.000 x 1.000,Bank of TaiwanChinatrust BankE.SUN Bank,Chinatrust Bank,XS1996644685,https://mopsov.twse.com.tw/mops/web/t113sb02?encodeURIComponent=1&firstin=true&id=&colorchg=&TYPEK=all&step=11&co_id=E0014&MONYR_REG=202009&BOND_ID=F02634&KIND=A
20260905,F02254,P20SG8,Societe Generale,20200923,20270923,7,ZAR,430000000,6.750,0,Applicable,4.000 x 1.000,Bank of TaiwanE.SUN BankSinoPac Securities,SinoPac Securities,XS2176033400,https://mopsov.twse.com.tw/mops/web/t113sb02?encodeURIComponent=1&firstin=true&id=&colorchg=&TYPEK=all&step=11&co_id=E0010&MONYR_REG=202009&BOND_ID=F02254&KIND=A
20260905,F14245,P22CGMHI6,Citigroup Global Markets Holdings Inc.,20220929,20270929,5,USD,88000000,3.7364,0,Not Applicable,Not Applicable,Chinatrust BankYuanta Securities Co,Yuanta Securities Co,XS2495887684,https://mopsov.twse.com.tw/mops/web/t113sb02?encodeURIComponent=1&firstin=true&id=&colorchg=&TYPEK=all&step=11&co_id=E0115&MONYR_REG=202209&BOND_ID=F14245&KIND=A
20260905,F19401,P24KODIT1,KODIT Global 2024-2 Co. Ltd.,20241029,20271029,3,USD,200000000,5.680,0,Not Applicable,Not Applicable,BNP PARIBAS TAIWANCathay United BankChinatrust BankKGI SecuritiesMega BankPresident SecuritiesSinoPac SecuritiesYuanta Securities Co,Yuanta Securities Co,XS2910446892,https://mopsov.twse.com.tw/mops/web/t113sb02?encodeURIComponent=1&firstin=true&id=&colorchg=&TYPEK=all&step=11&co_id=E0160&MONYR_REG=202410&BOND_ID=F19401&KIND=A
20260905,F10319,P20QNBF10,QNB Finance Ltd,20201117,20271117,7,CNY,500000000,3.950,0,Not Applicable,Not Applicable,SinoPac SecuritiesStandard Chartered,SinoPac Securities,XS2255698602,https://mopsov.twse.com.tw/mops/web/t113sb02?encodeURIComponent=1&firstin=true&id=&colorchg=&TYPEK=all&step=11&co_id=E0080&MONYR_REG=202011&BOND_ID=F10319&KIND=A
20260905,F14613,P20JPMCB2,JPMorgan Chase Bank N.A.,20201125,20271125,7,ZAR,340000000,6.300,0,Applicable,1.000 x 1.000,Bank of TaiwanTaishin Internatonal,Bank of Taiwan,XS1450874810,https://mopsov.twse.com.tw/mops/web/t113sb02?encodeURIComponent=1&firstin=true&id=&colorchg=&TYPEK=all&step=11&co_id=E0118&MONYR_REG=202011&BOND_ID=F14613&KIND=A
20260905,F07502,P16ISBI1,Intesa Sanpaolo Bank Ireland p.l.c,20160115,20280115,12,USD,63000000,4.250,0,Not Applicable,Not Applicable,National SecuritiesSinoPac Securities,Not Applicatible,XS1338373704,https://mopsov.twse.com.tw/mops/web/t113sb02?encodeURIComponent=1&firstin=true&id=&colorchg=&TYPEK=all&step=11&co_id=E0053&MONYR_REG=201601&BOND_ID=F07502&KIND=A
20260905,F14246,P23CGMHI1,Citigroup Global Markets Holdings Inc.,20230210,20280210,5,USD,89000000,5.9978,0,Not Applicable,Not Applicable,E.SUN BankShanghai BankTaishin Internatonal,E.SUN Bank,XS2541509837,https://mopsov.twse.com.tw/mops/web/t113sb02?encodeURIComponent=1&firstin=true&id=&colorchg=&TYPEK=all&step=11&co_id=E0115&MONYR_REG=202302&BOND_ID=F14246&KIND=A
20260905,F03241,P23BACR2,Barclays Bank PLC,20230214,20280214,5,USD,100000000,5.750,0,Not Applicable,Not Applicable,Chinatrust BankE.SUN BankMega BankTaishin Internatonal,Taishin Internatonal,XS2469987361,https://mopsov.twse.com.tw/mops/web/t113sb02?encodeURIComponent=1&firstin=true&id=&colorchg=&TYPEK=all&step=11&co_id=E0019&MONYR_REG=202302&BOND_ID=F03241&KIND=A
20260905,F14620,P24JPMCB1,JPMorgan Chase Bank N.A.,20240222,20280222,4,USD,175000000,0,0,Not Applicable,Not Applicable,E.SUN BankJPMorgan SecuritiesKGI SecuritiesSinoPac SecuritiesTaishin InternatonalYuanta Securities Co,SinoPac Securities,XS1449686465,https://mopsov.twse.com.tw/mops/web/t113sb02?encodeURIComponent=1&firstin=true&id=&colorchg=&TYPEK=all&step=11&co_id=E0118&MONYR_REG=202402&BOND_ID=F14620&KIND=A
20260905,F19601,P25MRAS1,Mirae Asset Securities Co. Ltd.,20250306,20280306,3,USD,400000000,5.250,0,Not Applicable,Not Applicable,Cathay United BankCredit Agricole BankHSBC Bank(Taiwan)LtdKGI SecuritiesPresident SecuritiesSG Securities TaipeiSinoPac SecuritiesTaishin InternatonalYuanta Securities Co,SinoPac Securities,XS2985211569,https://mopsov.twse.com.tw/mops/web/t113sb02?encodeURIComponent=1&firstin=true&id=&colorchg=&TYPEK=all&step=11&co_id=E0162&MONYR_REG=202503&BOND_ID=F19601&KIND=A
20260905,F00922,P21BNP2,BNP PARIBAS,20210329,20280329,7,CNY,650000000,3.500,0,Not Applicable,Not Applicable,BNP PARIBAS TAIWAN,Yuanta Securities Co,FR0014002J74,https://mopsov.twse.com.tw/mops/web/t113sb02?encodeURIComponent=1&firstin=true&id=&colorchg=&TYPEK=all&step=11&co_id=E0002&MONYR_REG=202103&BOND_ID=F00922&KIND=A
20260905,F00808,P21DB3,Deutsche Bank Aktiengesellschaft,20210331,20280331,7,CNY,1000000000,3.500,0,Not Applicable,Not Applicable,DeutscheBankAGTPE,DeutscheBankAGTPE,XS2312722080,https://mopsov.twse.com.tw/mops/web/t113sb02?encodeURIComponent=1&firstin=true&id=&colorchg=&TYPEK=all&step=11&co_id=E0001&MONYR_REG=202103&BOND_ID=F00808&KIND=A
20260905,F14615,P21JPMCB2,JPMorgan Chase Bank N.A.,20210415,20280415,7,ZAR,215000000,7.250,0,Applicable,1.000 x 1.000,E.SUN Bank,E.SUN Bank,XS1450839748,https://mopsov.twse.com.tw/mops/web/t113sb02?encodeURIComponent=1&firstin=true&id=&colorchg=&TYPEK=all&step=11&co_id=E0118&MONYR_REG=202104&BOND_ID=F14615&KIND=A
20260905,F03306,P21UBSLN2,UBS AG London Branch,20210419,20280419,7,ZAR,300000000,7.700,0,Applicable,3.000 x 1.000,E.SUN BankNational SecuritiesSinoPac Securities,SinoPac Securities,XS2321629888,https://mopsov.twse.com.tw/mops/web/t113sb02?encodeURIComponent=1&firstin=true&id=&colorchg=&TYPEK=all&step=11&co_id=E0022&MONYR_REG=202104&BOND_ID=F03306&KIND=A
20260905,F15324,P23GSFCI1,Goldman Sachs Finance Corp International Ltd,20230419,20280419,5,USD,152000000,6.120,0,Not Applicable,Not Applicable,Mega BankSinoPac SecuritiesTaishin Internatonal,Taishin Internatonal,XS2480975825,https://mopsov.twse.com.tw/mops/web/t113sb02?encodeURIComponent=1&firstin=true&id=&colorchg=&TYPEK=all&step=11&co_id=E0124&MONYR_REG=202304&BOND_ID=F15324&KIND=A
20260905,F14247,P23CGMHI2,Citigroup Global Markets Holdings Inc.,20230526,20280526,5,USD,135000000,6.260,0,Not Applicable,Not Applicable,Chinatrust BankMega BankSinoPac SecuritiesTaishin Internatonal,Taishin Internatonal,XS2565545188,https://mopsov.twse.com.tw/mops/web/t113sb02?encodeURIComponent=1&firstin=true&id=&colorchg=&TYPEK=all&step=11&co_id=E0115&MONYR_REG=202305&BOND_ID=F14247&KIND=A
20260905,F15325,P23GSFCI2,Goldman Sachs Finance Corp International Ltd,20230530,20280530,5,USD,55000000,6.360,0,Not Applicable,Not Applicable,Chinatrust BankTaishin Internatonal,Taishin Internatonal,XS2481710221,https://mopsov.twse.com.tw/mops/web/t113sb02?encodeURIComponent=1&firstin=true&id=&colorchg=&TYPEK=all&step=11&co_id=E0124&MONYR_REG=202305&BOND_ID=F15325&KIND=A
20260905,F00926,P23BNP1,BNP PARIBAS,20230606,20280606,5,USD,271000000,6.380,0,Not Applicable,Not Applicable,BNP PARIBAS TAIWANChinatrust BankE.SUN BankMega BankPresident SecuritiesSinoPac SecuritiesTaishin InternatonalYuanta Securities Co,Yuanta Securities Co,FR001400I8W2,https://mopsov.twse.com.tw/mops/web/t113sb02?encodeURIComponent=1&firstin=true&id=&colorchg=&TYPEK=all&step=11&co_id=E0002&MONYR_REG=202306&BOND_ID=F00926&KIND=A
20260905,F02280,P23SG3,Societe Generale,20230609,20280609,5,USD,105000000,0,0,Applicable,4.000 x 0.000,Cathay United BankE.SUN BankMega BankSG Securities TaipeiTaishin Internatonal,Taishin Internatonal,XS2593447860,https://mopsov.twse.com.tw/mops/web/t113sb02?encodeURIComponent=1&firstin=true&id=&colorchg=&TYPEK=all&step=11&co_id=E0010&MONYR_REG=202306&BOND_ID=F02280&KIND=A
20260905,F03309,P21UBSLN5,UBS AG London Branch,20210615,20280615,7,ZAR,200000000,7.730,0,Applicable,4.000 x 1.000,KGI SecuritiesNational SecuritiesSinoPac Securities,SinoPac Securities,XS2340983811,https://mopsov.twse.com.tw/mops/web/t113sb02?encodeURIComponent=1&firstin=true&id=&colorchg=&TYPEK=all&step=11&co_id=E0022&MONYR_REG=202106&BOND_ID=F03309&KIND=A
20260905,F03242,P23BACR3,Barclays Bank PLC,20230628,20280628,5,USD,100000000,0,0,Not Applicable,Not Applicable,Bank of TaiwanMega BankSinoPac SecuritiesTaishin InternatonalYuanta Securities Co,SinoPac Securities,XS2517250127,https://mopsov.twse.com.tw/mops/web/t113sb02?encodeURIComponent=1&firstin=true&id=&colorchg=&TYPEK=all&step=11&co_id=E0019&MONYR_REG=202306&BOND_ID=F03242&KIND=A
20260905,F05448,P23NATIX4,Natixis,20230629,20280629,5,USD,100000000,5.060,0,Applicable,4.000 x 0.000,Cathay United BankE.SUN BankKGI SecuritiesMega BankTaishin Internatonal,Taishin Internatonal,XS2487466455,https://mopsov.twse.com.tw/mops/web/t113sb02?encodeURIComponent=1&firstin=true&id=&colorchg=&TYPEK=all&step=11&co_id=E0037&MONYR_REG=202306&BOND_ID=F05448&KIND=A
20260905,F00908,P16BNP3,BNP PARIBAS,20160630,20280630,12,USD,200000000,4.200,0,Not Applicable,Not Applicable,E.SUN BankKGI SecuritiesStandard Chartered,Standard Chartered,XS1437600221,https://mopsov.twse.com.tw/mops/web/t113sb02?encodeURIComponent=1&firstin=true&id=&colorchg=&TYPEK=all&step=11&co_id=E0002&MONYR_REG=201606&BOND_ID=F00908&KIND=A
20260905,F06804,P23KEC1,Korea Expressway Corporation,20230710,20280710,5,USD,300000000,0,0,Not Applicable,Not Applicable,Capital SecuritiesCathay United BankE.SUN BankFubon SeuritiesKGI SecuritiesMega BankPresident SecuritiesShanghai BankSinoPac SecuritiesStandard CharteredYuanta Securities Co,KGI Securities,XS2642838846,https://mopsov.twse.com.tw/mops/web/t113sb02?encodeURIComponent=1&firstin=true&id=&colorchg=&TYPEK=all&step=11&co_id=E0049&MONYR_REG=202307&BOND_ID=F06804&KIND=A
20260905,F13416,P21ENBD5,Emirates NBD Bank PJSC,20210713,20280713,7,CNY,1125000000,3.670,0,Not Applicable,Not Applicable,ANZ Banking Group TPSinoPac Securities,SinoPac Securities,XS2357280101,https://mopsov.twse.com.tw/mops/web/t113sb02?encodeURIComponent=1&firstin=true&id=&colorchg=&TYPEK=all&step=11&co_id=E0108&MONYR_REG=202107&BOND_ID=F13416&KIND=A
20260905,F09008,P23KDB1,The Korea Development Bank,20230801,20280801,5,USD,300000000,5.060,0,Not Applicable,Not Applicable,Cathay United BankChinatrust BankKGI SecuritiesMega BankPresident SecuritiesSG Securities TaipeiShanghai BankSinoPac SecuritiesTaishin InternatonalYuanta Securities Co,Yuanta Securities Co,XS2655885148,https://mopsov.twse.com.tw/mops/web/t113sb02?encodeURIComponent=1&firstin=true&id=&colorchg=&TYPEK=all&step=11&co_id=E0067&MONYR_REG=202307&BOND_ID=F09008&KIND=A
20260905,F03311,P21UBSLN7,UBS AG London Branch,20210803,20280803,7,ZAR,125000000,7.700,0,Applicable,3.000 x 1.000,National SecuritiesSinoPac Securities,SinoPac Securities,XS2359693947,https://mopsov.twse.com.tw/mops/web/t113sb02?encodeURIComponent=1&firstin=true&id=&colorchg=&TYPEK=all&step=11&co_id=E0022&MONYR_REG=202108&BOND_ID=F03311&KIND=A
20260905,F16406,P23MGL1,Macquarie Group Limited,20230908,20280908,5,USD,58000000,6.810,0,Not Applicable,Not Applicable,Chinatrust BankSinoPac SecuritiesYuanta Securities Co,Yuanta Securities Co,XS2672784316,https://mopsov.twse.com.tw/mops/web/t113sb02?encodeURIComponent=1&firstin=true&id=&colorchg=&TYPEK=all&step=11&co_id=E0134&MONYR_REG=202309&BOND_ID=F16406&KIND=A
20260905,F18710,P23JPCFC8,JPMorgan Chase Financial Company LLC,20230922,20280922,5,USD,190000000,6.310,0,Not Applicable,Not Applicable,Cathay United BankE.SUN BankJPM Securities TWMega BankPresident SecuritiesSinoPac SecuritiesYuanta Securities Co,E.SUN Bank,XS1449769758,https://mopsov.twse.com.tw/mops/web/t113sb02?encodeURIComponent=1&firstin=true&id=&colorchg=&TYPEK=all&step=11&co_id=E0154&MONYR_REG=202309&BOND_ID=F18710&KIND=A
20260905,F12204,P23NAB1,National Australia Bank Limited (ABN 12 004 044 937),20230928,20280928,5,USD,350000000,6.290,0,Not Applicable,Not Applicable,Cathay United BankChinatrust BankE.SUN BankMega BankSG Securities TaipeiSinoPac SecuritiesTaishin InternatonalYuanta Securities Co,SinoPac Securities,XS2695028279,https://mopsov.twse.com.tw/mops/web/t113sb02?encodeURIComponent=1&firstin=true&id=&colorchg=&TYPEK=all&step=11&co_id=E0099&MONYR_REG=202309&BOND_ID=F12204&KIND=A
20260905,F19101,P23KOBC1,Korea Ocean Business Corporation,20231005,20281005,5,USD,80000000,0,0,Not Applicable,Not Applicable,BANK SINOPACShanghai BankSinoPac SecuritiesStandard Chartered,SinoPac Securities,XS2695399506,https://mopsov.twse.com.tw/mops/web/t113sb02?encodeURIComponent=1&firstin=true&id=&colorchg=&TYPEK=all&step=11&co_id=E0157&MONYR_REG=202310&BOND_ID=F19101&KIND=A
20260905,F10720,P23BMO1,Bank of Montreal,20231012,20281012,5,USD,120000000,6.560,0,Not Applicable,Not Applicable,E.SUN BankMega BankYuanta Securities Co,Yuanta Securities Co,XS2697459670,https://mopsov.twse.com.tw/mops/web/t113sb02?encodeURIComponent=1&firstin=true&id=&colorchg=&TYPEK=all&step=11&co_id=E0084&MONYR_REG=202310&BOND_ID=F10720&KIND=A
20260905,F16202,P23SHB1,Shinhan Bank,20231026,20281026,5,USD,500000000,0,0,Not Applicable,Not Applicable,CACIB TaipeiCitibank Taiwan Ltd.HSBC Bank(Taiwan)LtdKGI SecuritiesPresident SecuritiesSinoPac SecuritiesTaishin InternatonalYuanta Securities Co,SinoPac Securities,XS2696788285,https://mopsov.twse.com.tw/mops/web/t113sb02?encodeURIComponent=1&firstin=true&id=&colorchg=&TYPEK=all&step=11&co_id=E0132&MONYR_REG=202310&BOND_ID=F16202&KIND=A
20260905,F05453,P23NATIX9,Natixis,20231121,20281121,5,USD,145000000,6.710,0,Not Applicable,Not Applicable,Capital SecuritiesChinatrust BankE.SUN BankKGI SecuritiesMega BankSinoPac SecuritiesYuanta Securities Co,SinoPac Securities,XS2568877034,https://mopsov.twse.com.tw/mops/web/t113sb02?encodeURIComponent=1&firstin=true&id=&colorchg=&TYPEK=all&step=11&co_id=E0037&MONYR_REG=202311&BOND_ID=F05453&KIND=A
20260905,F01020,P23KEXIM1,The Export-Import Bank of Korea,20231121,20281121,5,USD,500000000,0,0,Not Applicable,Not Applicable,CACIB TaipeiCathay United BankFubon SeuritiesKGI SecuritiesMega BankPresident SecuritiesSinoPac SecuritiesStandard CharteredTaishin InternatonalYuanta Securities Co,Yuanta Securities Co,XS2716680744,https://mopsov.twse.com.tw/mops/web/t113sb02?encodeURIComponent=1&firstin=true&id=&colorchg=&TYPEK=all&step=11&co_id=E0003&MONYR_REG=202311&BOND_ID=F01020&KIND=A
20260905,F06805,P23KEC2,Korea Expressway Corporation,20231128,20281128,5,USD,200000000,5.320,0,Not Applicable,Not Applicable,BANK SINOPACBNP PARIBAS TAIWANCathay United BankMega BankPresident SecuritiesSinoPac SecuritiesTaishin InternatonalYuanta Securities Co,SinoPac Securities,XS2722164790,https://mopsov.twse.com.tw/mops/web/t113sb02?encodeURIComponent=1&firstin=true&id=&colorchg=&TYPEK=all&step=11&co_id=E0049&MONYR_REG=202311&BOND_ID=F06805&KIND=A
20260905,F03243,P24BACR1,Barclays Bank PLC,20240104,20290104,5,USD,17000000,0,0,Not Applicable,Not Applicable,Barclays Securities E.SUN BankSinoPac Securities,E.SUN Bank,XS2674302687,https://mopsov.twse.com.tw/mops/web/t113sb02?encodeURIComponent=1&firstin=true&id=&colorchg=&TYPEK=all&step=11&co_id=E0019&MONYR_REG=202401&BOND_ID=F03243&KIND=A
20260905,F14248,P24CGMHI1,Citigroup Global Markets Holdings Inc.,20240123,20290123,5,USD,35000000,6.345,0,Not Applicable,Not Applicable,Shanghai BankTaishin InternatonalYuanta Securities Co,Yuanta Securities Co,XS2709374032,https://mopsov.twse.com.tw/mops/web/t113sb02?encodeURIComponent=1&firstin=true&id=&colorchg=&TYPEK=all&step=11&co_id=E0115&MONYR_REG=202401&BOND_ID=F14248&KIND=A
20260905,F02283,P24SG1,Societe Generale,20240124,20290124,5,USD,45000000,6.460,0,Applicable,4.000 x 0.000,Cathay United BankE.SUN BankSG Securities TaipeiTaishin Internatonal,E.SUN Bank,XS2746132542,https://mopsov.twse.com.tw/mops/web/t113sb02?encodeURIComponent=1&firstin=true&id=&colorchg=&TYPEK=all&step=11&co_id=E0010&MONYR_REG=202401&BOND_ID=F02283&KIND=A
20260905,F11316,P24FAB1,First Abu Dhabi Bank,20240129,20290129,5,USD,700000000,0,0,Not Applicable,Not Applicable,Cathay United BankKGI SecuritiesMega BankPresident SecuritiesSinoPac SecuritiesStandard CharteredTaishin InternatonalYuanta Securities Co,SinoPac Securities,XS2750475894,https://mopsov.twse.com.tw/mops/web/t113sb02?encodeURIComponent=1&firstin=true&id=&colorchg=&TYPEK=all&step=11&co_id=E0090&MONYR_REG=202401&BOND_ID=F11316&KIND=A
20260905,F14249,P24CGMHI2,Citigroup Global Markets Holdings Inc.,20240131,20290131,5,USD,65000000,6.320,0,Not Applicable,Not Applicable,KGI SecuritiesSinoPac Securities,SinoPac Securities,XS2709283662,https://mopsov.twse.com.tw/mops/web/t113sb02?encodeURIComponent=1&firstin=true&id=&colorchg=&TYPEK=all&step=11&co_id=E0115&MONYR_REG=202401&BOND_ID=F14249&KIND=A
20260905,F13417,P24ENBD1,Emirates NBD Bank PJSC,20240131,20290131,5,USD,600000000,0,0,Not Applicable,Not Applicable,BANK SINOPACKGI SecuritiesMega BankPresident SecuritiesSG Securities TaipeiSinoPac SecuritiesStandard CharteredYuanta Securities Co,KGI Securities,XS2754455769,https://mopsov.twse.com.tw/mops/web/t113sb02?encodeURIComponent=1&firstin=true&id=&colorchg=&TYPEK=all&step=11&co_id=E0108&MONYR_REG=202401&BOND_ID=F13417&KIND=A
20260905,F03244,P24BACR2,Barclays Bank PLC,20240206,20290206,5,USD,100000000,0,0,Applicable,4.000 x 0.000,Barclays Securities E.SUN BankMega BankSinoPac SecuritiesTaishin Internatonal,Taishin Internatonal,XS2700655462,https://mopsov.twse.com.tw/mops/web/t113sb02?encodeURIComponent=1&firstin=true&id=&colorchg=&TYPEK=all&step=11&co_id=E0019&MONYR_REG=202402&BOND_ID=F03244&KIND=A
20260905,F16607,P24ADCBU1,Abu Dhabi Commercial Bank PJSC,20240206,20290206,5,USD,200000000,0,0,Not Applicable,Not Applicable,CACIB TaipeiKGI SecuritiesMega BankPresident SecuritiesSinoPac SecuritiesYuanta Securities Co,SinoPac Securities,XS2757010173,https://mopsov.twse.com.tw/mops/web/t113sb02?encodeURIComponent=1&firstin=true&id=&colorchg=&TYPEK=all&step=11&co_id=E0136&MONYR_REG=202402&BOND_ID=F16607&KIND=A
20260905,F00817,P22DB5,Deutsche Bank Aktiengesellschaft,20220310,20290310,7,USD,30000000,2.970,0,Applicable,1.000 x 1.000,DeutscheBankAGTPE,DeutscheBankAGTPE,XS2451404284,https://mopsov.twse.com.tw/mops/web/t113sb02?encodeURIComponent=1&firstin=true&id=&colorchg=&TYPEK=all&step=11&co_id=E0001&MONYR_REG=202203&BOND_ID=F00817&KIND=A
20260905,F19602,P26MRAS1,Mirae Asset Securities Co. Ltd.,20260311,20290311,3,USD,300000000,4.250,0,Not Applicable,Not Applicable,Credit Agricole BankE.SUN BankHSBC Bank(Taiwan)LtdKGI SecuritiesSinoPac SecuritiesYuanta Securities Co,KGI Securities,XS3299373996,https://mopsov.twse.com.tw/mops/web/t113sb02?encodeURIComponent=1&firstin=true&id=&colorchg=&TYPEK=all&step=11&co_id=E0162&MONYR_REG=202603&BOND_ID=F19602&KIND=A
20260905,F17602,P24SHC1,Shinhan Card Co.Ltd.,20240312,20290312,5,USD,300000000,5.500,0,Not Applicable,Not Applicable,BANK SINOPACCathay United BankChinatrust BankCitibank Taiwan Ltd.Fubon SeuritiesHSBC Bank(Taiwan)LtdKGI SecuritiesPresident SecuritiesSG Securities TaipeiSinoPac SecuritiesYuanta Securities Co,Yuanta Securities Co,XS2775400703,https://mopsov.twse.com.tw/mops/web/t113sb02?encodeURIComponent=1&firstin=true&id=&colorchg=&TYPEK=all&step=11&co_id=E0144&MONYR_REG=202403&BOND_ID=F17602&KIND=A
20260905,F10323,P24QNBF1,QNB Finance Ltd,20240402,20290402,5,USD,1000000000,0,0,Not Applicable,Not Applicable,BANK SINOPACCathay United BankChinatrust BankHSBC Bank(Taiwan)LtdKGI SecuritiesPresident SecuritiesSinoPac SecuritiesStandard CharteredTaipei Fubon BankTaishin InternatonalYuanta Securities Co,SinoPac Securities,XS2793223475,https://mopsov.twse.com.tw/mops/web/t113sb02?encodeURIComponent=1&firstin=true&id=&colorchg=&TYPEK=all&step=11&co_id=E0080&MONYR_REG=202404&BOND_ID=F10323&KIND=A
20260905,F15326,P24GSFCI1,Goldman Sachs Finance Corp International Ltd,20240606,20290606,5,USD,25000000,0,0,Not Applicable,Not Applicable,SinoPac Securities,SinoPac Securities,XS2688684294,https://mopsov.twse.com.tw/mops/web/t113sb02?encodeURIComponent=1&firstin=true&id=&colorchg=&TYPEK=all&step=11&co_id=E0124&MONYR_REG=202406&BOND_ID=F15326&KIND=A
20260905,F02262,P21SG7,Societe Generale,20210616,20290616,8,CNY,1100000000,3.550,0,Applicable,7.000 x 0.000,SG Securities TaipeiYuanta Securities Co,Yuanta Securities Co,FR0014003VT4,https://mopsov.twse.com.tw/mops/web/t113sb02?encodeURIComponent=1&firstin=true&id=&colorchg=&TYPEK=all&step=11&co_id=E0010&MONYR_REG=202106&BOND_ID=F02262&KIND=A
20260905,F02659,P24CACIB3,CREDIT AGRICOLE CORPORATE AND INVESTMENT BANK,20240626,20290626,5,CNY,198000000,3.350,0,Not Applicable,Not Applicable,KGI Securities,KGI Securities,XS2559727230,https://mopsov.twse.com.tw/mops/web/t113sb02?encodeURIComponent=1&firstin=true&id=&colorchg=&TYPEK=all&step=11&co_id=E0014&MONYR_REG=202406&BOND_ID=F02659&KIND=A
20260905,F00914,P19BNP2,BNP PARIBAS,20190627,20290627,10,CNY,430000000,4.410,0,Not Applicable,Not Applicable,BNP PARIBAS TAIWANYuanta Securities Co,BNP PARIBAS TAIWAN,FR0013426764,https://mopsov.twse.com.tw/mops/web/t113sb02?encodeURIComponent=1&firstin=true&id=&colorchg=&TYPEK=all&step=11&co_id=E0002&MONYR_REG=201906&BOND_ID=F00914&KIND=A
20260905,F19301,P24SNB1,SNB Funding Limited,20240711,20290711,5,USD,500000000,6.540,0,Not Applicable,Not Applicable,Bank of TaiwanCACIB TaipeiCathay United BankKGI SecuritiesMega BankPresident SecuritiesSinoPac SecuritiesStandard CharteredTaipei Fubon BankTaishin InternatonalYuanta Securities Co,SinoPac Securities,XS2853489271,https://mopsov.twse.com.tw/mops/web/t113sb02?encodeURIComponent=1&firstin=true&id=&colorchg=&TYPEK=all&step=11&co_id=E0159&MONYR_REG=202407&BOND_ID=F19301&KIND=A
20260905,F12205,P24NAB1,National Australia Bank Limited (ABN 12 004 044 937),20240712,20290712,5,USD,500000000,0,0,Not Applicable,Not Applicable,CACIB TaipeiHSBC Bank(Taiwan)LtdMega BankSinoPac SecuritiesTaipei Fubon BankTaishin InternatonalYuanta Securities Co,SinoPac Securities,XS2856781963,https://mopsov.twse.com.tw/mops/web/t113sb02?encodeURIComponent=1&firstin=true&id=&colorchg=&TYPEK=all&step=11&co_id=E0099&MONYR_REG=202407&BOND_ID=F12205&KIND=A
20260905,F10719,P22BMO2,Bank of Montreal,20220714,20290714,7,USD,45000000,5.150,0,Applicable,1.000 x 1.000,Yuanta Securities Co,Yuanta Securities Co,XS2496189262,https://mopsov.twse.com.tw/mops/web/t113sb02?encodeURIComponent=1&firstin=true&id=&colorchg=&TYPEK=all&step=11&co_id=E0084&MONYR_REG=202207&BOND_ID=F10719&KIND=A
20260905,F11317,P24FAB2,First Abu Dhabi Bank,20240722,20290722,5,USD,800000000,0,0,Not Applicable,Not Applicable,BANK SINOPACCACIB TaipeiCathay United BankChinatrust BankKGI SecuritiesMega BankPresident SecuritiesShanghai BankSinoPac SecuritiesStandard CharteredTaipei Fubon BankTaishin InternatonalYuanta Securities Co,SinoPac Securities,XS2861722531,https://mopsov.twse.com.tw/mops/web/t113sb02?encodeURIComponent=1&firstin=true&id=&colorchg=&TYPEK=all&step=11&co_id=E0090&MONYR_REG=202407&BOND_ID=F11317&KIND=A
20260905,F19102,P24KOBC1,Korea Ocean Business Corporation,20240724,20290724,5,USD,400000000,0,0,Not Applicable,Not Applicable,CACIB TaipeiCathay United BankKGI SecuritiesMega BankPresident SecuritiesSG Securities TaipeiShanghai BankSinoPac SecuritiesStandard CharteredTaishin InternatonalYuanta Securities Co,SinoPac Securities,XS2857880301,https://mopsov.twse.com.tw/mops/web/t113sb02?encodeURIComponent=1&firstin=true&id=&colorchg=&TYPEK=all&step=11&co_id=E0157&MONYR_REG=202407&BOND_ID=F19102&KIND=A
20260905,F15323,P22GSFCI10,Goldman Sachs Finance Corp International Ltd,20220824,20290824,7,USD,30000000,4.4771,0,Applicable,6.500 x 0.000,E.SUN Bank,E.SUN Bank,XS2481075294,https://mopsov.twse.com.tw/mops/web/t113sb02?encodeURIComponent=1&firstin=true&id=&colorchg=&TYPEK=all&step=11&co_id=E0124&MONYR_REG=202208&BOND_ID=F15323&KIND=A
20260905,F10006,P24ABN1,ABN AMRO Bank N.V.,20240924,20290924,5,USD,300000000,0,0,Not Applicable,Not Applicable,Cathay United BankChinatrust BankE.SUN BankHSBC Bank(Taiwan)LtdKGI SecuritiesMega BankPresident SecuritiesShanghai BankSinoPac SecuritiesStandard CharteredTaipei Fubon BankYuanta Securities Co,SinoPac Securities,XS2901891445,https://mopsov.twse.com.tw/mops/web/t113sb02?encodeURIComponent=1&firstin=true&id=&colorchg=&TYPEK=all&step=11&co_id=E0076&MONYR_REG=202409&BOND_ID=F10006&KIND=A
20260905,F18921,P24MLBV9,Merrill Lynch B.V.,20240926,20290926,5,USD,30000000,0,0,Not Applicable,Not Applicable,E.SUN BankSunny Bank Ltd.Yuanta Securities Co,E.SUN Bank,XS2814745027,https://mopsov.twse.com.tw/mops/web/t113sb02?encodeURIComponent=1&firstin=true&id=&colorchg=&TYPEK=all&step=11&co_id=E0156&MONYR_REG=202409&BOND_ID=F18921&KIND=A
20260905,F10324,P24QNBF2,QNB Finance Ltd,20241008,20291008,5,USD,300000000,0,0,Not Applicable,Not Applicable,ANZ Banking Group TPCathay United BankKGI SecuritiesMega BankPresident SecuritiesSinoPac SecuritiesStandard CharteredTaipei Fubon BankYuanta Securities Cosell the bond itself,SinoPac Securities,XS2868196481,https://mopsov.twse.com.tw/mops/web/t113sb02?encodeURIComponent=1&firstin=true&id=&colorchg=&TYPEK=all&step=11&co_id=E0080&MONYR_REG=202410&BOND_ID=F10324&KIND=A
20260905,F16203,P24SHB1,Shinhan Bank,20241022,20291022,5,USD,400000000,0,0,Not Applicable,Not Applicable,BNP PARIBAS TAIWANCathay United BankCredit Agricole BankKGI SecuritiesMega BankPresident SecuritiesSG Securities TaipeiSinoPac SecuritiesTaipei Fubon BankTaishin InternatonalYuanta Securities Co,SinoPac Securities,XS2901898291,https://mopsov.twse.com.tw/mops/web/t113sb02?encodeURIComponent=1&firstin=true&id=&colorchg=&TYPEK=all&step=11&co_id=E0132&MONYR_REG=202410&BOND_ID=F16203&KIND=A
20260905,F05457,P24NATIX4,Natixis,20241023,20291023,5,USD,167000000,0,0,Not Applicable,Not Applicable,Chinatrust BankE.SUN BankKGI SecuritiesMega BankNatixis TaipeiSinoPac SecuritiesSunny Bank Ltd.Taishin Internatonal,SinoPac Securities,XS2841431088,https://mopsov.twse.com.tw/mops/web/t113sb02?encodeURIComponent=1&firstin=true&id=&colorchg=&TYPEK=all&step=11&co_id=E0037&MONYR_REG=202410&BOND_ID=F05457&KIND=A
20260905,F19501,P24KHFC1,Korea Housing Finance Corporation,20241105,20291105,5,USD,300000000,0,0,Not Applicable,Not Applicable,Cathay United BankChinatrust BankKGI SecuritiesNatixis TaipeiPresident SecuritiesSG Securities TaipeiShanghai BankSinoPac SecuritiesStandard CharteredTaipei Fubon BankTaishin InternatonalYuanta Securities Co,SinoPac Securities,XS2911742489,https://mopsov.twse.com.tw/mops/web/t113sb02?encodeURIComponent=1&firstin=true&id=&colorchg=&TYPEK=all&step=11&co_id=E0161&MONYR_REG=202411&BOND_ID=F19501&KIND=A
20260905,F17603,P26SHC1,Shinhan Card Co.Ltd.,20260624,20291224,3.5,USD,400000000,0,0,Not Applicable,Not Applicable,Cathay United BankCredit Agricole BankE.SUN BankKGI SecuritiesPresident SecuritiesSinoPac SecuritiesStandard CharteredTaishin InternatonalYuanta Securities Co,SinoPac Securities,XS3405406896,https://mopsov.twse.com.tw/mops/web/t113sb02?encodeURIComponent=1&firstin=true&id=&colorchg=&TYPEK=all&step=11&co_id=E0144&MONYR_REG=202606&BOND_ID=F17603&KIND=A
20260905,F05901,P15HKT1,HKT Capital No. 1 Limited,20150115,20300115,15,USD,300000000,0,4.6,Applicable,5.000 x 5.000,DeutscheBankAGTPE,Not Applicatible,XS1164774082,https://mopsov.twse.com.tw/mops/web/t113sb02?encodeURIComponent=1&firstin=true&id=&colorchg=&TYPEK=all&step=11&co_id=E0041&MONYR_REG=201501&BOND_ID=F05901&KIND=A
20260905,F09304,P25EDF1,Electricite de France,20250121,20300120,5,USD,500000000,5.470,0,Not Applicable,Not Applicable,Chinatrust BankCredit Agricole BankE.SUN BankFubon SeuritiesHSBC Bank(Taiwan)LtdKGI SecuritiesNatixis TaipeiPresident SecuritiesShanghai BankSinoPac SecuritiesStandard CharteredTaishin Internatonal,SinoPac Securities,FR001400WIO7,https://mopsov.twse.com.tw/mops/web/t113sb02?encodeURIComponent=1&firstin=true&id=&colorchg=&TYPEK=all&step=11&co_id=E0070&MONYR_REG=202501&BOND_ID=F09304&KIND=A
20260905,F13418,P25ENBD1,Emirates NBD Bank PJSC,20250122,20300122,5,USD,750000000,5.370,0,Not Applicable,Not Applicable,ANZ Banking Group TPBANK SINOPACChinatrust BankKGI SecuritiesMega BankPresident SecuritiesSinoPac SecuritiesStandard CharteredTaishin InternatonalYuanta Securities Co,SinoPac Securities,XS2976518972,https://mopsov.twse.com.tw/mops/web/t113sb02?encodeURIComponent=1&firstin=true&id=&colorchg=&TYPEK=all&step=11&co_id=E0108&MONYR_REG=202501&BOND_ID=F13418&KIND=A
20260905,F11318,P25FAB1,First Abu Dhabi Bank,20250122,20300122,5,USD,750000000,0,0,Not Applicable,Not Applicable,BANK SINOPACCathay United BankE.SUN BankHSBC Bank(Taiwan)LtdKGI SecuritiesMega BankPresident SecuritiesSinoPac SecuritiesStandard CharteredTaipei Fubon BankYuanta Securities Co,SinoPac Securities,XS2979644536,https://mopsov.twse.com.tw/mops/web/t113sb02?encodeURIComponent=1&firstin=true&id=&colorchg=&TYPEK=all&step=11&co_id=E0090&MONYR_REG=202501&BOND_ID=F11318&KIND=A
20260905,F16608,P25ADCBU1,Abu Dhabi Commercial Bank PJSC,20250226,20300226,5,USD,600000000,5.390,0,Not Applicable,Not Applicable,E.SUN BankHSBC Bank(Taiwan)LtdKGI SecuritiesMega BankPresident SecuritiesShanghai BankSinoPac SecuritiesStandard CharteredTaipei Fubon BankYuanta Securities Co,SinoPac Securities,XS3003311902,https://mopsov.twse.com.tw/mops/web/t113sb02?encodeURIComponent=1&firstin=true&id=&colorchg=&TYPEK=all&step=11&co_id=E0136&MONYR_REG=202502&BOND_ID=F16608&KIND=A
20260905,F10722,P25BMO1,Bank of Montreal,20250226,20300226,5,USD,90000000,0,0,Not Applicable,Not Applicable,Mega BankSinoPac Securities,SinoPac Securities,XS3002291154,https://mopsov.twse.com.tw/mops/web/t113sb02?encodeURIComponent=1&firstin=true&id=&colorchg=&TYPEK=all&step=11&co_id=E0084&MONYR_REG=202502&BOND_ID=F10722&KIND=A
20260905,F10325,P25QNBF1,QNB Finance Ltd,20250304,20300304,5,USD,700000000,0,0,Not Applicable,Not Applicable,Cathay United BankChinatrust BankE.SUN BankHSBC Bank(Taiwan)LtdKGI SecuritiesMega BankPresident SecuritiesSinoPac SecuritiesStandard CharteredTaipei Fubon BankYuanta Securities Co,SinoPac Securities,XS3009472476,https://mopsov.twse.com.tw/mops/web/t113sb02?encodeURIComponent=1&firstin=true&id=&colorchg=&TYPEK=all&step=11&co_id=E0080&MONYR_REG=202503&BOND_ID=F10325&KIND=A
20260905,F14216,P20CGMHI7,Citigroup Global Markets Holdings Inc.,20200312,20300312,10,USD,30000000,0,2.66,Applicable,1.000 x 1.000,E.SUN Bank,E.SUN Bank,XS2106711026,https://mopsov.twse.com.tw/mops/web/t113sb02?encodeURIComponent=1&firstin=true&id=&colorchg=&TYPEK=all&step=11&co_id=E0115&MONYR_REG=202003&BOND_ID=F14216&KIND=A
20260905,F19302,P25SNB1,SNB Funding Limited,20250317,20300317,5,USD,750000000,5.530,0,Not Applicable,Not Applicable,Credit Agricole BankE.SUN BankHSBC Bank(Taiwan)LtdKGI SecuritiesPresident SecuritiesSinoPac SecuritiesTaipei Fubon BankTaishin InternatonalYuanta Securities Co,SinoPac Securities,XS3019019416,https://mopsov.twse.com.tw/mops/web/t113sb02?encodeURIComponent=1&firstin=true&id=&colorchg=&TYPEK=all&step=11&co_id=E0159&MONYR_REG=202503&BOND_ID=F19302&KIND=A
20260905,F01018,P20KEXIM1,The Export-Import Bank of Korea,20200319,20300319,10,ZAR,600000000,8.200,0,Not Applicable,Not Applicable,Chinatrust BankSG Securities TaipeiTaipei Fubon Bank,Chinatrust Bank,XS2134490791,https://mopsov.twse.com.tw/mops/web/t113sb02?encodeURIComponent=1&firstin=true&id=&colorchg=&TYPEK=all&step=11&co_id=E0003&MONYR_REG=202003&BOND_ID=F01018&KIND=A
20260905,F14219,P20CGMHI10,Citigroup Global Markets Holdings Inc.,20200325,20300325,10,ZAR,375000000,0,8.95,Applicable,1.000 x 1.000,E.SUN Bank,E.SUN Bank,XS2106708402,https://mopsov.twse.com.tw/mops/web/t113sb02?encodeURIComponent=1&firstin=true&id=&colorchg=&TYPEK=all&step=11&co_id=E0115&MONYR_REG=202003&BOND_ID=F14219&KIND=A
20260905,F11205,P25APICO1,Arab Petroleum Investments Corporation,20250327,20300327,5,USD,300000000,0,0,Not Applicable,Not Applicable,BNP PARIBAS TAIWANKGI SecuritiesMega BankPresident SecuritiesSinoPac Securities,KGI Securities,XS3032033204,https://mopsov.twse.com.tw/mops/web/t113sb02?encodeURIComponent=1&firstin=true&id=&colorchg=&TYPEK=all&step=11&co_id=E0089&MONYR_REG=202503&BOND_ID=F11205&KIND=A
20260905,F05832,P25RBCLB2,Royal Bank of Canada London Branch,20250428,20300428,5,USD,60000000,0,0,Not Applicable,Not Applicable,E.SUN BankKGI SecuritiesSinoPac Securities,SinoPac Securities,XS2993422042,https://mopsov.twse.com.tw/mops/web/t113sb02?encodeURIComponent=1&firstin=true&id=&colorchg=&TYPEK=all&step=11&co_id=E0040&MONYR_REG=202504&BOND_ID=F05832&KIND=A
20260905,F18926,P25MLBV4,Merrill Lynch B.V.,20250506,20300506,5,USD,46000000,5.360,0,Not Applicable,Not Applicable,E.SUN BankKGI Securities,E.SUN Bank,XS2938568263,https://mopsov.twse.com.tw/mops/web/t113sb02?encodeURIComponent=1&firstin=true&id=&colorchg=&TYPEK=all&step=11&co_id=E0156&MONYR_REG=202505&BOND_ID=F18926&KIND=A
20260905,F05833,P25RBCLB3,Royal Bank of Canada London Branch,20250513,20300513,5,USD,175000000,0,0,Not Applicable,Not Applicable,E.SUN BankKGI SecuritiesSinoPac Securities,SinoPac Securities,XS2993432603,https://mopsov.twse.com.tw/mops/web/t113sb02?encodeURIComponent=1&firstin=true&id=&colorchg=&TYPEK=all&step=11&co_id=E0040&MONYR_REG=202505&BOND_ID=F05833&KIND=A
20260905,F10724,P25BMO3,Bank of Montreal,20250515,20300515,5,USD,175000000,0,0,Not Applicable,Not Applicable,BANK SINOPACCATHAY SECURITIES COE.SUN BankMega BankSinoPac SecuritiesYuanta Securities Co,Yuanta Securities Co,XS3058772396,https://mopsov.twse.com.tw/mops/web/t113sb02?encodeURIComponent=1&firstin=true&id=&colorchg=&TYPEK=all&step=11&co_id=E0084&MONYR_REG=202505&BOND_ID=F10724&KIND=A
20260905,F19901,P25ARB1,Al Rajhi Sukuk Limited,20250519,20300519,5,USD,500000000,4.865,0,Not Applicable,Not Applicable,President SecuritiesSinoPac SecuritiesStandard Chartered,SinoPac Securities,XS3038530229,https://mopsov.twse.com.tw/mops/web/t113sb02?encodeURIComponent=1&firstin=true&id=&colorchg=&TYPEK=all&step=11&co_id=E0164&MONYR_REG=202505&BOND_ID=F19901&KIND=A
20260905,F08101,P15PCCW1,PCCW Capital No.5 Limited,20150520,20300520,15,USD,100000000,0,5,Applicable,5.000 x 5.000,Bank of TaiwanPresident Securities,Not Applicatible,XS1233551727,https://mopsov.twse.com.tw/mops/web/t113sb02?encodeURIComponent=1&firstin=true&id=&colorchg=&TYPEK=all&step=11&co_id=E0058&MONYR_REG=201505&BOND_ID=F08101&KIND=A
20260905,F11319,P25FAB2,First Abu Dhabi Bank,20250527,20300527,5,USD,750000000,0,0,Not Applicable,Not Applicable,BANK SINOPACBank of TaiwanCathay United BankChinatrust BankKGI SecuritiesPresident SecuritiesShanghai BankSinoPac SecuritiesStandard CharteredYuanta Securities Co,SinoPac Securities,XS3077379223,https://mopsov.twse.com.tw/mops/web/t113sb02?encodeURIComponent=1&firstin=true&id=&colorchg=&TYPEK=all&step=11&co_id=E0090&MONYR_REG=202505&BOND_ID=F11319&KIND=A
20260905,F02662,P25CACIB2,CREDIT AGRICOLE CORPORATE AND INVESTMENT BANK,20250527,20300527,5,USD,100000000,0,0,Not Applicable,Not Applicable,CACIB TaipeiE.SUN BankKGI SecuritiesMega BankSinoPac SecuritiesSunny Bank Ltd.,KGI Securities,XS1996627599,https://mopsov.twse.com.tw/mops/web/t113sb02?encodeURIComponent=1&firstin=true&id=&colorchg=&TYPEK=all&step=11&co_id=E0014&MONYR_REG=202505&BOND_ID=F02662&KIND=A
20260905,F19502,P25KHFC1,Korea Housing Finance Corporation,20250528,20300528,5,USD,400000000,0,0,Not Applicable,Not Applicable,Cathay United BankChinatrust BankCredit Agricole BankKGI SecuritiesMega BankPresident SecuritiesSG TaipeiSinoPac SecuritiesStandard CharteredTaishin InternatonalYuanta Securities Co,SinoPac Securities,XS3059440928,https://mopsov.twse.com.tw/mops/web/t113sb02?encodeURIComponent=1&firstin=true&id=&colorchg=&TYPEK=all&step=11&co_id=E0161&MONYR_REG=202505&BOND_ID=F19502&KIND=A
20260905,F19203,P25WFF1,Wells Fargo Finance LLC,20250528,20300528,5,USD,157000000,0,0,Not Applicable,Not Applicable,E.SUN BankKGI SecuritiesYuanta Securities Co,Yuanta Securities Co,XS3074446827,https://mopsov.twse.com.tw/mops/web/t113sb02?encodeURIComponent=1&firstin=true&id=&colorchg=&TYPEK=all&step=11&co_id=E0158&MONYR_REG=202505&BOND_ID=F19203&KIND=A
20260905,F16609,P25ADCBU2,Abu Dhabi Commercial Bank PJSC,20250610,20300610,5,USD,600000000,5.390,0,Not Applicable,Not Applicable,Cathay United BankHSBC SecuritiesKGI SecuritiesMega BankPresident SecuritiesSinoPac SecuritiesStandard CharteredTaishin InternatonalYuanta Securities Co,SinoPac Securities,XS3086362756,https://mopsov.twse.com.tw/mops/web/t113sb02?encodeURIComponent=1&firstin=true&id=&colorchg=&TYPEK=all&step=11&co_id=E0136&MONYR_REG=202506&BOND_ID=F16609&KIND=A
20260905,F14221,P20CGMHI12,Citigroup Global Markets Holdings Inc.,20200611,20300611,10,USD,50000000,2.550,0,Applicable,2.000 x 1.000,E.SUN BankTaishin Internatonal,Taishin Internatonal,XS2162989698,https://mopsov.twse.com.tw/mops/web/t113sb02?encodeURIComponent=1&firstin=true&id=&colorchg=&TYPEK=all&step=11&co_id=E0115&MONYR_REG=202006&BOND_ID=F14221&KIND=A
20260905,F03007,P15BOCT1D,中國銀行股份有限公司臺北分行,20150630,20300630,15,CNY,500000000,4.400,0,Not Applicable,Not Applicable,Bank of TaiwanChinatrust BankKGI SecuritiesMasterLinkMega Bank,Not Applicatible,TW000F030077,https://mopsov.twse.com.tw/mops/web/t113sb02?encodeURIComponent=1&firstin=true&id=&colorchg=&TYPEK=all&step=11&co_id=E0017&MONYR_REG=201506&BOND_ID=F03007&KIND=A
20260905,F02632,P20CACIB5,CREDIT AGRICOLE CORPORATE AND INVESTMENT BANK,20200710,20300710,10,USD,25000000,1.930,0,Applicable,1.000 x 1.000,E.SUN BankTaishin Internatonal,Taishin Internatonal,XS1996640774,https://mopsov.twse.com.tw/mops/web/t113sb02?encodeURIComponent=1&firstin=true&id=&colorchg=&TYPEK=all&step=11&co_id=E0014&MONYR_REG=202007&BOND_ID=F02632&KIND=A
20260905,F20001,P25CBQ1,CBQ Finance Limited,20250716,20300716,5,USD,300000000,0,0,Not Applicable,Not Applicable,DBS BANK(Taiwan)LtdKGI SecuritiesPresident SecuritiesSinoPac SecuritiesStandard CharteredYuanta Securities Co,SinoPac Securities,XS3098955761,https://mopsov.twse.com.tw/mops/web/t113sb02?encodeURIComponent=1&firstin=true&id=&colorchg=&TYPEK=all&step=11&co_id=E0165&MONYR_REG=202507&BOND_ID=F20001&KIND=A
20260905,F20101,P25KHNP1,Korea Hydro &amp; Nuclear Power Co. Ltd.,20250730,20300730,5,USD,500000000,0,0,Not Applicable,Not Applicable,Cathay United BankCitibank Taiwan Ltd.Credit Agricole BankJPMorgan SecuritiesKGI SecuritiesMega BankPresident SecuritiesShanghai BankSinoPac SecuritiesStandard CharteredTaishin InternatonalYuanta Securities Co,SinoPac Securities,XS3113268307,https://mopsov.twse.com.tw/mops/web/t113sb02?encodeURIComponent=1&firstin=true&id=&colorchg=&TYPEK=all&step=11&co_id=E0166&MONYR_REG=202507&BOND_ID=F20101&KIND=A
20260905,F10725,P25BMO4,Bank of Montreal,20250814,20300814,5,USD,115000000,0,0,Not Applicable,Not Applicable,E.SUN BankKGI SecuritiesMega Bank,KGI Securities,XS3138719086,https://mopsov.twse.com.tw/mops/web/t113sb02?encodeURIComponent=1&firstin=true&id=&colorchg=&TYPEK=all&step=11&co_id=E0084&MONYR_REG=202508&BOND_ID=F10725&KIND=A
20260905,F20301,P25BFCM1,Banque Federative Du Credit Mutuel,20251008,20301008,5,USD,300000000,0,0,Not Applicable,Not Applicable,BANK SINOPACBNP PARIBAS TAIWANCathay United BankChinatrust BankE.SUN BankKGI SecuritiesMega BankPresident SecuritiesSinoPac SecuritiesYuanta Securities Co,BANK SINOPAC,FR0014012SZ8,https://mopsov.twse.com.tw/mops/web/t113sb02?encodeURIComponent=1&firstin=true&id=&colorchg=&TYPEK=all&step=11&co_id=E0167&MONYR_REG=202510&BOND_ID=F20301&KIND=A
20260905,F14223,P20CGMHI14,Citigroup Global Markets Holdings Inc.,20201015,20301015,10,USD,40000000,1.830,0,Applicable,1.000 x 1.000,E.SUN BankFirst BankTaishin Internatonal,Taishin Internatonal,XS2162968346,https://mopsov.twse.com.tw/mops/web/t113sb02?encodeURIComponent=1&firstin=true&id=&colorchg=&TYPEK=all&step=11&co_id=E0115&MONYR_REG=202010&BOND_ID=F14223&KIND=A
20260905,F19103,P25KOBC1,Korea Ocean Business Corporation,20251118,20301118,5,USD,300000000,4.860,0,Not Applicable,Not Applicable,BNP PARIBAS TAIWANCathay United BankChinatrust BankCredit Agricole BankKGI SecuritiesMega BankNatixis TaipeiPresident SecuritiesSinoPac SecuritiesYuanta Securities Co,SinoPac Securities,XS3220609047,https://mopsov.twse.com.tw/mops/web/t113sb02?encodeURIComponent=1&firstin=true&id=&colorchg=&TYPEK=all&step=11&co_id=E0157&MONYR_REG=202511&BOND_ID=F19103&KIND=A
20260905,F15309,P21GSFCI6,Goldman Sachs Finance Corp International Ltd,20210702,20310102,9.5,USD,75000000,2.420,0,Applicable,1.000 x 0.500,Capital SecuritiesChinatrust BankE.SUN BankTaishin Internatonal,E.SUN Bank,XS2042706270,https://mopsov.twse.com.tw/mops/web/t113sb02?encodeURIComponent=1&firstin=true&id=&colorchg=&TYPEK=all&step=11&co_id=E0124&MONYR_REG=202107&BOND_ID=F15309&KIND=A
20260905,F02256,P21SG1,Societe Generale,20210119,20310119,10,USD,64000000,1.700,0,Applicable,2.000 x 1.000,E.SUN BankFirst BankSG Securities TaipeiYuanta Securities Co,E.SUN Bank,XS2235968273,https://mopsov.twse.com.tw/mops/web/t113sb02?encodeURIComponent=1&firstin=true&id=&colorchg=&TYPEK=all&step=11&co_id=E0010&MONYR_REG=202101&BOND_ID=F02256&KIND=A
20260905,F02635,P21CACIB1,CREDIT AGRICOLE CORPORATE AND INVESTMENT BANK,20210125,20310125,10,USD,93000000,1.700,0,Applicable,1.000 x 1.000,Bank of TaiwanCACIB TaipeiE.SUN BankFirst Bank,E.SUN Bank,XS2185413569,https://mopsov.twse.com.tw/mops/web/t113sb02?encodeURIComponent=1&firstin=true&id=&colorchg=&TYPEK=all&step=11&co_id=E0014&MONYR_REG=202101&BOND_ID=F02635&KIND=A
20260905,F14224,P21CGMHI1,Citigroup Global Markets Holdings Inc.,20210127,20310127,10,USD,82000000,1.800,0,Applicable,2.000 x 1.000,Bank of TaiwanChinatrust BankE.SUN BankFirst Bank,E.SUN Bank,XS2216793005,https://mopsov.twse.com.tw/mops/web/t113sb02?encodeURIComponent=1&firstin=true&id=&colorchg=&TYPEK=all&step=11&co_id=E0115&MONYR_REG=202101&BOND_ID=F14224&KIND=A
20260905,F14225,P21CGMHI2,Citigroup Global Markets Holdings Inc.,20210127,20310127,10,USD,80000000,1.830,0,Applicable,1.000 x 1.000,Bank of TaiwanChinatrust BankE.SUN Bank,Chinatrust Bank,XS2216788005,https://mopsov.twse.com.tw/mops/web/t113sb02?encodeURIComponent=1&firstin=true&id=&colorchg=&TYPEK=all&step=11&co_id=E0115&MONYR_REG=202101&BOND_ID=F14225&KIND=A
20260905,F04322,P21NIF2,Nomura International Funding Pte. Ltd.,20210128,20310128,10,USD,54000000,2.000,0,Applicable,1.000 x 1.000,E.SUN BankNational SecuritiesSinoPac SecuritiesYuanta Securities Co,SinoPac Securities,XS2217339915,https://mopsov.twse.com.tw/mops/web/t113sb02?encodeURIComponent=1&firstin=true&id=&colorchg=&TYPEK=all&step=11&co_id=E0030&MONYR_REG=202101&BOND_ID=F04322&KIND=A
20260905,F10326,P26QNBF1,QNB Finance Ltd,20260129,20310129,5,USD,750000000,0,0,Not Applicable,Not Applicable,BANK SINOPACCathay United BankChinatrust BankE.SUN BankHSBC Bank(Taiwan)LtdKGI SecuritiesPresident SecuritiesSinoPac SecuritiesStandard CharteredTaishin InternatonalYuanta Securities Co,SinoPac Securities,XS3277074004,https://mopsov.twse.com.tw/mops/web/t113sb02?encodeURIComponent=1&firstin=true&id=&colorchg=&TYPEK=all&step=11&co_id=E0080&MONYR_REG=202601&BOND_ID=F10326&KIND=A
20260905,F05435,P21NATIX2,Natixis,20210208,20310208,10,USD,50000000,1.800,0,Applicable,2.000 x 1.000,Capital SecuritiesE.SUN BankFirst Bank,E.SUN Bank,XS2202990821,https://mopsov.twse.com.tw/mops/web/t113sb02?encodeURIComponent=1&firstin=true&id=&colorchg=&TYPEK=all&step=11&co_id=E0037&MONYR_REG=202102&BOND_ID=F05435&KIND=A
20260905,F14226,P21CGMHI3,Citigroup Global Markets Holdings Inc.,20210208,20310208,10,USD,60000000,1.970,0,Applicable,2.000 x 1.000,Bank of TaiwanE.SUN BankFirst BankYuanta Securities Co,E.SUN Bank,XS2216797840,https://mopsov.twse.com.tw/mops/web/t113sb02?encodeURIComponent=1&firstin=true&id=&colorchg=&TYPEK=all&step=11&co_id=E0115&MONYR_REG=202102&BOND_ID=F14226&KIND=A
20260905,F16610,P26ADCBU1,Abu Dhabi Commercial Bank PJSC,20260211,20310211,5,USD,300000000,0,0,Not Applicable,Not Applicable,ANZ Banking Group TPSinoPac SecuritiesStandard CharteredYuanta Securities Co,SinoPac Securities,XS3286673986,https://mopsov.twse.com.tw/mops/web/t113sb02?encodeURIComponent=1&firstin=true&id=&colorchg=&TYPEK=all&step=11&co_id=E0136&MONYR_REG=202602&BOND_ID=F16610&KIND=A
20260905,F11320,P26FAB1,First Abu Dhabi Bank,20260211,20310211,5,USD,750000000,0,0,Not Applicable,Not Applicable,Cathay United BankCredit Agricole BankE.SUN BankKGI SecuritiesPresident SecuritiesSinoPac SecuritiesStandard CharteredTaishin InternatonalYuanta Securities Co,KGI Securities,XS3289158126,https://mopsov.twse.com.tw/mops/web/t113sb02?encodeURIComponent=1&firstin=true&id=&colorchg=&TYPEK=all&step=11&co_id=E0090&MONYR_REG=202602&BOND_ID=F11320&KIND=A
20260905,F15304,P21GSFCI1,Goldman Sachs Finance Corp International Ltd,20210224,20310224,10,USD,82000000,1.900,0,Applicable,1.000 x 1.000,BANK SINOPACCapital SecuritiesChinatrust BankE.SUN BankTaishin Internatonal,E.SUN Bank,XS1966995463,https://mopsov.twse.com.tw/mops/web/t113sb02?encodeURIComponent=1&firstin=true&id=&colorchg=&TYPEK=all&step=11&co_id=E0124&MONYR_REG=202102&BOND_ID=F15304&KIND=A
20260905,F14229,P21CGMHI6,Citigroup Global Markets Holdings Inc.,20210224,20310224,10,ZAR,660000000,7.700,0,Applicable,1.000 x 1.000,E.SUN BankKGI Bank,KGI Bank,XS2216761655,https://mopsov.twse.com.tw/mops/web/t113sb02?encodeURIComponent=1&firstin=true&id=&colorchg=&TYPEK=all&step=11&co_id=E0115&MONYR_REG=202102&BOND_ID=F14229&KIND=A
20260905,F02638,P21CACIB4,CREDIT AGRICOLE CORPORATE AND INVESTMENT BANK,20210226,20310226,10,USD,58000000,1.760,0,Applicable,1.000 x 1.000,Bank of TaiwanE.SUN BankTaishin Internatonal,Taishin Internatonal,XS2185418105,https://mopsov.twse.com.tw/mops/web/t113sb02?encodeURIComponent=1&firstin=true&id=&colorchg=&TYPEK=all&step=11&co_id=E0014&MONYR_REG=202102&BOND_ID=F02638&KIND=A
20260905,F14231,P21CGMHI8,Citigroup Global Markets Holdings Inc.,20210303,20310303,10,USD,28000000,2.010,0,Applicable,2.000 x 1.000,E.SUN Bank,E.SUN Bank,XS2216769393,https://mopsov.twse.com.tw/mops/web/t113sb02?encodeURIComponent=1&firstin=true&id=&colorchg=&TYPEK=all&step=11&co_id=E0115&MONYR_REG=202103&BOND_ID=F14231&KIND=A
20260905,F18915,P24MLBV3,Merrill Lynch B.V.,20240306,20310306,7,ZAR,300000000,10.030,0,Applicable,3.000 x 1.000,KGI BankTaishin Internatonal,Taishin Internatonal,XS2711527015,https://mopsov.twse.com.tw/mops/web/t113sb02?encodeURIComponent=1&firstin=true&id=&colorchg=&TYPEK=all&step=11&co_id=E0156&MONYR_REG=202403&BOND_ID=F18915&KIND=A
20260905,F19603,P26MRAS2,Mirae Asset Securities Co. Ltd.,20260311,20310311,5,USD,300000000,4.375,0,Not Applicable,Not Applicable,Cathay United BankCredit Agricole BankE.SUN BankHSBC Bank(Taiwan)LtdKGI SecuritiesSinoPac SecuritiesYuanta Securities Co,KGI Securities,XS3299380850,https://mopsov.twse.com.tw/mops/web/t113sb02?encodeURIComponent=1&firstin=true&id=&colorchg=&TYPEK=all&step=11&co_id=E0162&MONYR_REG=202603&BOND_ID=F19603&KIND=A
20260905,F20401,P26NTT1,NTT Finance Corporation,20260311,20310311,5,USD,500000000,0,0,Not Applicable,Not Applicable,BNP PARIBAS TAIWANCathay United BankChinatrust BankCitibank Taiwan Ltd.E.SUN BankJPMorgan SecuritiesKGI SecuritiesPresident SecuritiesSinoPac SecuritiesYuanta Securities Co,SinoPac Securities,XS3294937332,https://mopsov.twse.com.tw/mops/web/t113sb02?encodeURIComponent=1&firstin=true&id=&colorchg=&TYPEK=all&step=11&co_id=E0168&MONYR_REG=202603&BOND_ID=F20401&KIND=A
20260905,F02257,P21SG2,Societe Generale,20210312,20310312,10,USD,40000000,2.060,0,Applicable,1.000 x 1.000,BANK SINOPACE.SUN BankNational SecuritiesSinoPac Securities,SinoPac Securities,XS2277903931,https://mopsov.twse.com.tw/mops/web/t113sb02?encodeURIComponent=1&firstin=true&id=&colorchg=&TYPEK=all&step=11&co_id=E0010&MONYR_REG=202103&BOND_ID=F02257&KIND=A
20260905,F14614,P21JPMCB1,JPMorgan Chase Bank N.A.,20210312,20310312,10,ZAR,800000000,8.050,0,Applicable,1.000 x 1.000,E.SUN BankKGI Bank,KGI Bank,XS1450850638,https://mopsov.twse.com.tw/mops/web/t113sb02?encodeURIComponent=1&firstin=true&id=&colorchg=&TYPEK=all&step=11&co_id=E0118&MONYR_REG=202003&BOND_ID=F14614&KIND=A
20260905,F06107,P24HBEU1,HSBC Bank plc,20240319,20310319,7,USD,65000000,5.700,0,Applicable,3.000 x 1.000,Cathay United BankE.SUN BankHSBC Bank(Taiwan)LtdTaishin Internatonal,Taishin Internatonal,XS2778105739,https://mopsov.twse.com.tw/mops/web/t113sb02?encodeURIComponent=1&firstin=true&id=&colorchg=&TYPEK=all&step=11&co_id=E0043&MONYR_REG=202403&BOND_ID=F06107&KIND=A
20260905,F10004,P16ABN3,ABN AMRO Bank N.V.,20160408,20310408,15,USD,300000000,5.600,0,Not Applicable,Not Applicable,HSBC Bank(Taiwan)LtdStandard Chartered,Not Applicatible,XS1385037558,https://mopsov.twse.com.tw/mops/web/t113sb02?encodeURIComponent=1&firstin=true&id=&colorchg=&TYPEK=all&step=11&co_id=E0076&MONYR_REG=201604&BOND_ID=F10004&KIND=A
20260905,F14232,P21CGMHI9,Citigroup Global Markets Holdings Inc.,20210412,20310412,10,USD,73000000,2.660,0,Applicable,1.000 x 1.000,Chinatrust BankE.SUN Bank,E.SUN Bank,XS2216756572,https://mopsov.twse.com.tw/mops/web/t113sb02?encodeURIComponent=1&firstin=true&id=&colorchg=&TYPEK=all&step=11&co_id=E0115&MONYR_REG=202104&BOND_ID=F14232&KIND=A
20260905,F14233,P21CGMHI10,Citigroup Global Markets Holdings Inc.,20210512,20310512,10,USD,45000000,2.500,0,Applicable,1.000 x 1.000,E.SUN BankTaishin Internatonal,Taishin Internatonal,XS2216745450,https://mopsov.twse.com.tw/mops/web/t113sb02?encodeURIComponent=1&firstin=true&id=&colorchg=&TYPEK=all&step=11&co_id=E0115&MONYR_REG=202105&BOND_ID=F14233&KIND=A
20260905,F14234,P21CGMHI11,Citigroup Global Markets Holdings Inc.,20210524,20310524,10,USD,63000000,2.500,0,Applicable,1.000 x 1.000,E.SUN Bank,E.SUN Bank,XS2216752407,https://mopsov.twse.com.tw/mops/web/t113sb02?encodeURIComponent=1&firstin=true&id=&colorchg=&TYPEK=all&step=11&co_id=E0115&MONYR_REG=202105&BOND_ID=F14234&KIND=A
20260905,F02260,P21SG5,Societe Generale,20210525,20310525,10,USD,125000000,2.360,0,Applicable,1.000 x 1.000,E.SUN BankSG Securities Taipei,E.SUN Bank,XS2314208948,https://mopsov.twse.com.tw/mops/web/t113sb02?encodeURIComponent=1&firstin=true&id=&colorchg=&TYPEK=all&step=11&co_id=E0010&MONYR_REG=202105&BOND_ID=F02260&KIND=A
20260905,F03308,P21UBSLN4,UBS AG London Branch,20210527,20310527,10,CNY,1010000000,3.550,0,Applicable,9.000 x 0.000,E.SUN BankNational SecuritiesSinoPac Securities,SinoPac Securities,XS2331021480,https://mopsov.twse.com.tw/mops/web/t113sb02?encodeURIComponent=1&firstin=true&id=&colorchg=&TYPEK=all&step=11&co_id=E0022&MONYR_REG=202105&BOND_ID=F03308&KIND=A
20260905,F03307,P21UBSLN3,UBS AG London Branch,20210527,20310527,10,AUD,27000000,2.800,0,Applicable,2.000 x 1.000,E.SUN BankNational SecuritiesSinoPac Securities,SinoPac Securities,XS2331025473,https://mopsov.twse.com.tw/mops/web/t113sb02?encodeURIComponent=1&firstin=true&id=&colorchg=&TYPEK=all&step=11&co_id=E0022&MONYR_REG=202105&BOND_ID=F03307&KIND=A
20260905,F14235,P21CGMHI12,Citigroup Global Markets Holdings Inc.,20210608,20310608,10,AUD,45000000,2.750,0,Applicable,1.000 x 1.000,E.SUN BankTaishin Internatonal,E.SUN Bank,XS2307422431,https://mopsov.twse.com.tw/mops/web/t113sb02?encodeURIComponent=1&firstin=true&id=&colorchg=&TYPEK=all&step=11&co_id=E0115&MONYR_REG=202106&BOND_ID=F14235&KIND=A
20260905,F14236,P21CGMHI13,Citigroup Global Markets Holdings Inc.,20210611,20310611,10,AUD,88000000,2.770,0,Applicable,1.000 x 1.000,E.SUN Bank,E.SUN Bank,XS2307423322,https://mopsov.twse.com.tw/mops/web/t113sb02?encodeURIComponent=1&firstin=true&id=&colorchg=&TYPEK=all&step=11&co_id=E0115&MONYR_REG=202106&BOND_ID=F14236&KIND=A
20260905,F07103,P21SCB1,Standard Chartered Bank,20210615,20310615,10,USD,75000000,2.300,0,Applicable,1.000 x 1.000,E.SUN BankStandard CharteredTaishin Internatonal,Standard Chartered,XS2351128330,https://mopsov.twse.com.tw/mops/web/t113sb02?encodeURIComponent=1&firstin=true&id=&colorchg=&TYPEK=all&step=11&co_id=E0051&MONYR_REG=202106&BOND_ID=F07103&KIND=A
20260905,F02642,P21CACIB8,CREDIT AGRICOLE CORPORATE AND INVESTMENT BANK,20210616,20310616,10,USD,95000000,2.300,0,Applicable,1.000 x 1.000,Capital SecuritiesE.SUN Bank,E.SUN Bank,XS2185427783,https://mopsov.twse.com.tw/mops/web/t113sb02?encodeURIComponent=1&firstin=true&id=&colorchg=&TYPEK=all&step=11&co_id=E0014&MONYR_REG=202106&BOND_ID=F02642&KIND=A
20260905,F20601,P26BPCE1,BPCE S.A.,20260616,20310616,5,USD,600000000,0,0,Not Applicable,Not Applicable,Cathay United BankChinatrust BankKGI SecuritiesNatixis TaipeiPresident SecuritiesSinoPac SecuritiesStandard CharteredTaishin InternatonalYuanta Securities Co,SinoPac Securities,FR00140176N2,https://mopsov.twse.com.tw/mops/web/t113sb02?encodeURIComponent=1&firstin=true&id=&colorchg=&TYPEK=all&step=11&co_id=E0170&MONYR_REG=202606&BOND_ID=F20601&KIND=A
20260905,F02285,P26SG1,Societe Generale,20260624,20310624,5,USD,100000000,5.010,0,Not Applicable,Not Applicable,E.SUN BankSinoPac SecuritiesSunny Bank Ltd.,SinoPac Securities,XS3385814911,https://mopsov.twse.com.tw/mops/web/t113sb02?encodeURIComponent=1&firstin=true&id=&colorchg=&TYPEK=all&step=11&co_id=E0010&MONYR_REG=202606&BOND_ID=F02285&KIND=A
20260905,F03245,O26BACR1,Barclays Bank PLC,20260706,20310706,5,USD,139000000,0,0,Not Applicable,Not Applicable,Barclays Bank PLCE.SUN BankKGI SecuritiesMega BankSinoPac SecuritiesSunny Bank Ltd.,KGI Securities,XS3401975266,https://mopsov.twse.com.tw/mops/web/t113sb02?encodeURIComponent=1&firstin=true&id=&colorchg=&TYPEK=all&step=11&co_id=E0019&MONYR_REG=202607&BOND_ID=F03245&KIND=A
20260905,F06706,P26KEBHN1,KEB Hana Bank,20260810,20310810,5,USD,300000000,4.320,0,Not Applicable,Not Applicable,Credit Agricole BankE.SUN BankKGI SecuritiesNatixis TaipeiSinoPac SecuritiesStandard CharteredYuanta Securities Co,SinoPac Securities,XS3452861951,https://mopsov.twse.com.tw/mops/web/t113sb02?encodeURIComponent=1&firstin=true&id=&colorchg=&TYPEK=all&step=11&co_id=E0048&MONYR_REG=202608&BOND_ID=F06706&KIND=A
20260905,F15310,P21GSFCI7,Goldman Sachs Finance Corp International Ltd,20210812,20310812,10,AUD,120000000,2.400,0,Applicable,2.000 x 1.000,E.SUN Bank,E.SUN Bank,XS2094020257,https://mopsov.twse.com.tw/mops/web/t113sb02?encodeURIComponent=1&firstin=true&id=&colorchg=&TYPEK=all&step=11&co_id=E0124&MONYR_REG=202108&BOND_ID=F15310&KIND=A
20260905,F18920,P24MLBV8,Merrill Lynch B.V.,20240905,20310905,7,USD,30000000,0,0,Not Applicable,Not Applicable,E.SUN BankKGI Securities,E.SUN Bank,XS2814754953,https://mopsov.twse.com.tw/mops/web/t113sb02?encodeURIComponent=1&firstin=true&id=&colorchg=&TYPEK=all&step=11&co_id=E0156&MONYR_REG=202409&BOND_ID=F18920&KIND=A
20260905,F15312,P21GSFCI9,Goldman Sachs Finance Corp International Ltd,20210927,20310927,10,USD,40000000,0.9935,0,Not Applicable,Not Applicable,BANK SINOPACE.SUN Bank,E.SUN Bank,XS2093935570,https://mopsov.twse.com.tw/mops/web/t113sb02?encodeURIComponent=1&firstin=true&id=&colorchg=&TYPEK=all&step=11&co_id=E0124&MONYR_REG=202109&BOND_ID=F15312&KIND=A
20260905,F01019,P21KEXIM1,The Export-Import Bank of Korea,20210928,20310928,10,ZAR,715000000,8.050,0,Not Applicable,Not Applicable,Chinatrust BankE.SUN BankSG Securities Taipei,E.SUN Bank,XS2386977354,https://mopsov.twse.com.tw/mops/web/t113sb02?encodeURIComponent=1&firstin=true&id=&colorchg=&TYPEK=all&step=11&co_id=E0003&MONYR_REG=202109&BOND_ID=F01019&KIND=A
20260905,F13749,P21MSF16,Morgan Stanley Finance LLC,20211006,20311006,10,USD,30000000,1.200,0,Not Applicable,Not Applicable,Capital SecuritiesE.SUN Bank,E.SUN Bank,XS2175201933,https://mopsov.twse.com.tw/mops/web/t113sb02?encodeURIComponent=1&firstin=true&id=&colorchg=&TYPEK=all&step=11&co_id=E0111&MONYR_REG=202110&BOND_ID=F13749&KIND=A
20260905,F13752,P21MSF19,Morgan Stanley Finance LLC,20211027,20311027,10,AUD,90000000,1.200,0,Not Applicable,Not Applicable,BANK SINOPACE.SUN Bank,E.SUN Bank,XS2175201347,https://mopsov.twse.com.tw/mops/web/t113sb02?encodeURIComponent=1&firstin=true&id=&colorchg=&TYPEK=all&step=11&co_id=E0111&MONYR_REG=202110&BOND_ID=F13752&KIND=A
20260905,F15313,P21GSFCI10,Goldman Sachs Finance Corp International Ltd,20211116,20311116,10,AUD,80000000,2.950,0,Applicable,2.000 x 1.000,E.SUN Bank,E.SUN Bank,XS2093951429,https://mopsov.twse.com.tw/mops/web/t113sb02?encodeURIComponent=1&firstin=true&id=&colorchg=&TYPEK=all&step=11&co_id=E0124&MONYR_REG=202111&BOND_ID=F15313&KIND=A
20260905,F04323,P21NIF3,Nomura International Funding Pte. Ltd.,20211117,20311117,10,AUD,48000000,3.100,0,Applicable,1.000 x 1.000,E.SUN BankYuanta Securities Co,E.SUN Bank,XS2218185986,https://mopsov.twse.com.tw/mops/web/t113sb02?encodeURIComponent=1&firstin=true&id=&colorchg=&TYPEK=all&step=11&co_id=E0030&MONYR_REG=202111&BOND_ID=F04323&KIND=A
20260905,F05437,P21NATIX4,Natixis,20211126,20311126,10,AUD,112000000,3.000,0,Applicable,1.000 x 0.000,E.SUN BankYuanta Securities Co,E.SUN Bank,XS2316307169,https://mopsov.twse.com.tw/mops/web/t113sb02?encodeURIComponent=1&firstin=true&id=&colorchg=&TYPEK=all&step=11&co_id=E0037&MONYR_REG=202111&BOND_ID=F05437&KIND=A
20260905,F02267,P22SG2,Societe Generale,20220126,20320126,10,USD,95000000,2.650,0,Applicable,2.000 x 1.000,E.SUN BankFirst BankSG Securities Taipei,E.SUN Bank,XS2347739687,https://mopsov.twse.com.tw/mops/web/t113sb02?encodeURIComponent=1&firstin=true&id=&colorchg=&TYPEK=all&step=11&co_id=E0010&MONYR_REG=202201&BOND_ID=F02267&KIND=A
20260905,F07106,P22SCB3,Standard Chartered Bank,20220127,20320127,10,USD,65000000,2.650,0,Applicable,1.000 x 1.000,E.SUN BankStandard Chartered,Standard Chartered,XS2435091066,https://mopsov.twse.com.tw/mops/web/t113sb02?encodeURIComponent=1&firstin=true&id=&colorchg=&TYPEK=all&step=11&co_id=E0051&MONYR_REG=202201&BOND_ID=F07106&KIND=A
20260905,F03315,P22UBSLN2,UBS AG London Branch,20220127,20320127,10,USD,33000000,2.600,0,Applicable,1.000 x 1.000,E.SUN BankTaishin Internatonal,E.SUN Bank,XS2419245050,https://mopsov.twse.com.tw/mops/web/t113sb02?encodeURIComponent=1&firstin=true&id=&colorchg=&TYPEK=all&step=11&co_id=E0022&MONYR_REG=202201&BOND_ID=F03315&KIND=A
20260905,F02647,P22CACIB5,CREDIT AGRICOLE CORPORATE AND INVESTMENT BANK,20220127,20320127,10,USD,75000000,2.620,2.62,Applicable,1.000 x 1.000,E.SUN BankTaishin Internatonal,E.SUN Bank,XS2317949993,https://mopsov.twse.com.tw/mops/web/t113sb02?encodeURIComponent=1&firstin=true&id=&colorchg=&TYPEK=all&step=11&co_id=E0014&MONYR_REG=202201&BOND_ID=F02647&KIND=A
20260905,F03232,P22BACR2,Barclays Bank PLC,20220211,20320211,10,USD,90000000,2.750,0,Applicable,1.000 x 1.000,E.SUN Bank,E.SUN Bank,XS2341912843,https://mopsov.twse.com.tw/mops/web/t113sb02?encodeURIComponent=1&firstin=true&id=&colorchg=&TYPEK=all&step=11&co_id=E0019&MONYR_REG=202202&BOND_ID=F03232&KIND=A
20260905,F14241,P22CGMHI2,Citigroup Global Markets Holdings Inc.,20220215,20320215,10,USD,70000000,2.930,0,Applicable,1.000 x 1.000,KGI BankSinoPac Securities,KGI Bank,XS2410473263,https://mopsov.twse.com.tw/mops/web/t113sb02?encodeURIComponent=1&firstin=true&id=&colorchg=&TYPEK=all&step=11&co_id=E0115&MONYR_REG=202202&BOND_ID=F14241&KIND=A
20260905,F07107,P22SCB4,Standard Chartered Bank,20220216,20320216,10,USD,80000000,2.970,0,Applicable,2.000 x 1.000,Standard CharteredTaishin Internatonal,Standard Chartered,XS2444442292,https://mopsov.twse.com.tw/mops/web/t113sb02?encodeURIComponent=1&firstin=true&id=&colorchg=&TYPEK=all&step=11&co_id=E0051&MONYR_REG=202202&BOND_ID=F07107&KIND=A
20260905,F15314,P22GSFCI1,Goldman Sachs Finance Corp International Ltd,20220218,20320218,10,USD,30000000,3.050,0,Applicable,1.000 x 1.000,E.SUN BankKGI Bank,E.SUN Bank,XS2011049983,https://mopsov.twse.com.tw/mops/web/t113sb02?encodeURIComponent=1&firstin=true&id=&colorchg=&TYPEK=all&step=11&co_id=E0124&MONYR_REG=202202&BOND_ID=F15314&KIND=A
20260905,F03316,P22UBSLN3,UBS AG London Branch,20220218,20320218,10,USD,55000000,0.975,0,Applicable,9.000 x 0.000,BANK SINOPACE.SUN Bank,E.SUN Bank,XS2429042810,https://mopsov.twse.com.tw/mops/web/t113sb02?encodeURIComponent=1&firstin=true&id=&colorchg=&TYPEK=all&step=11&co_id=E0022&MONYR_REG=202202&BOND_ID=F03316&KIND=A
20260905,F14617,P22JPMCB1,JPMorgan Chase Bank N.A.,20220218,20320218,10,AUD,150000000,2.900,0,Applicable,2.000 x 1.000,E.SUN Bank,E.SUN Bank,XS1450778938,https://mopsov.twse.com.tw/mops/web/t113sb02?encodeURIComponent=1&firstin=true&id=&colorchg=&TYPEK=all&step=11&co_id=E0118&MONYR_REG=202202&BOND_ID=F14617&KIND=A
20260905,F08719,P25BBVA1,BBVA Global Markets B.V.,20250303,20320303,7,USD,115000000,5.5512,0,Not Applicable,Not Applicable,E.SUN BankKGI SecuritiesYuanta Securities Co,E.SUN Bank,XS2941098209,https://mopsov.twse.com.tw/mops/web/t113sb02?encodeURIComponent=1&firstin=true&id=&colorchg=&TYPEK=all&step=11&co_id=E0064&MONYR_REG=202503&BOND_ID=F08719&KIND=A
20260905,F03318,P22UBSLN5,UBS AG London Branch,20220303,20320303,10,USD,35000000,3.110,0,Applicable,2.000 x 1.000,E.SUN Bank,E.SUN Bank,XS2428985241,https://mopsov.twse.com.tw/mops/web/t113sb02?encodeURIComponent=1&firstin=true&id=&colorchg=&TYPEK=all&step=11&co_id=E0022&MONYR_REG=202203&BOND_ID=F03318&KIND=A
20260905,F15315,P22GSFCI2,Goldman Sachs Finance Corp International Ltd,20220308,20320308,10,USD,100000000,3.450,0,Applicable,2.000 x 1.000,Cathay United BankE.SUN BankFirst BankKGI BankTaipei Fubon Bank,E.SUN Bank,XS1999656546,https://mopsov.twse.com.tw/mops/web/t113sb02?encodeURIComponent=1&firstin=true&id=&colorchg=&TYPEK=all&step=11&co_id=E0124&MONYR_REG=202203&BOND_ID=F15315&KIND=A
20260905,F18924,P25MLBV2,Merrill Lynch B.V.,20250321,20320321,7,USD,50000000,0,0,Not Applicable,Not Applicable,BANK SINOPACE.SUN BankKGI SecuritiesYuanta Securities Co,E.SUN Bank,XS2938580805,https://mopsov.twse.com.tw/mops/web/t113sb02?encodeURIComponent=1&firstin=true&id=&colorchg=&TYPEK=all&step=11&co_id=E0156&MONYR_REG=202503&BOND_ID=F18924&KIND=A
20260905,F03319,P22UBSLN6,UBS AG London Branch,20220324,20320324,10,USD,11000000,3.200,0,Not Applicable,Not Applicable,E.SUN BankFirst BankNational SecuritiesSinoPac Securities,SinoPac Securities,XS2438509759,https://mopsov.twse.com.tw/mops/web/t113sb02?encodeURIComponent=1&firstin=true&id=&colorchg=&TYPEK=all&step=11&co_id=E0022&MONYR_REG=202203&BOND_ID=F03319&KIND=A
20260905,F03320,P22UBSLN7,UBS AG London Branch,20220328,20320328,10,USD,25000000,3.500,0,Applicable,1.000 x 1.000,E.SUN Bank,E.SUN Bank,XS2438465523,https://mopsov.twse.com.tw/mops/web/t113sb02?encodeURIComponent=1&firstin=true&id=&colorchg=&TYPEK=all&step=11&co_id=E0022&MONYR_REG=202203&BOND_ID=F03320&KIND=A
20260905,F14252,P25CGMHI2,Citigroup Global Markets Holdings Inc.,20250401,20320401,7,USD,55000000,0,0,Not Applicable,Not Applicable,BANK SINOPACKGI SecuritiesYuanta Bank,KGI Securities,XS3012960020,https://mopsov.twse.com.tw/mops/web/t113sb02?encodeURIComponent=1&firstin=true&id=&colorchg=&TYPEK=all&step=11&co_id=E0115&MONYR_REG=202504&BOND_ID=F14252&KIND=A
20260905,F10723,P25BMO2,Bank of Montreal,20250415,20320415,7,USD,80000000,0,0,Not Applicable,Not Applicable,E.SUN Bank,E.SUN Bank,XS3034127434,https://mopsov.twse.com.tw/mops/web/t113sb02?encodeURIComponent=1&firstin=true&id=&colorchg=&TYPEK=all&step=11&co_id=E0084&MONYR_REG=202504&BOND_ID=F10723&KIND=A
20260905,F02271,P22SG6,Societe Generale,20220420,20320420,10,AUD,149000000,4.530,0,Applicable,5.000 x 1.000,Cathay United BankE.SUN BankSG Securities Taipei,E.SUN Bank,XS2347732831,https://mopsov.twse.com.tw/mops/web/t113sb02?encodeURIComponent=1&firstin=true&id=&colorchg=&TYPEK=all&step=11&co_id=E0010&MONYR_REG=202204&BOND_ID=F02271&KIND=A
20260905,F13774,P25MSF3,Morgan Stanley Finance LLC,20250422,20320422,7,USD,60000000,0,0,Not Applicable,Not Applicable,KGI SecuritiesSinoPac Securities,SinoPac Securities,XS2988585506,https://mopsov.twse.com.tw/mops/web/t113sb02?encodeURIComponent=1&firstin=true&id=&colorchg=&TYPEK=all&step=11&co_id=E0111&MONYR_REG=202504&BOND_ID=F13774&KIND=A
20260905,F14242,P22CGMHI3,Citigroup Global Markets Holdings Inc.,20220510,20320510,10,USD,30000000,4.520,0,Applicable,1.000 x 1.000,E.SUN BankKGI Bank,E.SUN Bank,XS2410413871,https://mopsov.twse.com.tw/mops/web/t113sb02?encodeURIComponent=1&firstin=true&id=&colorchg=&TYPEK=all&step=11&co_id=E0115&MONYR_REG=202205&BOND_ID=F14242&KIND=A
20260905,F14618,P22JPMCB2,JPMorgan Chase Bank N.A.,20220511,20320511,10,USD,50000000,4.020,0,Applicable,2.000 x 1.000,E.SUN Bank,E.SUN Bank,XS1450768202,https://mopsov.twse.com.tw/mops/web/t113sb02?encodeURIComponent=1&firstin=true&id=&colorchg=&TYPEK=all&step=11&co_id=E0118&MONYR_REG=202205&BOND_ID=F14618&KIND=A
20260905,F15317,P22GSFCI4,Goldman Sachs Finance Corp International Ltd,20220511,20320511,10,USD,20000000,4.478,0,Applicable,4.000 x 1.000,E.SUN Bank,E.SUN Bank,XS1971488025,https://mopsov.twse.com.tw/mops/web/t113sb02?encodeURIComponent=1&firstin=true&id=&colorchg=&TYPEK=all&step=11&co_id=E0124&MONYR_REG=202205&BOND_ID=F15317&KIND=A
20260905,F07108,P22SCB5,Standard Chartered Bank,20220517,20320517,10,USD,40000000,4.680,0,Applicable,1.000 x 1.000,Cathay United BankE.SUN Bank,E.SUN Bank,XS2478620052,https://mopsov.twse.com.tw/mops/web/t113sb02?encodeURIComponent=1&firstin=true&id=&colorchg=&TYPEK=all&step=11&co_id=E0051&MONYR_REG=202205&BOND_ID=F07108&KIND=A
20260905,F03322,P22UBSLN9,UBS AG London Branch,20220608,20320608,10,AUD,70000000,5.500,0,Not Applicable,Not Applicable,E.SUN Bank,E.SUN Bank,XS2472416127,https://mopsov.twse.com.tw/mops/web/t113sb02?encodeURIComponent=1&firstin=true&id=&colorchg=&TYPEK=all&step=11&co_id=E0022&MONYR_REG=202206&BOND_ID=F03322&KIND=A
20260905,F02272,P22SG7,Societe Generale,20220617,20320617,10,AUD,98000000,5.200,0,Applicable,4.000 x 1.000,Cathay United BankE.SUN Bank,E.SUN Bank,XS2347727831,https://mopsov.twse.com.tw/mops/web/t113sb02?encodeURIComponent=1&firstin=true&id=&colorchg=&TYPEK=all&step=11&co_id=E0010&MONYR_REG=202206&BOND_ID=F02272&KIND=A
20260905,F02650,P22CACIB8,CREDIT AGRICOLE CORPORATE AND INVESTMENT BANK,20220708,20320708,10,USD,55000000,5.400,0,Applicable,1.000 x 1.000,ChinatrustSecuritiesE.SUN Bank,E.SUN Bank,XS2317961774,https://mopsov.twse.com.tw/mops/web/t113sb02?encodeURIComponent=1&firstin=true&id=&colorchg=&TYPEK=all&step=11&co_id=E0014&MONYR_REG=202207&BOND_ID=F02650&KIND=A
20260905,F05443,P22NATIX5,Natixis,20220726,20320726,10,USD,20000000,4.203,0,Not Applicable,Not Applicable,E.SUN Bank,E.SUN Bank,XS2393773192,https://mopsov.twse.com.tw/mops/web/t113sb02?encodeURIComponent=1&firstin=true&id=&colorchg=&TYPEK=all&step=11&co_id=E0037&MONYR_REG=202207&BOND_ID=F05443&KIND=A
20260905,F09932,P22BNS5,The Bank Of Nova Scotia,20220729,20320729,10,USD,20000000,4.126,0,Applicable,3.000 x 1.000,E.SUN Bank,E.SUN Bank,XS2504110490,https://mopsov.twse.com.tw/mops/web/t113sb02?encodeURIComponent=1&firstin=true&id=&colorchg=&TYPEK=all&step=11&co_id=E0075&MONYR_REG=202207&BOND_ID=F09932&KIND=A
20260905,F15322,P22GSFCI9,Goldman Sachs Finance Corp International Ltd,20220816,20320816,10,USD,75000000,5.000,0,Applicable,2.000 x 1.000,Yuanta Securities Co,Yuanta Securities Co,XS1985783395,https://mopsov.twse.com.tw/mops/web/t113sb02?encodeURIComponent=1&firstin=true&id=&colorchg=&TYPEK=all&step=11&co_id=E0124&MONYR_REG=202208&BOND_ID=F15322&KIND=A
20260905,F07109,P22SCB6,Standard Chartered Bank,20220915,20320915,10,USD,40000000,5.150,0,Applicable,3.000 x 1.000,E.SUN BankStandard Chartered,E.SUN Bank,XS2530491203,https://mopsov.twse.com.tw/mops/web/t113sb02?encodeURIComponent=1&firstin=true&id=&colorchg=&TYPEK=all&step=11&co_id=E0051&MONYR_REG=202209&BOND_ID=F07109&KIND=A
20260905,F14244,P22CGMHI5,Citigroup Global Markets Holdings Inc.,20220919,20320919,10,USD,80000000,5.050,0,Applicable,2.000 x 1.000,E.SUN BankNational SecuritiesSinoPac Securities,SinoPac Securities,XS2495914595,https://mopsov.twse.com.tw/mops/web/t113sb02?encodeURIComponent=1&firstin=true&id=&colorchg=&TYPEK=all&step=11&co_id=E0115&MONYR_REG=202209&BOND_ID=F14244&KIND=A
20260905,F03238,P22BACR8,Barclays Bank PLC,20220920,20320920,10,USD,75000000,5.320,0,Applicable,2.000 x 1.000,E.SUN BankNational SecuritiesSinoPac Securities,SinoPac Securities,XS2426257494,https://mopsov.twse.com.tw/mops/web/t113sb02?encodeURIComponent=1&firstin=true&id=&colorchg=&TYPEK=all&step=11&co_id=E0019&MONYR_REG=202209&BOND_ID=F03238&KIND=A
20260905,F18702,P22JPCFC2,JPMorgan Chase Financial Company LLC,20220922,20320922,10,USD,50000000,4.950,0,Applicable,2.000 x 1.000,E.SUN Bank,E.SUN Bank,XS1450711350,https://mopsov.twse.com.tw/mops/web/t113sb02?encodeURIComponent=1&firstin=true&id=&colorchg=&TYPEK=all&step=11&co_id=E0154&MONYR_REG=202209&BOND_ID=F18702&KIND=A
20260905,F19204,P25WFF2,Wells Fargo Finance LLC,20251001,20321001,7,USD,105000000,0,0,Not Applicable,Not Applicable,E.SUN BankKGI SecuritiesYuanta Securities Co,E.SUN Bank,XS3188671518,https://mopsov.twse.com.tw/mops/web/t113sb02?encodeURIComponent=1&firstin=true&id=&colorchg=&TYPEK=all&step=11&co_id=E0158&MONYR_REG=202510&BOND_ID=F19204&KIND=A
20260905,F05825,P22RBCLB5,Royal Bank of Canada London Branch,20221122,20321122,10,USD,20000000,5.711,0,Applicable,4.000 x 1.000,KGI Securities,KGI Securities,XS2546733580,https://mopsov.twse.com.tw/mops/web/t113sb02?encodeURIComponent=1&firstin=true&id=&colorchg=&TYPEK=all&step=11&co_id=E0040&MONYR_REG=202211&BOND_ID=F05825&KIND=A
20260905,F00226,P22CABEI1,Central American Bank for Economic Integration,20221129,20321129,10,USD,250000000,5.229,0,Not Applicable,Not Applicable,Chinatrust BankHSBC Bank(Taiwan)LtdKGI Securities,KGI Securities,XS2557570244,https://mopsov.twse.com.tw/mops/web/t113sb02?encodeURIComponent=1&firstin=true&id=&colorchg=&TYPEK=all&step=11&co_id=E0029&MONYR_REG=202211&BOND_ID=F00226&KIND=A
20260905,F09933,P22BNS6,The Bank of Nova Scotia,20221207,20321207,10,USD,15000000,5.292,0,Applicable,4.000 x 1.000,KGI Securities,KGI Securities,XS2560097490,https://mopsov.twse.com.tw/mops/web/t113sb02?encodeURIComponent=1&firstin=true&id=&colorchg=&TYPEK=all&step=11&co_id=E0075&MONYR_REG=202212&BOND_ID=F09933&KIND=A
20260905,F02274,P22SG9,Societe Generale,20221207,20321207,10,USD,28500000,5.394,0,Applicable,4.000 x 1.000,Cathay United BankE.SUN BankSG Securities Taipei,E.SUN Bank,XS2347719655,https://mopsov.twse.com.tw/mops/web/t113sb02?encodeURIComponent=1&firstin=true&id=&colorchg=&TYPEK=all&step=11&co_id=E0010&MONYR_REG=202211&BOND_ID=F02274&KIND=A
20260905,F02277,P22SG12,Societe Generale,20221222,20321222,10,USD,20000000,5.898,0,Applicable,4.000 x 1.000,KGI Securities,KGI Securities,XS2347719226,https://mopsov.twse.com.tw/mops/web/t113sb02?encodeURIComponent=1&firstin=true&id=&colorchg=&TYPEK=all&step=11&co_id=E0010&MONYR_REG=202212&BOND_ID=F02277&KIND=A
20260905,F03240,P23BACR1,Barclays Bank PLC,20230105,20330105,10,USD,20000000,5.416,0,Applicable,4.000 x 1.000,E.SUN BankNational SecuritiesSinoPac Securities,SinoPac Securities,XS2448816020,https://mopsov.twse.com.tw/mops/web/t113sb02?encodeURIComponent=1&firstin=true&id=&colorchg=&TYPEK=all&step=11&co_id=E0019&MONYR_REG=202301&BOND_ID=F03240&KIND=A
20260905,F07110,P23SCB1,Standard Chartered Bank,20230118,20330118,10,USD,45000000,6.000,0,Applicable,2.000 x 1.000,Shanghai BankStandard CharteredTaipei Fubon Bank,Shanghai Bank,XS2574871641,https://mopsov.twse.com.tw/mops/web/t113sb02?encodeURIComponent=1&firstin=true&id=&colorchg=&TYPEK=all&step=11&co_id=E0051&MONYR_REG=202301&BOND_ID=F07110&KIND=A
20260905,F02278,P23SG1,Societe Generale,20230118,20330118,10,AUD,44000000,6.000,0,Applicable,4.000 x 1.000,SG Securities TaipeiShanghai BankSinoPac Securities,SinoPac Securities,XS2558148933,https://mopsov.twse.com.tw/mops/web/t113sb02?encodeURIComponent=1&firstin=true&id=&colorchg=&TYPEK=all&step=11&co_id=E0010&MONYR_REG=202301&BOND_ID=F02278&KIND=A
20260905,F09934,P23BNS1,The Bank Of Nova Scotia,20230118,20330118,10,USD,30000000,5.793,0,Applicable,4.000 x 1.000,KGI Securities,KGI Securities,XS2575557041,https://mopsov.twse.com.tw/mops/web/t113sb02?encodeURIComponent=1&firstin=true&id=&colorchg=&TYPEK=all&step=11&co_id=E0075&MONYR_REG=202301&BOND_ID=F09934&KIND=A
20260905,F05826,P23RBCLB1,Royal Bank of Canada London Branch,20230118,20330118,10,USD,30000000,5.992,0,Applicable,4.000 x 1.000,KGI Securities,KGI Securities,XS2564030133,https://mopsov.twse.com.tw/mops/web/t113sb02?encodeURIComponent=1&firstin=true&id=&colorchg=&TYPEK=all&step=11&co_id=E0040&MONYR_REG=202301&BOND_ID=F05826&KIND=A
20260905,F19205,P26WFF1,Wells Fargo Finance LLC,20260121,20330121,7,USD,101000000,4.770,0,Not Applicable,Not Applicable,E.SUN BankKGI SecuritiesYuanta Securities Co,E.SUN Bank,XS3268877902,https://mopsov.twse.com.tw/mops/web/t113sb02?encodeURIComponent=1&firstin=true&id=&colorchg=&TYPEK=all&step=11&co_id=E0158&MONYR_REG=202601&BOND_ID=F19205&KIND=A
20260905,F13776,P26MSF2,Morgan Stanley Finance LLC,20260203,20330203,7,USD,78000000,4.490,0,Not Applicable,Not Applicable,KGI SecuritiesSinoPac SecuritiesYuanta Securities Co,SinoPac Securities,XS3270959276,https://mopsov.twse.com.tw/mops/web/t113sb02?encodeURIComponent=1&firstin=true&id=&colorchg=&TYPEK=all&step=11&co_id=E0111&MONYR_REG=202602&BOND_ID=F13776&KIND=A
20260905,F05445,P23NATIX1,Natixis,20230203,20330203,10,AUD,28000000,5.800,0,Applicable,5.000 x 0.000,National SecuritiesSinoPac Securities,SinoPac Securities,XS2426700600,https://mopsov.twse.com.tw/mops/web/t113sb02?encodeURIComponent=1&firstin=true&id=&colorchg=&TYPEK=all&step=11&co_id=E0037&MONYR_REG=202202&BOND_ID=F05445&KIND=A
20260905,F10726,P26BMO1,Bank of Montreal,20260210,20330210,7,USD,75000000,0,0,Not Applicable,Not Applicable,E.SUN BankSinoPac SecuritiesYuanta Securities Co,Yuanta Securities Co,XS3277835487,https://mopsov.twse.com.tw/mops/web/t113sb02?encodeURIComponent=1&firstin=true&id=&colorchg=&TYPEK=all&step=11&co_id=E0084&MONYR_REG=202602&BOND_ID=F10726&KIND=A
20260905,F02279,P23SG2,Societe Generale,20230224,20330224,10,AUD,55000000,5.720,0,Applicable,4.000 x 1.000,Cathay United BankSG Securities TaipeiShanghai Bank,Shanghai Bank,XS2558286733,https://mopsov.twse.com.tw/mops/web/t113sb02?encodeURIComponent=1&firstin=true&id=&colorchg=&TYPEK=all&step=11&co_id=E0010&MONYR_REG=202302&BOND_ID=F02279&KIND=A
20260905,F07111,P23SCB2,Standard Chartered Bank,20230224,20330224,10,AUD,70000000,5.700,0,Applicable,5.000 x 1.000,Cathay United BankShanghai BankStandard Chartered,Shanghai Bank,XS2588137237,https://mopsov.twse.com.tw/mops/web/t113sb02?encodeURIComponent=1&firstin=true&id=&colorchg=&TYPEK=all&step=11&co_id=E0051&MONYR_REG=202302&BOND_ID=F07111&KIND=A
20260905,F05827,P23RBCLB2,Royal Bank of Canada London Branch,20230303,20330303,10,USD,20000000,6.317,0,Applicable,4.000 x 1.000,KGI Securities,KGI Securities,XS2564035447,https://mopsov.twse.com.tw/mops/web/t113sb02?encodeURIComponent=1&firstin=true&id=&colorchg=&TYPEK=all&step=11&co_id=E0040&MONYR_REG=202303&BOND_ID=F05827&KIND=A
20260905,F08422,P23NBC1,National Bank of Canada,20230310,20330310,10,USD,15000000,6.533,0,Applicable,4.000 x 1.000,KGI SecuritiesSG Securities Taipei,KGI Securities,XS2592087857,https://mopsov.twse.com.tw/mops/web/t113sb02?encodeURIComponent=1&firstin=true&id=&colorchg=&TYPEK=all&step=11&co_id=E0061&MONYR_REG=202303&BOND_ID=F08422&KIND=A
20260905,F00821,P26DB2,Deutsche Bank Aktiengesellschaft,20260311,20330311,7,USD,20000000,0,0,Not Applicable,Not Applicable,DeutscheBankAGTPEE.SUN Bank,E.SUN Bank,XS3309595331,https://mopsov.twse.com.tw/mops/web/t113sb02?encodeURIComponent=1&firstin=true&id=&colorchg=&TYPEK=all&step=11&co_id=E0001&MONYR_REG=202603&BOND_ID=F00821&KIND=A
20260905,F18715,P26JPCFC2,JPMorgan Chase Financial Company LLC,20260318,20330318,7,USD,85000000,0,0,Not Applicable,Not Applicable,E.SUN BankFirst BankKGI Securities,KGI Securities,XS1449372793,https://mopsov.twse.com.tw/mops/web/t113sb02?encodeURIComponent=1&firstin=true&id=&colorchg=&TYPEK=all&step=11&co_id=E0154&MONYR_REG=202603&BOND_ID=F18715&KIND=A
20260905,F20501,P26BBVAS1,Banco Bilbao Vizcaya Argentaria S.A.,20260323,20330323,7,USD,165000000,0,0,Not Applicable,Not Applicable,BANK SINOPACE.SUN BankSinoPac Securities,E.SUN Bank,XS3307266521,https://mopsov.twse.com.tw/mops/web/t113sb02?encodeURIComponent=1&firstin=true&id=&colorchg=&TYPEK=all&step=11&co_id=E0169&MONYR_REG=202603&BOND_ID=F20501&KIND=A
20260905,F18901,P23MLBV1,Merrill Lynch B.V.,20230328,20330328,10,USD,35000000,6.402,0,Not Applicable,Not Applicable,E.SUN BankKGI Securities,KGI Securities,XS2601079846,https://mopsov.twse.com.tw/mops/web/t113sb02?encodeURIComponent=1&firstin=true&id=&colorchg=&TYPEK=all&step=11&co_id=E0156&MONYR_REG=202303&BOND_ID=F18901&KIND=A
20260905,F05828,P23RBCLB3,Royal Bank of Canada London Branch,20230420,20330420,10,USD,20000000,5.750,0,Applicable,4.000 x 1.000,KGI Securities,KGI Securities,XS2596495528,https://mopsov.twse.com.tw/mops/web/t113sb02?encodeURIComponent=1&firstin=true&id=&colorchg=&TYPEK=all&step=11&co_id=E0040&MONYR_REG=202304&BOND_ID=F05828&KIND=A
20260905,F17502,P22MDGHA1,MDGH GMTN (RSC) Ltd,20221028,20330428,10.5,USD,1000000000,5.500,0,Applicable,Not a complete month or multiples.Please refer to the prospectus.,HSBC Bank(Taiwan)LtdSG Securities Taipei,SinoPac Securities,XS2546781985,https://mopsov.twse.com.tw/mops/web/t113sb02?encodeURIComponent=1&firstin=true&id=&colorchg=&TYPEK=all&step=11&co_id=E0143&MONYR_REG=202210&BOND_ID=F17502&KIND=A
20260905,F18704,P23JPCFC2,JPMorgan Chase Financial Company LLC,20230508,20330508,10,USD,22000000,5.000,0,Applicable,5.000 x 1.000,JPM Securities TWShanghai BankSinoPac Securities,SinoPac Securities,XS1449820023,https://mopsov.twse.com.tw/mops/web/t113sb02?encodeURIComponent=1&firstin=true&id=&colorchg=&TYPEK=all&step=11&co_id=E0154&MONYR_REG=202304&BOND_ID=F18704&KIND=A
20260905,F09935,P23BNS2,The Bank of Nova Scotia,20230509,20330509,10,USD,15000000,5.470,0,Applicable,4.000 x 1.000,KGI Securities,KGI Securities,XS2615320004,https://mopsov.twse.com.tw/mops/web/t113sb02?encodeURIComponent=1&firstin=true&id=&colorchg=&TYPEK=all&step=11&co_id=E0075&MONYR_REG=202305&BOND_ID=F09935&KIND=A
20260905,F18902,P23MLBV2,Merrill Lynch B.V.,20230511,20330511,10,USD,30000000,5.200,0,Applicable,4.000 x 1.000,KGI SecuritiesShanghai Bank,KGI Securities,XS2586000700,https://mopsov.twse.com.tw/mops/web/t113sb02?encodeURIComponent=1&firstin=true&id=&colorchg=&TYPEK=all&step=11&co_id=E0156&MONYR_REG=202305&BOND_ID=F18902&KIND=A
20260905,F02654,P23CACIB3,CREDIT AGRICOLE CORPORATE AND INVESTMENT BANK,20230511,20330511,10,USD,31000000,5.080,0,Applicable,5.000 x 1.000,CACIB TaipeiKGI SecuritiesShanghai BankYuanta Securities Co,KGI Securities,XS2395319895,https://mopsov.twse.com.tw/mops/web/t113sb02?encodeURIComponent=1&firstin=true&id=&colorchg=&TYPEK=all&step=11&co_id=E0014&MONYR_REG=202305&BOND_ID=F02654&KIND=A
20260905,F13769,P23MSF2,Morgan Stanley Finance LLC,20230523,20330523,10,USD,20000000,5.210,0,Applicable,5.000 x 1.000,Shanghai BankYuanta Securities Co,Yuanta Securities Co,XS2476731729,https://mopsov.twse.com.tw/mops/web/t113sb02?encodeURIComponent=1&firstin=true&id=&colorchg=&TYPEK=all&step=11&co_id=E0111&MONYR_REG=202305&BOND_ID=F13769&KIND=A
20260905,F05447,P23NATIX3,Natixis,20230525,20330525,10,USD,22000000,5.200,0,Applicable,5.000 x 1.000,Shanghai BankTaishin Internatonal,Taishin Internatonal,XS2486883437,https://mopsov.twse.com.tw/mops/web/t113sb02?encodeURIComponent=1&firstin=true&id=&colorchg=&TYPEK=all&step=11&co_id=E0037&MONYR_REG=202305&BOND_ID=F05447&KIND=A
20260905,F14254,P26CGMHI2,Citigroup Global Markets Holdings Inc.,20260528,20330528,7,USD,32000000,0,0,Not Applicable,Not Applicable,BANK SINOPACYuanta Securities Co,Yuanta Securities Co,XS3137433069,https://mopsov.twse.com.tw/mops/web/t113sb02?encodeURIComponent=1&firstin=true&id=&colorchg=&TYPEK=all&step=11&co_id=E0115&MONYR_REG=202605&BOND_ID=F14254&KIND=A
20260905,F00823,P26DB4,Deutsche Bank Aktiengesellschaft,20260601,20330601,7,USD,40000000,0,0,Not Applicable,Not Applicable,DeutscheBankAGTPEE.SUN Bank,DeutscheBankAGTPE,XS3362216502,https://mopsov.twse.com.tw/mops/web/t113sb02?encodeURIComponent=1&firstin=true&id=&colorchg=&TYPEK=all&step=11&co_id=E0001&MONYR_REG=202606&BOND_ID=F00823&KIND=A
20260905,F13777,P26MSF3,Morgan Stanley Finance LLC,20260603,20330603,7,USD,67000000,4.490,0,Not Applicable,Not Applicable,BANK SINOPACSinoPac SecuritiesYuanta Securities Co,SinoPac Securities,XS3270941902,https://mopsov.twse.com.tw/mops/web/t113sb02?encodeURIComponent=1&firstin=true&id=&colorchg=&TYPEK=all&step=11&co_id=E0111&MONYR_REG=202606&BOND_ID=F13777&KIND=A
20260905,F18903,P23MLBV3,Merrill Lynch B.V.,20230606,20330606,10,USD,25000000,6.516,0,Not Applicable,Not Applicable,E.SUN BankFirst Bank,E.SUN Bank,XS2625085365,https://mopsov.twse.com.tw/mops/web/t113sb02?encodeURIComponent=1&firstin=true&id=&colorchg=&TYPEK=all&step=11&co_id=E0156&MONYR_REG=202306&BOND_ID=F18903&KIND=A
20260905,F18717,P26JPCFC4,JPMorgan Chase Financial Company LLC,20260608,20330608,7,USD,50000000,0,0,Not Applicable,Not Applicable,BANK SINOPACE.SUN BankSinoPac Securities,E.SUN Bank,XS1449290805,https://mopsov.twse.com.tw/mops/web/t113sb02?encodeURIComponent=1&firstin=true&id=&colorchg=&TYPEK=all&step=11&co_id=E0154&MONYR_REG=202606&BOND_ID=F18717&KIND=A
20260905,F18905,P23MLBV5,Merrill Lynch B.V.,20230614,20330614,10,USD,40000000,5.300,0,Applicable,5.000 x 1.000,KGI SecuritiesSinoPac Securities,KGI Securities,XS2625084988,https://mopsov.twse.com.tw/mops/web/t113sb02?encodeURIComponent=1&firstin=true&id=&colorchg=&TYPEK=all&step=11&co_id=E0156&MONYR_REG=202306&BOND_ID=F18905&KIND=A
20260905,F18706,P23JPCFC4,JPMorgan Chase Financial Company LLC,20230621,20330621,10,AUD,42000000,5.750,0,Applicable,5.000 x 1.000,JPM Securities TWShanghai BankYuanta Securities Co,Yuanta Securities Co,XS1449803102,https://mopsov.twse.com.tw/mops/web/t113sb02?encodeURIComponent=1&firstin=true&id=&colorchg=&TYPEK=all&step=11&co_id=E0154&MONYR_REG=202306&BOND_ID=F18706&KIND=A
20260905,F19207,P26WFF3,Wells Fargo Finance LLC,20260624,20330624,7,USD,67000000,0,0,Not Applicable,Not Applicable,E.SUN BankSinoPac Securities,E.SUN Bank,XS3412544184,https://mopsov.twse.com.tw/mops/web/t113sb02?encodeURIComponent=1&firstin=true&id=&colorchg=&TYPEK=all&step=11&co_id=E0158&MONYR_REG=202606&BOND_ID=F19207&KIND=A
20260905,F05449,P23NATIX5,Natixis,20230706,20330706,10,USD,20000000,0,0,Not Applicable,Not Applicable,KGI Securities,KGI Securities,XS2518300962,https://mopsov.twse.com.tw/mops/web/t113sb02?encodeURIComponent=1&firstin=true&id=&colorchg=&TYPEK=all&step=11&co_id=E0037&MONYR_REG=202307&BOND_ID=F05449&KIND=A
20260905,F19001,P23CATLI1,國泰人壽保險股份有限公司,20230807,20330807,10,USD,113000000,6.100,0,Not Applicable,Not Applicable,CATHAY SECURITIES COCathay United BankKGI Securities,KGI Securities,TW000F190012,https://mopsov.twse.com.tw/mops/web/t120sg01?encodeURIComponent=1&firstin=true&tg=&pg=&step=0&TYPEK=&monyr_reg=202608&issuer_stock_code=5846&bond_kind=4&bond_yrn=112-2&bond_subn=%24M00000001&bond_id=F19001&come=2
20260905,F18906,P23MLBV6,Merrill Lynch B.V.,20230810,20330810,10,USD,25000000,6.755,0,Not Applicable,Not Applicable,E.SUN BankFirst Bank,E.SUN Bank,XS2625084806,https://mopsov.twse.com.tw/mops/web/t113sb02?encodeURIComponent=1&firstin=true&id=&colorchg=&TYPEK=all&step=11&co_id=E0156&MONYR_REG=202308&BOND_ID=F18906&KIND=A
20260905,F18907,P23MLBV7,Merrill Lynch B.V.,20230821,20330821,10,USD,80000000,5.500,0,Applicable,4.000 x 1.000,Cathay United BankKGI SecuritiesYuanta Securities Co,KGI Securities,XS2625084715,https://mopsov.twse.com.tw/mops/web/t113sb02?encodeURIComponent=1&firstin=true&id=&colorchg=&TYPEK=all&step=11&co_id=E0156&MONYR_REG=202308&BOND_ID=F18907&KIND=A
20260905,F18707,P23JPCFC5,JPMorgan Chase Financial Company LLC,20230830,20330830,10,USD,30000000,5.800,0,Applicable,3.000 x 1.000,KGI Securitiessell the bond itself,KGI Securities,XS1449776530,https://mopsov.twse.com.tw/mops/web/t113sb02?encodeURIComponent=1&firstin=true&id=&colorchg=&TYPEK=all&step=11&co_id=E0154&MONYR_REG=202308&BOND_ID=F18707&KIND=A
20260905,F18909,P23MLBV9,Merrill Lynch B.V.,20230906,20330906,10,USD,50000000,5.800,0,Applicable,4.000 x 1.000,KGI SecuritiesSinoPac Securities,KGI Securities,XS2625085878,https://mopsov.twse.com.tw/mops/web/t113sb02?encodeURIComponent=1&firstin=true&id=&colorchg=&TYPEK=all&step=11&co_id=E0156&MONYR_REG=202309&BOND_ID=F18909&KIND=A
20260905,F18910,P23MLBV10,Merrill Lynch B.V.,20230912,20330912,10,USD,55000000,6.000,0,Applicable,4.000 x 1.000,First BankYuanta Securities Co,Yuanta Securities Co,XS2625084129,https://mopsov.twse.com.tw/mops/web/t113sb02?encodeURIComponent=1&firstin=true&id=&colorchg=&TYPEK=all&step=11&co_id=E0156&MONYR_REG=202309&BOND_ID=F18910&KIND=A
20260905,F18911,P23MLBV11,Merrill Lynch B.V.,20230921,20330921,10,USD,20000000,5.413,0,Applicable,4.000 x 1.000,E.SUN BankFirst Bank,E.SUN Bank,XS2664332041,https://mopsov.twse.com.tw/mops/web/t113sb02?encodeURIComponent=1&firstin=true&id=&colorchg=&TYPEK=all&step=11&co_id=E0156&MONYR_REG=202309&BOND_ID=F18911&KIND=A
20260905,F19002,P23CATLI2,國泰人壽保險股份有限公司,20231004,20331004,10,USD,25000000,6.100,0,Not Applicable,Not Applicable,Cathay United BankKGI SecuritiesYuanta Securities Co,KGI Securities,TW000F190020,https://mopsov.twse.com.tw/mops/web/t120sg01?encodeURIComponent=1&firstin=true&tg=&pg=&step=0&TYPEK=&monyr_reg=202608&issuer_stock_code=5846&bond_kind=4&bond_yrn=112-3&bond_subn=%24M00000001&bond_id=F19002&come=2
20260905,F05450,P23NATIX6,Natixis,20231019,20331019,10,USD,50000000,6.250,0,Applicable,4.000 x 1.000,Yuanta Securities Co,Yuanta Securities Co,XS2568869361,https://mopsov.twse.com.tw/mops/web/t113sb02?encodeURIComponent=1&firstin=true&id=&colorchg=&TYPEK=all&step=11&co_id=E0037&MONYR_REG=202310&BOND_ID=F05450&KIND=A
20260905,F05451,P23NATIX7,Natixis,20231025,20331025,10,USD,50000000,6.350,0,Applicable,4.000 x 1.000,E.SUN Bank,E.SUN Bank,XS2568870880,https://mopsov.twse.com.tw/mops/web/t113sb02?encodeURIComponent=1&firstin=true&id=&colorchg=&TYPEK=all&step=11&co_id=E0037&MONYR_REG=202310&BOND_ID=F05451&KIND=A
20260905,F18912,P23MLBV12,Merrill Lynch B.V.,20231115,20331115,10,USD,20000000,0,0,Applicable,4.000 x 1.000,E.SUN BankFirst Bank,E.SUN Bank,XS2664322752,https://mopsov.twse.com.tw/mops/web/t113sb02?encodeURIComponent=1&firstin=true&id=&colorchg=&TYPEK=all&step=11&co_id=E0156&MONYR_REG=202311&BOND_ID=F18912&KIND=A
20260905,F02282,P23SG5,Societe Generale,20231128,20331128,10,USD,80000000,6.350,0,Applicable,4.000 x 1.000,E.SUN BankSG Securities Taipei,E.SUN Bank,XS2699597543,https://mopsov.twse.com.tw/mops/web/t113sb02?encodeURIComponent=1&firstin=true&id=&colorchg=&TYPEK=all&step=11&co_id=E0010&MONYR_REG=202311&BOND_ID=F02282&KIND=A
20260905,F02657,P24CACIB1,CREDIT AGRICOLE CORPORATE AND INVESTMENT BANK,20240124,20340124,10,USD,140000000,5.400,0,Applicable,3.000 x 1.000,CACIB TaipeiE.SUN BankSinoPac Securities,SinoPac Securities,XS2559702753,https://mopsov.twse.com.tw/mops/web/t113sb02?encodeURIComponent=1&firstin=true&id=&colorchg=&TYPEK=all&step=11&co_id=E0014&MONYR_REG=202401&BOND_ID=F02657&KIND=A
20260905,F18913,P24MLBV1,Merrill Lynch B.V.,20240130,20340130,10,USD,125000000,5.300,0,Applicable,4.000 x 1.000,Bank of TaiwanE.SUN BankFirst BankKGI SecuritiesYuanta Securities Co,E.SUN Bank,XS2711528682,https://mopsov.twse.com.tw/mops/web/t113sb02?encodeURIComponent=1&firstin=true&id=&colorchg=&TYPEK=all&step=11&co_id=E0156&MONYR_REG=202401&BOND_ID=F18913&KIND=A
20260905,F18914,P24MLBV2,Merrill Lynch B.V.,20240131,20340131,10,USD,25000000,0,0,Applicable,4.000 x 1.000,E.SUN BankFirst Bank,E.SUN Bank,XS2711527957,https://mopsov.twse.com.tw/mops/web/t113sb02?encodeURIComponent=1&firstin=true&id=&colorchg=&TYPEK=all&step=11&co_id=E0156&MONYR_REG=202401&BOND_ID=F18914&KIND=A
20260905,F19201,P24WFF1,Wells Fargo Finance LLC,20240131,20340131,10,USD,138000000,5.470,0,Applicable,4.000 x 1.000,E.SUN BankKGI SecuritiesYuanta Securities Co,Yuanta Securities Co,XS2754070469,https://mopsov.twse.com.tw/mops/web/t113sb02?encodeURIComponent=1&firstin=true&id=&colorchg=&TYPEK=all&step=11&co_id=E0158&MONYR_REG=202401&BOND_ID=F19201&KIND=A
20260905,F07112,P24SCB1,Standard Chartered Bank,20240205,20340205,10,USD,20000000,5.800,0,Applicable,2.000 x 1.000,E.SUN BankStandard Chartered,E.SUN Bank,XS2758889666,https://mopsov.twse.com.tw/mops/web/t113sb02?encodeURIComponent=1&firstin=true&id=&colorchg=&TYPEK=all&step=11&co_id=E0051&MONYR_REG=202402&BOND_ID=F07112&KIND=A
20260905,F05454,P24NATIX1,Natixis,20240205,20340205,10,USD,105000000,5.550,0,Applicable,4.000 x 1.000,E.SUN BankKGI SecuritiesYuanta Securities Co,KGI Securities,XS2662255558,https://mopsov.twse.com.tw/mops/web/t113sb02?encodeURIComponent=1&firstin=true&id=&colorchg=&TYPEK=all&step=11&co_id=E0037&MONYR_REG=202402&BOND_ID=F05454&KIND=A
20260905,F05455,P24NATIX2,Natixis,20240223,20340223,10,USD,36000000,5.250,0,Applicable,4.000 x 1.000,E.SUN BankShanghai Bank,E.SUN Bank,XS2697326010,https://mopsov.twse.com.tw/mops/web/t113sb02?encodeURIComponent=1&firstin=true&id=&colorchg=&TYPEK=all&step=11&co_id=E0037&MONYR_REG=202402&BOND_ID=F05455&KIND=A
20260905,F19202,P24WFF2,Wells Fargo Finance LLC,20240306,20340306,10,USD,100000000,5.540,0,Applicable,4.000 x 1.000,E.SUN BankYuanta Securities Co,E.SUN Bank,XS2774936244,https://mopsov.twse.com.tw/mops/web/t113sb02?encodeURIComponent=1&firstin=true&id=&colorchg=&TYPEK=all&step=11&co_id=E0158&MONYR_REG=202403&BOND_ID=F19202&KIND=A
20260905,F18916,P24MLBV4,Merrill Lynch B.V.,20240307,20340307,10,USD,85000000,5.600,0,Applicable,3.000 x 1.000,First BankKGI SecuritiesYuanta Securities Co,KGI Securities,XS2711518022,https://mopsov.twse.com.tw/mops/web/t113sb02?encodeURIComponent=1&firstin=true&id=&colorchg=&TYPEK=all&step=11&co_id=E0156&MONYR_REG=202403&BOND_ID=F18916&KIND=A
20260905,F02284,P24SG2,Societe Generale,20240308,20340308,10,USD,50000000,5.780,0,Applicable,3.000 x 1.000,SG Securities TaipeiSinoPac Securities,SinoPac Securities,XS2746344998,https://mopsov.twse.com.tw/mops/web/t113sb02?encodeURIComponent=1&firstin=true&id=&colorchg=&TYPEK=all&step=11&co_id=E0010&MONYR_REG=202403&BOND_ID=F02284&KIND=A
20260905,F10721,P24BMO1,Bank of Montreal,20240314,20340314,10,USD,80000000,5.440,0,Applicable,5.000 x 1.000,E.SUN BankKGI Securities,KGI Securities,XS2774435973,https://mopsov.twse.com.tw/mops/web/t113sb02?encodeURIComponent=1&firstin=true&id=&colorchg=&TYPEK=all&step=11&co_id=E0084&MONYR_REG=202403&BOND_ID=F10721&KIND=A
20260905,F07113,P24SCB2,Standard Chartered Bank,20240315,20340315,10,USD,40000000,5.750,0,Applicable,3.000 x 1.000,E.SUN BankStandard Chartered,E.SUN Bank,XS2780493701,https://mopsov.twse.com.tw/mops/web/t113sb02?encodeURIComponent=1&firstin=true&id=&colorchg=&TYPEK=all&step=11&co_id=E0051&MONYR_REG=202403&BOND_ID=F07113&KIND=A
20260905,F14621,P24JPMCB2,JPMorgan Chase Bank N.A.,20240321,20340321,10,USD,30000000,5.500,0,Applicable,3.000 x 1.000,E.SUN BankJPM Securities TWKGI Securities,E.SUN Bank,XS1449676151,https://mopsov.twse.com.tw/mops/web/t113sb02?encodeURIComponent=1&firstin=true&id=&colorchg=&TYPEK=all&step=11&co_id=E0118&MONYR_REG=202403&BOND_ID=F14621&KIND=A
20260905,F05830,P24RBCLB1,Royal Bank of Canada London Branch,20240328,20340328,10,USD,40000000,5.310,0,Applicable,8.000 x 1.000,E.SUN BankKGI Securities,KGI Securities,XS2729277157,https://mopsov.twse.com.tw/mops/web/t113sb02?encodeURIComponent=1&firstin=true&id=&colorchg=&TYPEK=all&step=11&co_id=E0040&MONYR_REG=202403&BOND_ID=F05830&KIND=A
20260905,F02658,P24CACIB2,CREDIT AGRICOLE CORPORATE AND INVESTMENT BANK,20240402,20340402,10,USD,70000000,5.630,0,Applicable,3.000 x 1.000,CACIB TaipeiE.SUN Bank,E.SUN Bank,XS2559714170,https://mopsov.twse.com.tw/mops/web/t113sb02?encodeURIComponent=1&firstin=true&id=&colorchg=&TYPEK=all&step=11&co_id=E0014&MONYR_REG=202404&BOND_ID=F02658&KIND=A
20260905,F06607,P24MBL1,Macquarie Bank Limited,20240411,20340411,10,USD,40000000,5.720,0,Applicable,3.000 x 1.000,SinoPac Securities,SinoPac Securities,XS2794488556,https://mopsov.twse.com.tw/mops/web/t113sb02?encodeURIComponent=1&firstin=true&id=&colorchg=&TYPEK=all&step=11&co_id=E0047&MONYR_REG=202404&BOND_ID=F06607&KIND=A
20260905,F03521,P24UBSLN1,UBS AG London Branch,20240415,20340415,10,USD,30000000,5.600,0,Applicable,1.000 x 1.000,E.SUN Bank,E.SUN Bank,XS2522427595,https://mopsov.twse.com.tw/mops/web/t113sb02?encodeURIComponent=1&firstin=true&id=&colorchg=&TYPEK=all&step=11&co_id=E0022&MONYR_REG=202404&BOND_ID=F03521&KIND=A
20260905,F00819,P24DB1,Deutsche Bank Aktiengesellschaft,20240424,20340424,10,USD,40000000,5.800,0,Applicable,4.000 x 1.000,DeutscheBankAGTPEFirst Bank,DeutscheBankAGTPE,XS0461615212,https://mopsov.twse.com.tw/mops/web/t113sb02?encodeURIComponent=1&firstin=true&id=&colorchg=&TYPEK=all&step=11&co_id=E0001&MONYR_REG=202404&BOND_ID=F00819&KIND=A
20260905,F13770,P24MSF1,Morgan Stanley Finance LLC,20240425,20340425,10,USD,95000000,5.930,0,Applicable,3.000 x 1.000,KGI SecuritiesYuanta Securities Co,Yuanta Securities Co,XS2641753723,https://mopsov.twse.com.tw/mops/web/t113sb02?encodeURIComponent=1&firstin=true&id=&colorchg=&TYPEK=all&step=11&co_id=E0111&MONYR_REG=202404&BOND_ID=F13770&KIND=A
20260905,F06108,P24HBEU2,HSBC Bank plc,20240430,20340430,10,USD,130000000,5.730,0,Applicable,3.000 x 1.000,E.SUN BankHSBC Bank(Taiwan)LtdKGI Securities,E.SUN Bank,XS2793223558,https://mopsov.twse.com.tw/mops/web/t113sb02?encodeURIComponent=1&firstin=true&id=&colorchg=&TYPEK=all&step=11&co_id=E0043&MONYR_REG=202404&BOND_ID=F06108&KIND=A
20260905,F14250,P24CGMHI3,Citigroup Global Markets Holdings Inc.,20240507,20340507,10,USD,50000000,6.000,0,Applicable,3.000 x 1.000,Sunny Bank Ltd.Yuanta Securities Co,Yuanta Securities Co,XS2782864446,https://mopsov.twse.com.tw/mops/web/t113sb02?encodeURIComponent=1&firstin=true&id=&colorchg=&TYPEK=all&step=11&co_id=E0115&MONYR_REG=202404&BOND_ID=F14250&KIND=A
20260905,F18918,P24MLBV6,Merrill Lynch B.V.,20240507,20340507,10,USD,25000000,0,0,Not Applicable,Not Applicable,E.SUN BankKGI Securities,E.SUN Bank,XS2769681656,https://mopsov.twse.com.tw/mops/web/t113sb02?encodeURIComponent=1&firstin=true&id=&colorchg=&TYPEK=all&step=11&co_id=E0156&MONYR_REG=202405&BOND_ID=F18918&KIND=A
20260905,F19003,P24CATLI1,國泰人壽保險股份有限公司,20240509,20340509,10,USD,187000000,5.800,0,Not Applicable,Not Applicable,Cathay United BankChinatrust BankKGI Securities,KGI Securities,TW000F190038,https://mopsov.twse.com.tw/mops/web/t120sg01?encodeURIComponent=1&firstin=true&tg=&pg=&step=0&TYPEK=&monyr_reg=202608&issuer_stock_code=5846&bond_kind=4&bond_yrn=113-2&bond_subn=%24M00000001&bond_id=F19003&come=2
20260905,F18919,P24MLBV7,Merrill Lynch B.V.,20240528,20340528,10,USD,20000000,0,0,Applicable,4.000 x 1.000,E.SUN BankFirst Bank,E.SUN Bank,XS2769677035,https://mopsov.twse.com.tw/mops/web/t113sb02?encodeURIComponent=1&firstin=true&id=&colorchg=&TYPEK=all&step=11&co_id=E0156&MONYR_REG=202405&BOND_ID=F18919&KIND=A
20260905,F17504,P24MDGHA1,MDGH GMTN (RSC) Ltd,20240604,20340604,10,USD,750000000,5.294,0,Applicable,Not a complete month or multiples.Please refer to the prospectus.,BNP PARIBAS TAIWANHSBC Bank(Taiwan)LtdMorgan StanleySG Securities Taipei,BNP PARIBAS TAIWAN,XS2830445727,https://mopsov.twse.com.tw/mops/web/t113sb02?encodeURIComponent=1&firstin=true&id=&colorchg=&TYPEK=all&step=11&co_id=E0143&MONYR_REG=202406&BOND_ID=F17504&KIND=A
20260905,F03522,P24UBSLN2,UBS AG London Branch,20240620,20340620,10,USD,30000000,5.750,0,Applicable,2.000 x 1.000,E.SUN Bank,E.SUN Bank,XS2522375349,https://mopsov.twse.com.tw/mops/web/t113sb02?encodeURIComponent=1&firstin=true&id=&colorchg=&TYPEK=all&step=11&co_id=E0022&MONYR_REG=202406&BOND_ID=F03522&KIND=A
20260905,F05456,P24NATIX3,Natixis,20240627,20340627,10,USD,60000000,5.850,0,Applicable,3.000 x 1.000,E.SUN BankKGI SecuritiesSunny Bank Ltd.,KGI Securities,XS2783337103,https://mopsov.twse.com.tw/mops/web/t113sb02?encodeURIComponent=1&firstin=true&id=&colorchg=&TYPEK=all&step=11&co_id=E0037&MONYR_REG=202406&BOND_ID=F05456&KIND=A
20260905,F18922,P24MLBV10,Merrill Lynch B.V.,20241101,20341101,10,USD,32000000,5.200,0,Applicable,2.000 x 1.000,E.SUN BankSunny Bank Ltd.,E.SUN Bank,XS2814750027,https://mopsov.twse.com.tw/mops/web/t113sb02?encodeURIComponent=1&firstin=true&id=&colorchg=&TYPEK=all&step=11&co_id=E0156&MONYR_REG=202411&BOND_ID=F18922&KIND=A
20260905,F18711,P24JPCFC1,JPMorgan Chase Financial Company LLC,20241108,20341108,10,USD,20000000,5.250,0,Applicable,2.000 x 1.000,E.SUN BankSunny Bank Ltd.,E.SUN Bank,XS1449608238,https://mopsov.twse.com.tw/mops/web/t113sb02?encodeURIComponent=1&firstin=true&id=&colorchg=&TYPEK=all&step=11&co_id=E0154&MONYR_REG=202411&BOND_ID=F18711&KIND=A
20260905,F13771,P24MSF2,Morgan Stanley Finance LLC,20241129,20341129,10,AUD,24000000,5.850,0,Applicable,4.000 x 1.000,KGI BankYuanta Securities Co,Yuanta Securities Co,XS2919176235,https://mopsov.twse.com.tw/mops/web/t113sb02?encodeURIComponent=1&firstin=true&id=&colorchg=&TYPEK=all&step=11&co_id=E0111&MONYR_REG=202411&BOND_ID=F13771&KIND=A
20260905,F18712,P24JPCFC2,JPMorgan Chase Financial Company LLC,20241204,20341204,10,USD,30000000,5.400,0,Applicable,3.000 x 1.000,E.SUN BankSunny Bank Ltd.,E.SUN Bank,XS1449599148,https://mopsov.twse.com.tw/mops/web/t113sb02?encodeURIComponent=1&firstin=true&id=&colorchg=&TYPEK=all&step=11&co_id=E0154&MONYR_REG=202412&BOND_ID=F18712&KIND=A
20260905,F13772,P25MSF1,Morgan Stanley Finance LLC,20250116,20350116,10,USD,60000000,5.600,0,Applicable,3.000 x 1.000,E.SUN BankKGI SecuritiesSinoPac SecuritiesYuanta Securities Co,E.SUN Bank,XS2958265683,https://mopsov.twse.com.tw/mops/web/t113sb02?encodeURIComponent=1&firstin=true&id=&colorchg=&TYPEK=all&step=11&co_id=E0111&MONYR_REG=202501&BOND_ID=F13772&KIND=A
20260905,F13773,P25MSF2,Morgan Stanley Finance LLC,20250117,20350117,10,USD,100000000,5.600,0,Applicable,5.000 x 1.000,Morgan StanleySinoPac Securities,SinoPac Securities,XS2958261690,https://mopsov.twse.com.tw/mops/web/t113sb02?encodeURIComponent=1&firstin=true&id=&colorchg=&TYPEK=all&step=11&co_id=E0111&MONYR_REG=202501&BOND_ID=F13773&KIND=A
20260905,F07114,P25SCB1,Standard Chartered Bank,20250122,20350122,10,USD,20000000,5.550,0,Applicable,4.000 x 1.000,E.SUN BankStandard Chartered,E.SUN Bank,XS2978506959,https://mopsov.twse.com.tw/mops/web/t113sb02?encodeURIComponent=1&firstin=true&id=&colorchg=&TYPEK=all&step=11&co_id=E0051&MONYR_REG=202501&BOND_ID=F07114&KIND=A
20260905,F05831,P25RBCLB1,Royal Bank of Canada London Branch,20250122,20350122,10,USD,70000000,5.560,0,Applicable,2.000 x 1.000,E.SUN BankYuanta Securities Co,Yuanta Securities Co,XS2946086134,https://mopsov.twse.com.tw/mops/web/t113sb02?encodeURIComponent=1&firstin=true&id=&colorchg=&TYPEK=all&step=11&co_id=E0040&MONYR_REG=202501&BOND_ID=F05831&KIND=A
20260905,F18923,P25MLBV1,Merrill Lynch B.V.,20250213,20350213,10,USD,40000000,5.700,0,Applicable,3.000 x 1.000,E.SUN BankFirst BankKGI SecuritiesSunny Bank Ltd.,E.SUN Bank,XS2814742271,https://mopsov.twse.com.tw/mops/web/t113sb02?encodeURIComponent=1&firstin=true&id=&colorchg=&TYPEK=all&step=11&co_id=E0156&MONYR_REG=202502&BOND_ID=F18923&KIND=A
20260905,F14623,P25JPMCB1,JPMorgan Chase Bank N.A.,20250225,20350225,10,USD,40000000,5.600,0,Applicable,3.000 x 1.000,E.SUN BankJPMorgan SecuritiesSunny Bank Ltd.,E.SUN Bank,XS1449564191,https://mopsov.twse.com.tw/mops/web/t113sb02?encodeURIComponent=1&firstin=true&id=&colorchg=&TYPEK=all&step=11&co_id=E0118&MONYR_REG=202502&BOND_ID=F14623&KIND=A
20260905,F02661,P25CACIB1,CREDIT AGRICOLE CORPORATE AND INVESTMENT BANK,20250226,20350226,10,USD,40000000,5.600,0,Applicable,3.000 x 1.000,Chinatrust BankE.SUN BankSunny Bank Ltd.,E.SUN Bank,XS1334474407,https://mopsov.twse.com.tw/mops/web/t113sb02?encodeURIComponent=1&firstin=true&id=&colorchg=&TYPEK=all&step=11&co_id=E0014&MONYR_REG=202502&BOND_ID=F02661&KIND=A
20260905,F14251,P25CGMHI1,Citigroup Global Markets Holdings Inc.,20250227,20350227,10,USD,25000000,5.820,0,Applicable,3.000 x 1.000,SinoPac SecuritiesSunny Bank Ltd.,SinoPac Securities,XS2982214897,https://mopsov.twse.com.tw/mops/web/t113sb02?encodeURIComponent=1&firstin=true&id=&colorchg=&TYPEK=all&step=11&co_id=E0115&MONYR_REG=202502&BOND_ID=F14251&KIND=A
20260905,F18925,P25MLBV3,Merrill Lynch B.V.,20250327,20350327,10,USD,65000000,5.500,0,Applicable,2.000 x 1.000,E.SUN BankSinoPac SecuritiesSunny Bank Ltd.,E.SUN Bank,XS2938573180,https://mopsov.twse.com.tw/mops/web/t113sb02?encodeURIComponent=1&firstin=true&id=&colorchg=&TYPEK=all&step=11&co_id=E0156&MONYR_REG=202503&BOND_ID=F18925&KIND=A
20260905,F19801,P25ING1,ING Bank N.V.,20250508,20350508,10,USD,20000000,5.700,0,Applicable,5.000 x 1.000,E.SUN BankKGI Securities,KGI Securities,XS2911644982,https://mopsov.twse.com.tw/mops/web/t113sb02?encodeURIComponent=1&firstin=true&id=&colorchg=&TYPEK=all&step=11&co_id=E0163&MONYR_REG=202505&BOND_ID=F19801&KIND=A
20260905,F20201,P25TWNLI1,台灣人壽保險股份有限公司,20250911,20350911,10,USD,102500000,6.000,0,Not Applicable,Not Applicable,Chinatrust BankYuanta Securities Co,Yuanta Securities Co,TW000F202015,https://mopsov.twse.com.tw/mops/web/t120sg01?encodeURIComponent=1&firstin=true&tg=&pg=&step=0&TYPEK=&monyr_reg=202608&issuer_stock_code=2833&bond_kind=4&bond_yrn=114-2&bond_subn=%24M00000001&bond_id=F20201&come=2
20260905,F18927,P25MLBV5,Merrill Lynch B.V.,20250926,20350926,10,AUD,28000000,5.300,0,Applicable,4.000 x 1.000,SinoPac SecuritiesSunny Bank Ltd.,SinoPac Securities,XS3156352687,https://mopsov.twse.com.tw/mops/web/t113sb02?encodeURIComponent=1&firstin=true&id=&colorchg=&TYPEK=all&step=11&co_id=E0156&MONYR_REG=202509&BOND_ID=F18927&KIND=A
20260905,F18928,P25MLBV6,Merrill Lynch B.V.,20251119,20351119,10,AUD,31000000,5.280,0,Applicable,3.000 x 1.000,E.SUN BankSunny Bank Ltd.,E.SUN Bank,XS3156341649,https://mopsov.twse.com.tw/mops/web/t113sb02?encodeURIComponent=1&firstin=true&id=&colorchg=&TYPEK=all&step=11&co_id=E0156&MONYR_REG=202511&BOND_ID=F18928&KIND=A
20260905,F18713,P25JPCFC1,JPMorgan Chase Financial Company LLC,20251120,20351120,10,AUD,55000000,5.250,0,Applicable,3.000 x 1.000,E.SUN BankSunny Bank Ltd.,E.SUN Bank,XS1449428504,https://mopsov.twse.com.tw/mops/web/t113sb02?encodeURIComponent=1&firstin=true&id=&colorchg=&TYPEK=all&step=11&co_id=E0154&MONYR_REG=202511&BOND_ID=F18713&KIND=A
20260905,F14624,P25JPMCB2,JPMorgan Chase Bank N.A.,20251204,20351204,10,AUD,30000000,5.320,0,Applicable,4.000 x 1.000,E.SUN BankSunny Bank Ltd.,E.SUN Bank,XS1449425153,https://mopsov.twse.com.tw/mops/web/t113sb02?encodeURIComponent=1&firstin=true&id=&colorchg=&TYPEK=all&step=11&co_id=E0118&MONYR_REG=202512&BOND_ID=F14624&KIND=A
20260905,F19802,P26ING1,ING Bank N.V.,20260107,20360107,10,USD,70000000,5.000,0,Applicable,2.000 x 1.000,E.SUN BankKGI SecuritiesSunny Bank Ltd.,KGI Securities,XS2911640998,https://mopsov.twse.com.tw/mops/web/t113sb02?encodeURIComponent=1&firstin=true&id=&colorchg=&TYPEK=all&step=11&co_id=E0163&MONYR_REG=202601&BOND_ID=F19802&KIND=A
20260905,F13775,P26MSF1,Morgan Stanley Finance LLC,20260122,20360122,10,USD,100000000,5.080,0,Applicable,2.000 x 1.000,KGI SecuritiesSinoPac SecuritiesSunny Bank Ltd.Taishin Internatonal,KGI Securities,XS3216486145,https://mopsov.twse.com.tw/mops/web/t113sb02?encodeURIComponent=1&firstin=true&id=&colorchg=&TYPEK=all&step=11&co_id=E0111&MONYR_REG=202601&BOND_ID=F13775&KIND=A
20260905,F19206,P26WFF2,Wells Fargo Finance LLC,20260122,20360122,10,USD,80000000,5.080,0,Applicable,2.000 x 1.000,E.SUN BankYuanta Securities Co,E.SUN Bank,XS3272204895,https://mopsov.twse.com.tw/mops/web/t113sb02?encodeURIComponent=1&firstin=true&id=&colorchg=&TYPEK=all&step=11&co_id=E0158&MONYR_REG=202601&BOND_ID=F19206&KIND=A
20260905,F00820,P26DB1,Deutsche Bank Aktiengesellschaft,20260123,20360123,10,USD,130000000,5.020,0,Applicable,2.000 x 1.000,DeutscheBankAGTPEE.SUN BankSunny Bank Ltd.Yuanta Securities Co,Yuanta Securities Co,XS3268045682,https://mopsov.twse.com.tw/mops/web/t113sb02?encodeURIComponent=1&firstin=true&id=&colorchg=&TYPEK=all&step=11&co_id=E0001&MONYR_REG=202601&BOND_ID=F00820&KIND=A
20260905,F13737,P21MSF4,Morgan Stanley Finance LLC,20210126,20360126,15,USD,20000000,0,2.13,Not Applicable,Not Applicable,E.SUN BankFirst Bank,E.SUN Bank,XS2175206148,https://mopsov.twse.com.tw/mops/web/t113sb02?encodeURIComponent=1&firstin=true&id=&colorchg=&TYPEK=all&step=11&co_id=E0111&MONYR_REG=202101&BOND_ID=F13737&KIND=A
20260905,F08720,P26BBVA1,BBVA Global Markets B.V.,20260127,20360127,10,USD,140000000,5.130,0,Applicable,3.000 x 1.000,CATHAY SECURITIES COE.SUN BankKGI SecuritiesSinoPac SecuritiesYuanta Securities Co,E.SUN Bank,XS3184635814,https://mopsov.twse.com.tw/mops/web/t113sb02?encodeURIComponent=1&firstin=true&id=&colorchg=&TYPEK=all&step=11&co_id=E0064&MONYR_REG=202601&BOND_ID=F08720&KIND=A
20260905,F05458,P26NATIX1,Natixis,20260129,20360129,10,USD,90000000,5.030,0,Applicable,2.000 x 1.000,E.SUN BankSunny Bank Ltd.Taishin Internatonal,Taishin Internatonal,XS3229794105,https://mopsov.twse.com.tw/mops/web/t113sb02?encodeURIComponent=1&firstin=true&id=&colorchg=&TYPEK=all&step=11&co_id=E0037&MONYR_REG=202601&BOND_ID=F05458&KIND=A
20260905,F02663,P26CACIB1,CREDIT AGRICOLE CORPORATE AND INVESTMENT BANK,20260129,20360129,10,USD,40000000,5.030,0,Applicable,2.000 x 1.000,E.SUN BankTaishin Internatonal,Taishin Internatonal,XS2067319157,https://mopsov.twse.com.tw/mops/web/t113sb02?encodeURIComponent=1&firstin=true&id=&colorchg=&TYPEK=all&step=11&co_id=E0014&MONYR_REG=202601&BOND_ID=F02663&KIND=A
20260905,F14625,P26JPMCB1,JPMorgan Chase Bank N.A.,20260204,20360204,10,USD,150000000,5.000,0,Applicable,2.000 x 1.000,E.SUN BankFirst BankJPMorgan SecuritiesSinoPac SecuritiesSunny Bank Ltd.Taishin InternatonalYuanta Securities Co,SinoPac Securities,XS1449403267,https://mopsov.twse.com.tw/mops/web/t113sb02?encodeURIComponent=1&firstin=true&id=&colorchg=&TYPEK=all&step=11&co_id=E0118&MONYR_REG=202602&BOND_ID=F14625&KIND=A
20260905,F18929,P26MLBV1,Merrill Lynch B.V.,20260205,20360205,10,USD,40000000,5.050,0,Applicable,2.000 x 1.000,E.SUN BankSunny Bank Ltd.,E.SUN Bank,XS3244806926,https://mopsov.twse.com.tw/mops/web/t113sb02?encodeURIComponent=1&firstin=true&id=&colorchg=&TYPEK=all&step=11&co_id=E0156&MONYR_REG=202602&BOND_ID=F18929&KIND=A
20260905,F08721,P26BBVA2,BBVA Global Markets B.V.,20260206,20360206,10,USD,60000000,5.150,0,Applicable,2.000 x 1.000,E.SUN BankKGI Securities,E.SUN Bank,XS3234593716,https://mopsov.twse.com.tw/mops/web/t113sb02?encodeURIComponent=1&firstin=true&id=&colorchg=&TYPEK=all&step=11&co_id=E0064&MONYR_REG=202602&BOND_ID=F08721&KIND=A
20260905,F14253,P26CGMHI1,Citigroup Global Markets Holdings Inc.,20260206,20360206,10,USD,100000000,5.160,0,Applicable,2.000 x 1.000,SinoPac SecuritiesSunny Bank Ltd.Yuanta Securities Co,SinoPac Securities,XS3136546218,https://mopsov.twse.com.tw/mops/web/t113sb02?encodeURIComponent=1&firstin=true&id=&colorchg=&TYPEK=all&step=11&co_id=E0115&MONYR_REG=202602&BOND_ID=F14253&KIND=A
20260905,F14227,P21CGMHI4,Citigroup Global Markets Holdings Inc.,20210208,20360208,15,USD,45000000,1.563,0,Applicable,2.000 x 0.250,E.SUN Bank,E.SUN Bank,XS2216787700,https://mopsov.twse.com.tw/mops/web/t113sb02?encodeURIComponent=1&firstin=true&id=&colorchg=&TYPEK=all&step=11&co_id=E0115&MONYR_REG=202102&BOND_ID=F14227&KIND=A
20260905,F18714,P26JPCFC1,JPMorgan Chase Financial Company LLC,20260210,20360210,10,AUD,40000000,5.800,0,Applicable,3.000 x 1.000,E.SUN BankSunny Bank Ltd.,E.SUN Bank,XS1449396891,https://mopsov.twse.com.tw/mops/web/t113sb02?encodeURIComponent=1&firstin=true&id=&colorchg=&TYPEK=all&step=11&co_id=E0154&MONYR_REG=202602&BOND_ID=F18714&KIND=A
20260905,F18930,P26MLBV2,Merrill Lynch B.V.,20260211,20360211,10,USD,40000000,5.000,0,Applicable,2.000 x 1.000,E.SUN BankYuanta Securities Co,Yuanta Securities Co,XS3244784933,https://mopsov.twse.com.tw/mops/web/t113sb02?encodeURIComponent=1&firstin=true&id=&colorchg=&TYPEK=all&step=11&co_id=E0156&MONYR_REG=202602&BOND_ID=F18930&KIND=A
20260905,F02713,P16MS3,Morgan Stanley,20160217,20360219,20,USD,400000000,4.550,0,Applicable,Not a complete month or multiples.Please refer to the prospectus.,E.SUN BankMasterLinkYuanta Securities Co,Not Applicatible,XS1354473404,https://mopsov.twse.com.tw/mops/web/t113sb02?encodeURIComponent=1&firstin=true&id=&colorchg=&TYPEK=all&step=11&co_id=E0015&MONYR_REG=201602&BOND_ID=F02713&KIND=A
20260905,F14230,P21CGMHI7,Citigroup Global Markets Holdings Inc.,20210225,20360225,15,USD,30000000,0,2.43,Applicable,3.000 x 1.000,E.SUN BankFirst Bank,E.SUN Bank,XS2216766456,https://mopsov.twse.com.tw/mops/web/t113sb02?encodeURIComponent=1&firstin=true&id=&colorchg=&TYPEK=all&step=11&co_id=E0115&MONYR_REG=202102&BOND_ID=F14230&KIND=A
20260905,F13742,P21MSF9,Morgan Stanley Finance LLC,20210308,20360308,15,USD,30000000,0,2.32,Not Applicable,Not Applicable,E.SUN Bank,E.SUN Bank,XS2175205769,https://mopsov.twse.com.tw/mops/web/t113sb02?encodeURIComponent=1&firstin=true&id=&colorchg=&TYPEK=all&step=11&co_id=E0111&MONYR_REG=202103&BOND_ID=F13742&KIND=A
20260905,F18931,P26MLBV3,Merrill Lynch B.V.,20260317,20360317,10,AUD,40000000,5.900,0,Applicable,3.000 x 1.000,E.SUN BankSunny Bank Ltd.,E.SUN Bank,XS3244802420,https://mopsov.twse.com.tw/mops/web/t113sb02?encodeURIComponent=1&firstin=true&id=&colorchg=&TYPEK=all&step=11&co_id=E0156&MONYR_REG=202603&BOND_ID=F18931&KIND=A
20260905,F14626,P26JPMCB2,JPMorgan Chase Bank N.A.,20260324,20360324,10,USD,60000000,5.030,0,Applicable,3.000 x 1.000,E.SUN BankKGI Securities,E.SUN Bank,XS1449366985,https://mopsov.twse.com.tw/mops/web/t113sb02?encodeURIComponent=1&firstin=true&id=&colorchg=&TYPEK=all&step=11&co_id=E0118&MONYR_REG=202603&BOND_ID=F14626&KIND=A
20260905,F18716,P26JPCFC3,JPMorgan Chase Financial Company LLC,20260324,20360324,10,AUD,40000000,5.950,0,Applicable,3.000 x 1.000,E.SUN BankSunny Bank Ltd.,E.SUN Bank,XS1449363370,https://mopsov.twse.com.tw/mops/web/t113sb02?encodeURIComponent=1&firstin=true&id=&colorchg=&TYPEK=all&step=11&co_id=E0154&MONYR_REG=202603&BOND_ID=F18716&KIND=A
20260905,F02258,P21SG3,Societe Generale,20210325,20360325,15,USD,30000000,2.700,0,Applicable,4.000 x 1.000,E.SUN BankSG Securities Taipei,E.SUN Bank,XS2277802232,https://mopsov.twse.com.tw/mops/web/t113sb02?encodeURIComponent=1&firstin=true&id=&colorchg=&TYPEK=all&step=11&co_id=E0010&MONYR_REG=202103&BOND_ID=F02258&KIND=A
20260905,F18932,P26MLBV4,Merrill Lynch B.V.,20260327,20360327,10,USD,50000000,5.140,0,Applicable,3.000 x 1.000,E.SUN BankSinoPac Securities,E.SUN Bank,XS3244799451,https://mopsov.twse.com.tw/mops/web/t113sb02?encodeURIComponent=1&firstin=true&id=&colorchg=&TYPEK=all&step=11&co_id=E0156&MONYR_REG=202603&BOND_ID=F18932&KIND=A
20260905,F13744,P21MSF11,Morgan Stanley Finance LLC,20210406,20360406,15,USD,20000000,0,2.75,Not Applicable,Not Applicable,E.SUN Bank,E.SUN Bank,XS2175205504,https://mopsov.twse.com.tw/mops/web/t113sb02?encodeURIComponent=1&firstin=true&id=&colorchg=&TYPEK=all&step=11&co_id=E0111&MONYR_REG=202104&BOND_ID=F13744&KIND=A
20260905,F15306,P21GSFCI3,Goldman Sachs Finance Corp International Ltd,20210407,20360407,15,USD,30000000,2.075,0,Applicable,4.000 x 1.000,E.SUN BankFirst Bank,E.SUN Bank,XS2061755836,https://mopsov.twse.com.tw/mops/web/t113sb02?encodeURIComponent=1&firstin=true&id=&colorchg=&TYPEK=all&step=11&co_id=E0124&MONYR_REG=202104&BOND_ID=F15306&KIND=A
20260905,F15307,P21GSFCI4,Goldman Sachs Finance Corp International Ltd,20210421,20360421,15,USD,30000000,1.866,0,Applicable,4.000 x 1.000,First BankKGI Securities,KGI Securities,XS2061670258,https://mopsov.twse.com.tw/mops/web/t113sb02?encodeURIComponent=1&firstin=true&id=&colorchg=&TYPEK=all&step=11&co_id=E0124&MONYR_REG=202104&BOND_ID=F15307&KIND=A
20260905,F00822,P26DB3,Deutsche Bank Aktiengesellschaft,20260428,20360428,10,USD,50000000,5.350,0,Applicable,3.000 x 1.000,DeutscheBankAGTPESunny Bank Ltd.,DeutscheBankAGTPE,XS3324751851,https://mopsov.twse.com.tw/mops/web/t113sb02?encodeURIComponent=1&firstin=true&id=&colorchg=&TYPEK=all&step=11&co_id=E0001&MONYR_REG=202604&BOND_ID=F00822&KIND=A
20260905,F13745,P21MSF12,Morgan Stanley Finance LLC,20210505,20360505,15,AUD,32000000,0,3.15,Not Applicable,Not Applicable,E.SUN Bank,E.SUN Bank,XS2175209753,https://mopsov.twse.com.tw/mops/web/t113sb02?encodeURIComponent=1&firstin=true&id=&colorchg=&TYPEK=all&step=11&co_id=E0111&MONYR_REG=202105&BOND_ID=F13745&KIND=A
20260905,F15308,P21GSFCI5,Goldman Sachs Finance Corp International Ltd,20210512,20360512,15,USD,30000000,1.975,0,Applicable,3.000 x 1.000,First BankKGI Securities,KGI Securities,XS2019670319,https://mopsov.twse.com.tw/mops/web/t113sb02?encodeURIComponent=1&firstin=true&id=&colorchg=&TYPEK=all&step=11&co_id=E0124&MONYR_REG=202105&BOND_ID=F15308&KIND=A
20260905,F04038,P21JPMC6,JPMorgan Chase &amp; Co.,20210514,20360514,15,USD,30000000,1.912,0,Applicable,4.000 x 1.000,First BankKGI Securities,KGI Securities,XS1450838427,https://mopsov.twse.com.tw/mops/web/t113sb02?encodeURIComponent=1&firstin=true&id=&colorchg=&TYPEK=all&step=11&co_id=E0027&MONYR_REG=202105&BOND_ID=F04038&KIND=A
20260905,F02641,P21CACIB7,CREDIT AGRICOLE CORPORATE AND INVESTMENT BANK,20210521,20360521,15,AUD,42000000,0,3.1,Applicable,2.000 x 1.000,E.SUN BankFirst Bank,E.SUN Bank,XS2185424681,https://mopsov.twse.com.tw/mops/web/t113sb02?encodeURIComponent=1&firstin=true&id=&colorchg=&TYPEK=all&step=11&co_id=E0014&MONYR_REG=202105&BOND_ID=F02641&KIND=A
20260905,F04324,P26NIF1,Nomura International Funding Pte. Ltd.,20260526,20360526,10,USD,50000000,5.400,0,Applicable,3.000 x 1.000,E.SUN BankSinoPac Securities,SinoPac Securities,XS3361734778,https://mopsov.twse.com.tw/mops/web/t113sb02?encodeURIComponent=1&firstin=true&id=&colorchg=&TYPEK=all&step=11&co_id=E0030&MONYR_REG=202605&BOND_ID=F04324&KIND=A
20260905,F03519,P21UBSLN1,UBS AG London Branch,20210527,20360527,15,AUD,69000000,0,3.1,Applicable,1.000 x 1.000,E.SUN BankFirst BankYuanta Securities Co,Yuanta Securities Co,XS2025071742,https://mopsov.twse.com.tw/mops/web/t113sb02?encodeURIComponent=1&firstin=true&id=&colorchg=&TYPEK=all&step=11&co_id=E0022&MONYR_REG=202105&BOND_ID=F03519&KIND=A
20260905,F02261,P21SG6,Societe Generale,20210615,20360615,15,AUD,24000000,0,3.3,Applicable,2.000 x 1.000,E.SUN BankFirst Bank,E.SUN Bank,XS2314108643,https://mopsov.twse.com.tw/mops/web/t113sb02?encodeURIComponent=1&firstin=true&id=&colorchg=&TYPEK=all&step=11&co_id=E0010&MONYR_REG=202106&BOND_ID=F02261&KIND=A
20260905,F18718,P26JPCFC5,JPMorgan Chase Financial Company LLC,20260623,20360623,10,USD,20000000,5.410,0,Applicable,4.000 x 1.000,E.SUN Bank,E.SUN Bank,XS1449296836,https://mopsov.twse.com.tw/mops/web/t113sb02?encodeURIComponent=1&firstin=true&id=&colorchg=&TYPEK=all&step=11&co_id=E0154&MONYR_REG=202606&BOND_ID=F18718&KIND=A
20260905,F14237,P21CGMHI14,Citigroup Global Markets Holdings Inc.,20210623,20360623,15,AUD,52000000,0,3.35,Applicable,2.000 x 1.000,E.SUN BankFirst Bank,E.SUN Bank,XS2307428982,https://mopsov.twse.com.tw/mops/web/t113sb02?encodeURIComponent=1&firstin=true&id=&colorchg=&TYPEK=all&step=11&co_id=E0115&MONYR_REG=202106&BOND_ID=F14237&KIND=A
20260905,F02223,P16SG7,Societe Generale,20160627,20360627,20,USD,500000000,5.100,0,Not Applicable,Not Applicable,Cathay United BankE.SUN Bank,E.SUN Bank,XS1432505128,https://mopsov.twse.com.tw/mops/web/t113sb02?encodeURIComponent=1&firstin=true&id=&colorchg=&TYPEK=all&step=11&co_id=E0010&MONYR_REG=201606&BOND_ID=F02223&KIND=A
20260905,F05442,P22NATIX4,Natixis,20220629,20360629,14,USD,20000000,0,4.9,Applicable,5.000 x 1.000,E.SUN Bank,E.SUN Bank,XS2353522571,https://mopsov.twse.com.tw/mops/web/t113sb02?encodeURIComponent=1&firstin=true&id=&colorchg=&TYPEK=all&step=11&co_id=E0037&MONYR_REG=202206&BOND_ID=F05442&KIND=A
20260905,F00824,P26DB5,Deutsche Bank Aktiengesellschaft,20260701,20360701,10,USD,60000000,5.410,0,Applicable,3.000 x 1.000,DeutscheBankAGTPEE.SUN BankSunny Bank Ltd.Yuanta Securities Co,Yuanta Securities Co,XS3362229075,https://mopsov.twse.com.tw/mops/web/t113sb02?encodeURIComponent=1&firstin=true&id=&colorchg=&TYPEK=all&step=11&co_id=E0001&MONYR_REG=202607&BOND_ID=F00824&KIND=A
20260905,F02263,P21SG8,Societe Generale,20210707,20360707,15,AUD,39000000,0,3,Applicable,2.000 x 1.000,E.SUN BankFirst Bank,E.SUN Bank,XS2314064416,https://mopsov.twse.com.tw/mops/web/t113sb02?encodeURIComponent=1&firstin=true&id=&colorchg=&TYPEK=all&step=11&co_id=E0010&MONYR_REG=202107&BOND_ID=F02263&KIND=A
20260905,F14255,P26CGMHI3,Citigroup Global Markets Holdings Inc.,20260707,20360707,10,USD,40000000,5.500,0,Applicable,2.000 x 1.000,SinoPac SecuritiesSunny Bank Ltd.,SinoPac Securities,XS3137190578,https://mopsov.twse.com.tw/mops/web/t113sb02?encodeURIComponent=1&firstin=true&id=&colorchg=&TYPEK=all&step=11&co_id=E0115&MONYR_REG=202607&BOND_ID=F14255&KIND=A
20260905,F13778,O26MSF4,Morgan Stanley Finance LLC,20260722,20360722,10,USD,80000000,5.400,0,Applicable,4.000 x 1.000,Morgan Stanley & Co. International PlcSinoPac SecuritiesSunny Bank Ltd.,SinoPac Securities,XS3270930533,https://mopsov.twse.com.tw/mops/web/t113sb02?encodeURIComponent=1&firstin=true&id=&colorchg=&TYPEK=all&step=11&co_id=E0111&MONYR_REG=202607&BOND_ID=F13778&KIND=A
20260905,F02664,P26CACIB2,CREDIT AGRICOLE CORPORATE AND INVESTMENT BANK,20260730,20360730,10,USD,70000000,5.420,0,Applicable,3.000 x 1.000,Credit Agricole BankE.SUN BankSinoPac Securities,E.SUN Bank,XS3317219726,https://mopsov.twse.com.tw/mops/web/t113sb02?encodeURIComponent=1&firstin=true&id=&colorchg=&TYPEK=all&step=11&co_id=E0014&MONYR_REG=202607&BOND_ID=F02664&KIND=A
20260905,F19208,P26WFF4,Wells Fargo Finance LLC,20260806,20360806,10,USD,110000000,5.650,0,Applicable,3.000 x 1.000,E.SUN BankSunny Bank Ltd.,E.SUN Bank,XS3431973224,https://mopsov.twse.com.tw/mops/web/t113sb02?encodeURIComponent=1&firstin=true&id=&colorchg=&TYPEK=all&step=11&co_id=E0158&MONYR_REG=202608&BOND_ID=F19208&KIND=A
20260905,F18933,P26MLBV5,Merrill Lynch B.V.,20260807,20360807,10,USD,53000000,5.510,0,Applicable,3.000 x 1.000,E.SUN BankSunny Bank Ltd.Yuanta Securities Co,E.SUN Bank,XS3244773225,https://mopsov.twse.com.tw/mops/web/t113sb02?encodeURIComponent=1&firstin=true&id=&colorchg=&TYPEK=all&step=11&co_id=E0156&MONYR_REG=202608&BOND_ID=F18933&KIND=A
20260905,F13747,P21MSF14,Morgan Stanley Finance LLC,20210810,20360810,15,AUD,32000000,0,2.7,Not Applicable,Not Applicable,E.SUN Bank,E.SUN Bank,XS2175202154,https://mopsov.twse.com.tw/mops/web/t113sb02?encodeURIComponent=1&firstin=true&id=&colorchg=&TYPEK=all&step=11&co_id=E0111&MONYR_REG=202108&BOND_ID=F13747&KIND=A
20260905,F04325,P26NIF2,Nomura International Funding Pte. Ltd.,20260812,20360812,10,USD,40000000,5.550,0,Applicable,3.000 x 1.000,KGI Securities,KGI Securities,XS3426262039,https://mopsov.twse.com.tw/mops/web/t113sb02?encodeURIComponent=1&firstin=true&id=&colorchg=&TYPEK=all&step=11&co_id=E0030&MONYR_REG=202608&BOND_ID=F04325&KIND=A
20260905,F02264,P21SG9,Societe Generale,20210901,20360901,15,AUD,40000000,0,2.7,Applicable,3.000 x 1.000,E.SUN BankFirst Bank,E.SUN Bank,XS2313768959,https://mopsov.twse.com.tw/mops/web/t113sb02?encodeURIComponent=1&firstin=true&id=&colorchg=&TYPEK=all&step=11&co_id=E0010&MONYR_REG=202109&BOND_ID=F02264&KIND=A
20260905,F10901,P16HSBC1,HSBC Holdings plc,20160908,20360908,20,USD,2000000000,4.000,0,Not Applicable,Not Applicable,E.SUN BankHSBC Bank(Taiwan)LtdYuanta Securities Co,E.SUN Bank,XS1481811872,https://mopsov.twse.com.tw/mops/web/t113sb02?encodeURIComponent=1&firstin=true&id=&colorchg=&TYPEK=all&step=11&co_id=E0086&MONYR_REG=201609&BOND_ID=F10901&KIND=A
20260905,F03312,P21UBSLN8,UBS AG London Branch,20210923,20360923,15,AUD,50000000,0,2.72,Applicable,2.000 x 1.000,E.SUN BankKGI Securities,E.SUN Bank,XS2372469853,https://mopsov.twse.com.tw/mops/web/t113sb02?encodeURIComponent=1&firstin=true&id=&colorchg=&TYPEK=all&step=11&co_id=E0022&MONYR_REG=202109&BOND_ID=F03312&KIND=A
20260905,F03313,P21UBSLN9,UBS AG London Branch,20210928,20360928,15,AUD,43000000,0,2.72,Applicable,2.000 x 1.000,E.SUN BankYuanta Securities Co,E.SUN Bank,XS2379975142,https://mopsov.twse.com.tw/mops/web/t113sb02?encodeURIComponent=1&firstin=true&id=&colorchg=&TYPEK=all&step=11&co_id=E0022&MONYR_REG=202109&BOND_ID=F03313&KIND=A
20260905,F03314,P21UBSLN10,UBS AG London Branch,20210929,20360929,15,ZAR,440000000,0,9.75,Applicable,3.000 x 1.000,E.SUN Bank,E.SUN Bank,XS2379957165,https://mopsov.twse.com.tw/mops/web/t113sb02?encodeURIComponent=1&firstin=true&id=&colorchg=&TYPEK=all&step=11&co_id=E0022&MONYR_REG=202109&BOND_ID=F03314&KIND=A
20260905,F00811,P21DB6,Deutsche Bank Aktiengesellschaft,20211007,20361007,15,USD,40000000,2.530,0,Applicable,3.000 x 1.000,DeutscheBankAGTPEE.SUN Bank,DeutscheBankAGTPE,XS2389693107,https://mopsov.twse.com.tw/mops/web/t113sb02?encodeURIComponent=1&firstin=true&id=&colorchg=&TYPEK=all&step=11&co_id=E0001&MONYR_REG=202110&BOND_ID=F00811&KIND=A
20260905,F13750,P21MSF17,Morgan Stanley Finance LLC,20211019,20361019,15,ZAR,220000000,0,10,Applicable,2.000 x 1.000,E.SUN Bank,E.SUN Bank,XS2175204440,https://mopsov.twse.com.tw/mops/web/t113sb02?encodeURIComponent=1&firstin=true&id=&colorchg=&TYPEK=all&step=11&co_id=E0111&MONYR_REG=202110&BOND_ID=F13750&KIND=A
20260905,F02265,P21SG10,Societe Generale,20211020,20361020,15,USD,30000000,0,2.9,Applicable,3.000 x 1.000,E.SUN BankSG Securities Taipei,E.SUN Bank,XS2347836293,https://mopsov.twse.com.tw/mops/web/t113sb02?encodeURIComponent=1&firstin=true&id=&colorchg=&TYPEK=all&step=11&co_id=E0010&MONYR_REG=202110&BOND_ID=F02265&KIND=A
20260905,F13751,P21MSF18,Morgan Stanley Finance LLC,20211025,20361025,15,AUD,42000000,0,3,Not Applicable,Not Applicable,E.SUN Bank,E.SUN Bank,XS2175201693,https://mopsov.twse.com.tw/mops/web/t113sb02?encodeURIComponent=1&firstin=true&id=&colorchg=&TYPEK=all&step=11&co_id=E0111&MONYR_REG=202110&BOND_ID=F13751&KIND=A
20260905,F14616,P21JPMCB3,JPMorgan Chase Bank N.A.,20211028,20361028,15,ZAR,280000000,0,10.1,Applicable,2.000 x 1.000,E.SUN Bank,E.SUN Bank,XS1450796088,https://mopsov.twse.com.tw/mops/web/t113sb02?encodeURIComponent=1&firstin=true&id=&colorchg=&TYPEK=all&step=11&co_id=E0118&MONYR_REG=202110&BOND_ID=F14616&KIND=A
20260905,F13753,P21MSF20,Morgan Stanley Finance LLC,20211110,20361110,15,AUD,42000000,0,3.2,Not Applicable,Not Applicable,E.SUN Bank,E.SUN Bank,XS2175208946,https://mopsov.twse.com.tw/mops/web/t113sb02?encodeURIComponent=1&firstin=true&id=&colorchg=&TYPEK=all&step=11&co_id=E0111&MONYR_REG=202111&BOND_ID=F13753&KIND=A
20260905,F13755,P21MSF22,Morgan Stanley Finance LLC,20211207,20361207,15,AUD,27000000,0,3.4,Not Applicable,Not Applicable,E.SUN Bank,E.SUN Bank,XS2175204101,https://mopsov.twse.com.tw/mops/web/t113sb02?encodeURIComponent=1&firstin=true&id=&colorchg=&TYPEK=all&step=11&co_id=E0111&MONYR_REG=202112&BOND_ID=F13755&KIND=A
20260905,F13758,P22MSF3,Morgan Stanley Finance LLC,20220120,20370120,15,AUD,33000000,0,3.4,Not Applicable,Not Applicable,E.SUN BankFirst Bank,E.SUN Bank,XS2175203715,https://mopsov.twse.com.tw/mops/web/t113sb02?encodeURIComponent=1&firstin=true&id=&colorchg=&TYPEK=all&step=11&co_id=E0111&MONYR_REG=202201&BOND_ID=F13758&KIND=A
20260905,F00814,P22DB2,Deutsche Bank Aktiengesellschaft,20220127,20370127,15,USD,20000000,0,3.05,Applicable,1.000 x 1.000,DeutscheBankAGTPEE.SUN Bank,E.SUN Bank,XS2432580657,https://mopsov.twse.com.tw/mops/web/t113sb02?encodeURIComponent=1&firstin=true&id=&colorchg=&TYPEK=all&step=11&co_id=E0001&MONYR_REG=202201&BOND_ID=F00814&KIND=A
20260905,F02646,P22CACIB4,CREDIT AGRICOLE CORPORATE AND INVESTMENT BANK,20220127,20370127,15,AUD,33000000,0,3.28,Applicable,1.000 x 1.000,E.SUN BankFirst Bank,E.SUN Bank,XS2317949647,https://mopsov.twse.com.tw/mops/web/t113sb02?encodeURIComponent=1&firstin=true&id=&colorchg=&TYPEK=all&step=11&co_id=E0014&MONYR_REG=202201&BOND_ID=F02646&KIND=A
20260905,F13760,P22MSF5,Morgan Stanley Finance LLC,20220222,20370222,15,AUD,26000000,0,3.6,Not Applicable,Not Applicable,E.SUN Bank,E.SUN Bank,XS2175208276,https://mopsov.twse.com.tw/mops/web/t113sb02?encodeURIComponent=1&firstin=true&id=&colorchg=&TYPEK=all&step=11&co_id=E0111&MONYR_REG=202202&BOND_ID=F13760&KIND=A
20260905,F03317,P22UBSLN4,UBS AG London Branch,20220302,20370302,15,AUD,30000000,0,3.75,Applicable,1.000 x 1.000,E.SUN Bank,E.SUN Bank,XS2428987452,https://mopsov.twse.com.tw/mops/web/t113sb02?encodeURIComponent=1&firstin=true&id=&colorchg=&TYPEK=all&step=11&co_id=E0022&MONYR_REG=202203&BOND_ID=F03317&KIND=A
20260905,F13762,P22MSF7,Morgan Stanley Finance LLC,20220303,20370303,15,USD,30000000,2.289,0,Not Applicable,Not Applicable,First BankKGI Securities,KGI Securities,XS2175199699,https://mopsov.twse.com.tw/mops/web/t113sb02?encodeURIComponent=1&firstin=true&id=&colorchg=&TYPEK=all&step=11&co_id=E0111&MONYR_REG=202203&BOND_ID=F13762&KIND=A
20260905,F13763,P22MSF8,Morgan Stanley Finance LLC,20220316,20370316,15,USD,30000000,2.608,0,Not Applicable,Not Applicable,First BankKGI Securities,KGI Securities,XS2175202741,https://mopsov.twse.com.tw/mops/web/t113sb02?encodeURIComponent=1&firstin=true&id=&colorchg=&TYPEK=all&step=11&co_id=E0111&MONYR_REG=202203&BOND_ID=F13763&KIND=A
20260905,F04046,P22JPMC3,JPMorgan Chase &amp; Co.,20220317,20370317,15,USD,30000000,3.250,0,Not Applicable,Not Applicable,First BankKGI Securities,KGI Securities,XS1450767907,https://mopsov.twse.com.tw/mops/web/t113sb02?encodeURIComponent=1&firstin=true&id=&colorchg=&TYPEK=all&step=11&co_id=E0027&MONYR_REG=202203&BOND_ID=F04046&KIND=A
20260905,F03233,P22BACR3,Barclays Bank PLC,20220331,20370331,15,USD,25000000,3.550,0,Not Applicable,Not Applicable,E.SUN Bank,E.SUN Bank,XS2357990220,https://mopsov.twse.com.tw/mops/web/t113sb02?encodeURIComponent=1&firstin=true&id=&colorchg=&TYPEK=all&step=11&co_id=E0019&MONYR_REG=202203&BOND_ID=F03233&KIND=A
20260905,F03234,P22BACR4,Barclays Bank PLC,20220331,20370331,15,USD,25000000,3.750,0,Not Applicable,Not Applicable,First BankKGI Securities,KGI Securities,XS2358018179,https://mopsov.twse.com.tw/mops/web/t113sb02?encodeURIComponent=1&firstin=true&id=&colorchg=&TYPEK=all&step=11&co_id=E0019&MONYR_REG=202203&BOND_ID=F03234&KIND=A
20260905,F13764,P22MSF9,Morgan Stanley Finance LLC,20220407,20370407,15,USD,45000000,2.901,0,Not Applicable,Not Applicable,E.SUN Bank,E.SUN Bank,XS2175198881,https://mopsov.twse.com.tw/mops/web/t113sb02?encodeURIComponent=1&firstin=true&id=&colorchg=&TYPEK=all&step=11&co_id=E0111&MONYR_REG=202204&BOND_ID=F13764&KIND=A
20260905,F12301,P17TEF1,TELEFONICA EMISIONES S.A.U.,20170418,20370418,20,USD,200000000,4.900,0,Not Applicable,Not Applicable,KGI SecuritiesYuanta Securities Co,KGI Securities,XS1588907045,https://mopsov.twse.com.tw/mops/web/t113sb02?encodeURIComponent=1&firstin=true&id=&colorchg=&TYPEK=all&step=11&co_id=E0100&MONYR_REG=201704&BOND_ID=F12301&KIND=A
20260905,F13765,P22MSF10,Morgan Stanley Finance LLC,20220421,20370421,15,USD,35000000,3.509,0,Not Applicable,Not Applicable,E.SUN Bank,E.SUN Bank,XS2175207385,https://mopsov.twse.com.tw/mops/web/t113sb02?encodeURIComponent=1&firstin=true&id=&colorchg=&TYPEK=all&step=11&co_id=E0111&MONYR_REG=202204&BOND_ID=F13765&KIND=A
20260905,F13766,P22MSF11,Morgan Stanley Finance LLC,20220506,20370506,15,USD,20000000,3.778,0,Not Applicable,Not Applicable,E.SUN Bank,E.SUN Bank,XS2175201263,https://mopsov.twse.com.tw/mops/web/t113sb02?encodeURIComponent=1&firstin=true&id=&colorchg=&TYPEK=all&step=11&co_id=E0111&MONYR_REG=202205&BOND_ID=F13766&KIND=A
20260905,F13767,P22MSF12,Morgan Stanley Finance LLC,20220517,20370517,15,USD,20000000,3.771,0,Not Applicable,Not Applicable,E.SUN Bank,E.SUN Bank,XS2175207039,https://mopsov.twse.com.tw/mops/web/t113sb02?encodeURIComponent=1&firstin=true&id=&colorchg=&TYPEK=all&step=11&co_id=E0111&MONYR_REG=202205&BOND_ID=F13767&KIND=A
20260905,F02649,P22CACIB7,CREDIT AGRICOLE CORPORATE AND INVESTMENT BANK,20220520,20370520,15,USD,15000000,0,4.75,Applicable,5.000 x 1.000,E.SUN Bank,E.SUN Bank,XS2317956188,https://mopsov.twse.com.tw/mops/web/t113sb02?encodeURIComponent=1&firstin=true&id=&colorchg=&TYPEK=all&step=11&co_id=E0014&MONYR_REG=202205&BOND_ID=F02649&KIND=A
20260905,F09931,P22BNS4,The Bank Of Nova Scotia,20220527,20370527,15,USD,20000000,3.690,0,Applicable,3.000 x 1.000,E.SUN BankKGI Bank,E.SUN Bank,XS2480419865,https://mopsov.twse.com.tw/mops/web/t113sb02?encodeURIComponent=1&firstin=true&id=&colorchg=&TYPEK=all&step=11&co_id=E0075&MONYR_REG=202205&BOND_ID=F09931&KIND=A
20260905,F15320,P22GSFCI7,Goldman Sachs Finance Corp International Ltd,20220527,20370527,15,USD,20000000,4.3496,0,Applicable,4.000 x 1.000,E.SUN Bank,E.SUN Bank,XS2093948128,https://mopsov.twse.com.tw/mops/web/t113sb02?encodeURIComponent=1&firstin=true&id=&colorchg=&TYPEK=all&step=11&co_id=E0124&MONYR_REG=202205&BOND_ID=F15320&KIND=A
20260905,F00818,P22DB6,Deutsche Bank Aktiengesellschaft,20220617,20370617,15,USD,30000000,5.000,0,Applicable,5.000 x 1.000,DeutscheBankAGTPEE.SUN Bank,E.SUN Bank,XS2491151002,https://mopsov.twse.com.tw/mops/web/t113sb02?encodeURIComponent=1&firstin=true&id=&colorchg=&TYPEK=all&step=11&co_id=E0001&MONYR_REG=202206&BOND_ID=F00818&KIND=A
20260905,F13301,P18AT1,Aroundtown SA,20180201,20380201,20,USD,150000000,4.900,0,Applicable,Not a complete month or multiples.Please refer to the prospectus.,E.SUN BankHSBC Bank(Taiwan)LtdKGI SecuritiesYuanta Securities Co,KGI Securities,XS1753814141,https://mopsov.twse.com.tw/mops/web/t113sb02?encodeURIComponent=1&firstin=true&id=&colorchg=&TYPEK=all&step=11&co_id=E0107&MONYR_REG=201802&BOND_ID=F13301&KIND=A
20260905,F02622,P18CACIB1,CREDIT AGRICOLE CORPORATE AND INVESTMENT BANK,20180207,20380207,20,USD,255000000,0,4.1,Applicable,5.000 x 1.000,Chinatrust BankE.SUN BankKGI Banksell the bond itself,KGI Bank,XS1334464788,https://mopsov.twse.com.tw/mops/web/t113sb02?encodeURIComponent=1&firstin=true&id=&colorchg=&TYPEK=all&step=11&co_id=E0014&MONYR_REG=201802&BOND_ID=F02622&KIND=A
20260905,F13768,P23MSF1,Morgan Stanley Finance LLC,20230224,20380224,15,AUD,35000000,6.020,0,Applicable,5.000 x 1.000,E.SUN BankShanghai BankTaipei Fubon Bank,E.SUN Bank,XS2476733188,https://mopsov.twse.com.tw/mops/web/t113sb02?encodeURIComponent=1&firstin=true&id=&colorchg=&TYPEK=all&step=11&co_id=E0111&MONYR_REG=202302&BOND_ID=F13768&KIND=A
20260905,F05446,P23NATIX2,Natixis,20230420,20380420,15,AUD,32000000,6.000,0,Applicable,5.000 x 1.000,E.SUN Bank,E.SUN Bank,XS2486873396,https://mopsov.twse.com.tw/mops/web/t113sb02?encodeURIComponent=1&firstin=true&id=&colorchg=&TYPEK=all&step=11&co_id=E0037&MONYR_REG=202304&BOND_ID=F05446&KIND=A
20260905,F13402,P19ENBD1,Emirates NBD Bank PJSC,20190508,20390508,20,USD,200000000,4.900,0,Not Applicable,Not Applicable,SinoPac SecuritiesStandard Chartered,SinoPac Securities,XS1987902571,https://mopsov.twse.com.tw/mops/web/t113sb02?encodeURIComponent=1&firstin=true&id=&colorchg=&TYPEK=all&step=11&co_id=E0108&MONYR_REG=201905&BOND_ID=F13402&KIND=A
20260905,F13403,P20ENBD1,Emirates NBD Bank PJSC,20200212,20400212,20,USD,130000000,4.030,0,Not Applicable,Not Applicable,DeutscheBankAGTPE,DeutscheBankAGTPE,XS2106862076,https://mopsov.twse.com.tw/mops/web/t113sb02?encodeURIComponent=1&firstin=true&id=&colorchg=&TYPEK=all&step=11&co_id=E0108&MONYR_REG=202002&BOND_ID=F13403&KIND=A
20260905,F13404,P20ENBD2,Emirates NBD Bank PJSC,20200305,20400305,20,USD,300000000,3.750,0,Not Applicable,Not Applicable,ANZ Banking Group TPYuanta Securities Co,Yuanta Securities Co,XS2122894772,https://mopsov.twse.com.tw/mops/web/t113sb02?encodeURIComponent=1&firstin=true&id=&colorchg=&TYPEK=all&step=11&co_id=E0108&MONYR_REG=202003&BOND_ID=F13404&KIND=A
20260905,F13406,P20ENBD4,Emirates NBD Bank PJSC,20200706,20400706,20,USD,105000000,3.800,0,Not Applicable,Not Applicable,E.SUN BankHSBC Bank(Taiwan)Ltd,E.SUN Bank,XS2193733172,https://mopsov.twse.com.tw/mops/web/t113sb02?encodeURIComponent=1&firstin=true&id=&colorchg=&TYPEK=all&step=11&co_id=E0108&MONYR_REG=202007&BOND_ID=F13406&KIND=A
20260905,F13407,P20ENBD5,Emirates NBD Bank PJSC,20200814,20400814,20,USD,200000000,3.500,0,Not Applicable,Not Applicable,HSBC Bank(Taiwan)Ltd,E.SUN Bank,XS2215423042,https://mopsov.twse.com.tw/mops/web/t113sb02?encodeURIComponent=1&firstin=true&id=&colorchg=&TYPEK=all&step=11&co_id=E0108&MONYR_REG=202008&BOND_ID=F13407&KIND=A
20260905,F13411,P20ENBD9,Emirates NBD Bank PJSC,20201125,20401125,20,USD,125000000,3.410,0,Not Applicable,Not Applicable,DeutscheBankAGTPEStandard Chartered,DeutscheBankAGTPE,XS2260655399,https://mopsov.twse.com.tw/mops/web/t113sb02?encodeURIComponent=1&firstin=true&id=&colorchg=&TYPEK=all&step=11&co_id=E0108&MONYR_REG=202011&BOND_ID=F13411&KIND=A
20260905,F13412,P21ENBD1,Emirates NBD Bank PJSC,20210120,20410120,20,USD,150000000,3.250,0,Not Applicable,Not Applicable,ANZ Banking Group TPCACIB TaipeiStandard Chartered,Standard Chartered,XS2283172414,https://mopsov.twse.com.tw/mops/web/t113sb02?encodeURIComponent=1&firstin=true&id=&colorchg=&TYPEK=all&step=11&co_id=E0108&MONYR_REG=202101&BOND_ID=F13412&KIND=A
20260905,F02723,P16MS13,Morgan Stanley,20161003,20411003,25,USD,225000000,0,4,Applicable,3.000 x 0.000,Cathay United BankChinatrust Bank,Cathay United Bank,XS1270663617,https://mopsov.twse.com.tw/mops/web/t113sb02?encodeURIComponent=1&firstin=true&id=&colorchg=&TYPEK=all&step=11&co_id=E0015&MONYR_REG=201609&BOND_ID=F02723&KIND=A
20260905,F02724,P16MS14,Morgan Stanley,20161102,20411102,25,USD,198000000,0,4,Applicable,5.000 x 0.000,Chinatrust BankSinoPac SecuritiesYuanta Securities Co,Chinatrust Bank,XS1414140977,https://mopsov.twse.com.tw/mops/web/t113sb02?encodeURIComponent=1&firstin=true&id=&colorchg=&TYPEK=all&step=11&co_id=E0015&MONYR_REG=201610&BOND_ID=F02724&KIND=A
20260905,F02502,P21NBI1,Nomura Bank International Plc.,20211115,20411115,20,USD,50000000,0,3.2,Applicable,5.000 x 3.000,E.SUN Bank,E.SUN Bank,XS2401369538,https://mopsov.twse.com.tw/mops/web/t113sb02?encodeURIComponent=1&firstin=true&id=&colorchg=&TYPEK=all&step=11&co_id=E0013&MONYR_REG=202111&BOND_ID=F02502&KIND=A
20260905,F02503,P22NBI1,Nomura Bank International Plc.,20220125,20420125,20,USD,125000000,0,3.35,Applicable,5.000 x 3.000,E.SUN Bank,E.SUN Bank,XS2430279187,https://mopsov.twse.com.tw/mops/web/t113sb02?encodeURIComponent=1&firstin=true&id=&colorchg=&TYPEK=all&step=11&co_id=E0013&MONYR_REG=202201&BOND_ID=F02503&KIND=A
20260905,F18801,P23GRSPL1,GreenSaif Pipelines Bidco S.a r.l.,20230223,20420223,19,USD,1500000000,6.510,0,Not Applicable,Not Applicable,BNP PARIBAS TAIWANCitibank Taiwan Ltd.HSBC Bank(Taiwan)LtdJPMorgan,BNP PARIBAS TAIWAN,XS2542166744,https://mopsov.twse.com.tw/mops/web/t113sb02?encodeURIComponent=1&firstin=true&id=&colorchg=&TYPEK=all&step=11&co_id=E0155&MONYR_REG=202302&BOND_ID=F18801&KIND=A
20260905,F04049,P22JPMC6,JPMorgan Chase &amp; Co.,20220809,20420809,20,USD,15000000,0,5.3,Applicable,5.000 x 1.000,JPMorganKGI Securities,KGI Securities,XS1450726465,https://mopsov.twse.com.tw/mops/web/t113sb02?encodeURIComponent=1&firstin=true&id=&colorchg=&TYPEK=all&step=11&co_id=E0027&MONYR_REG=202208&BOND_ID=F04049&KIND=A
20260905,F05444,P22NATIX6,Natixis,20221018,20421018,20,USD,80000000,5.500,0,Applicable,5.000 x 5.000,CATHAY SECURITIES COE.SUN BankYuanta Securities Co,E.SUN Bank,XS2426674847,https://mopsov.twse.com.tw/mops/web/t113sb02?encodeURIComponent=1&firstin=true&id=&colorchg=&TYPEK=all&step=11&co_id=E0037&MONYR_REG=202210&BOND_ID=F05444&KIND=A
20260905,F05829,P23RBCLB4,Royal Bank of Canada London Branch,20230713,20430713,20,USD,15000000,6.000,0,Applicable,5.000 x 1.000,KGI Securities,Not Applicatible,XS2632523739,https://mopsov.twse.com.tw/mops/web/t113sb02?encodeURIComponent=1&firstin=true&id=&colorchg=&TYPEK=all&step=11&co_id=E0040&MONYR_REG=202307&BOND_ID=F05829&KIND=A
20260905,F05452,P23NATIX8,Natixis,20231114,20431114,20,USD,15000000,6.850,0,Applicable,5.000 x 1.000,E.SUN Bank,E.SUN Bank,XS2568876069,https://mopsov.twse.com.tw/mops/web/t113sb02?encodeURIComponent=1&firstin=true&id=&colorchg=&TYPEK=all&step=11&co_id=E0037&MONYR_REG=202311&BOND_ID=F05452&KIND=A
20260905,F04101,P14LLOY1,Lloyds Bank PLC,20141003,20441003,30,USD,250000000,0,4.75,Applicable,10.000 x 5.000,National SecuritiesSinoPac Securities,Not Applicatible,XS1111687767,https://mopsov.twse.com.tw/mops/web/t113sb02?encodeURIComponent=1&firstin=true&id=&colorchg=&TYPEK=all&step=11&co_id=E0028&MONYR_REG=201410&BOND_ID=F04101&KIND=A
20260905,F04102,P14LLOY2,Lloyds Bank PLC,20141021,20441021,30,USD,300000000,0,4.72,Applicable,10.000 x 1.000,National SecuritiesSinoPac Securities,Not Applicatible,XS1120552077,https://mopsov.twse.com.tw/mops/web/t113sb02?encodeURIComponent=1&firstin=true&id=&colorchg=&TYPEK=all&step=11&co_id=E0028&MONYR_REG=201410&BOND_ID=F04102&KIND=A
20260905,F02702,P14MS2,Morgan Stanley,20141211,20441211,30,USD,65000000,0,4.5,Not Applicable,Not Applicable,MasterLink,Not Applicatible,XS1150555263,https://mopsov.twse.com.tw/mops/web/t113sb02?encodeURIComponent=1&firstin=true&id=&colorchg=&TYPEK=all&step=11&co_id=E0015&MONYR_REG=201412&BOND_ID=F02702&KIND=A
20260905,F06101,P15HBEU1,HSBC Bank plc,20150126,20450126,30,USD,220000000,0,4,Applicable,1.000 x 7.000,HSBC Bank(Taiwan)Ltd,Not Applicatible,XS1164731355,https://mopsov.twse.com.tw/mops/web/t113sb02?encodeURIComponent=1&firstin=true&id=&colorchg=&TYPEK=all&step=11&co_id=E0043&MONYR_REG=201501&BOND_ID=F06101&KIND=A
20260905,F02412,P15DBSG6,Deutsche Bank Aktiengesellschaft Singapore Branch,20150507,20450507,30,USD,135000000,0,4.16,Applicable,2.000 x 1.000,DeutscheBankAGTPESinoPac Securities,Not Applicatible,XS1220079013,https://mopsov.twse.com.tw/mops/web/t113sb02?encodeURIComponent=1&firstin=true&id=&colorchg=&TYPEK=all&step=11&co_id=E0012&MONYR_REG=201505&BOND_ID=F02412&KIND=A
20260905,F02802,P15ESUN1,玉山商業銀行股份有限公司,20150527,20450527,30,USD,85000000,0,4.8,Applicable,7.000 x 5.000,E.SUN Banksell the bond itself,Not Applicatible,TW000F028022,https://mopsov.twse.com.tw/mops/web/t120sg01?TYPEK=&bond_id=F02802&bond_kind=3&bond_subn=%24M00000001&bond_yrn=104-1&come=2&encodeURIComponent=1&firstin=true&issuer_stock_code=5847&monyr_reg=202609&pg=&step=0&tg=
20260905,F08201,P15SMBC1,Sumitomo Mitsui Banking Corporation,20150528,20450528,30,USD,655000000,4.300,0,Applicable,10.000 x 1.000,Chinatrust BankKGI Securities,Not Applicatible,XS1233311767,https://mopsov.twse.com.tw/mops/web/t113sb02?encodeURIComponent=1&firstin=true&id=&colorchg=&TYPEK=all&step=11&co_id=E0059&MONYR_REG=201505&BOND_ID=F08201&KIND=A
20260905,F02705,P15MS3,Morgan Stanley,20150623,20450623,30,USD,400000000,0,5,Not Applicable,Not Applicable,MasterLink,Not Applicatible,XS1158161288,https://mopsov.twse.com.tw/mops/web/t113sb02?encodeURIComponent=1&firstin=true&id=&colorchg=&TYPEK=all&step=11&co_id=E0015&MONYR_REG=201506&BOND_ID=F02705&KIND=A
20260905,F04104,P15LLOY2,Lloyds Bank PLC,20150630,20450630,30,USD,190000000,0,4.8,Applicable,10.000 x 1.000,Cathay United BankMega Bank,Not Applicatible,XS1246880352,https://mopsov.twse.com.tw/mops/web/t113sb02?encodeURIComponent=1&firstin=true&id=&colorchg=&TYPEK=all&step=11&co_id=E0028&MONYR_REG=201506&BOND_ID=F04104&KIND=A
20260905,F08501,P15RABO1,Cooperatieve Rabobank U.A.,20150713,20450713,30,USD,320000000,0,4.65,Applicable,7.000 x 7.000,E.SUN BankSinoPac Securities,Not Applicatible,XS1254130997,https://mopsov.twse.com.tw/mops/web/t113sb02?encodeURIComponent=1&firstin=true&id=&colorchg=&TYPEK=all&step=11&co_id=E0062&MONYR_REG=201507&BOND_ID=F08501&KIND=A
20260905,F09201,P15MHBK1,Mizuho Bank Ltd.,20150929,20450929,30,USD,538000000,4.400,0,Applicable,10.000 x 1.000,KGI Securities,Not Applicatible,XS1288310458,https://mopsov.twse.com.tw/mops/web/t113sb02?encodeURIComponent=1&firstin=true&id=&colorchg=&TYPEK=all&step=11&co_id=E0069&MONYR_REG=201509&BOND_ID=F09201&KIND=A
20260905,F09301,P15EDF1,Electricite de France,20151006,20451006,30,USD,1500000000,4.750,0,Not Applicable,Not Applicable,DeutscheBankAGTPEHSBC Bank(Taiwan)LtdKGI SecuritiesTaipei Fubon Bank,Not Applicatible,FR0012990315,https://mopsov.twse.com.tw/mops/web/t113sb02?encodeURIComponent=1&firstin=true&id=&colorchg=&TYPEK=all&step=11&co_id=E0070&MONYR_REG=201510&BOND_ID=F09301&KIND=A
20260905,F02804,P15ESUN3,玉山商業銀行股份有限公司,20151028,20451028,30,USD,63000000,0,4.88,Applicable,7.000 x 5.000,Yuanta Securities Co,Not Applicatible,TW000F028048,https://mopsov.twse.com.tw/mops/web/t120sg01?TYPEK=&bond_id=F02804&bond_kind=3&bond_subn=%24M00000001&bond_yrn=104-3&come=2&encodeURIComponent=1&firstin=true&issuer_stock_code=5847&monyr_reg=202609&pg=&step=0&tg=
20260905,F09601,P15VOD1,Vodafone Group Plc,20151203,20451203,30,USD,186000000,5.350,0,Not Applicable,Not Applicable,KGI Securities,Not Applicatible,XS1325769716,https://mopsov.twse.com.tw/mops/web/t113sb02?encodeURIComponent=1&firstin=true&id=&colorchg=&TYPEK=all&step=11&co_id=E0072&MONYR_REG=201512&BOND_ID=F09601&KIND=A
20260905,F02806,P16ESUN1,玉山商業銀行股份有限公司,20160122,20460122,30,USD,240000000,0,4.88,Applicable,7.000 x 5.000,HSBC Bank(Taiwan)LtdPresident SecuritiesYuanta Securities Co,Not Applicatible,TW000F028063,https://mopsov.twse.com.tw/mops/web/t120sg01?TYPEK=&bond_id=F02806&bond_kind=3&bond_subn=%24M00000003&bond_yrn=105-1&come=2&encodeURIComponent=1&firstin=true&issuer_stock_code=5847&monyr_reg=202609&pg=&step=0&tg=
20260905,F02711,P16MS1,Morgan Stanley,20160129,20460129,30,USD,150000000,0,4.75,Not Applicable,Not Applicable,MasterLink,Not Applicatible,XS1158158573,https://mopsov.twse.com.tw/mops/web/t113sb02?encodeURIComponent=1&firstin=true&id=&colorchg=&TYPEK=all&step=11&co_id=E0015&MONYR_REG=201601&BOND_ID=F02711&KIND=A
20260905,F04106,P16LLOY1,Lloyds Bank PLC,20160203,20460203,30,USD,360000000,0,4.6,Applicable,8.000 x 1.000,Cathay United BankE.SUN Bank,Not Applicatible,XS1350943400,https://mopsov.twse.com.tw/mops/web/t113sb02?encodeURIComponent=1&firstin=true&id=&colorchg=&TYPEK=all&step=11&co_id=E0028&MONYR_REG=201602&BOND_ID=F04106&KIND=A
20260905,F02715,P16MS5,Morgan Stanley,20160321,20460321,30,USD,110000000,0,4.8,Not Applicable,Not Applicable,E.SUN BankYuanta Securities Co,Not Applicatible,XS1270665158,https://mopsov.twse.com.tw/mops/web/t113sb02?encodeURIComponent=1&firstin=true&id=&colorchg=&TYPEK=all&step=11&co_id=E0015&MONYR_REG=201603&BOND_ID=F02715&KIND=A
20260905,F00558,P16EIB1,European Investment Bank,20160420,20460420,30,USD,200000000,0,3.24,Applicable,5.000 x 1.000,National SecuritiesSinoPac Securities,SinoPac Securities,XS1386391939,https://mopsov.twse.com.tw/mops/web/t113sb02?encodeURIComponent=1&firstin=true&id=&colorchg=&TYPEK=all&step=11&co_id=E0079&MONYR_REG=201604&BOND_ID=F00558&KIND=A
20260905,F08503,P16RABO2,Cooperatieve Rabobank U.A.,20160420,20460420,30,USD,260000000,0,4.25,Applicable,6.000 x 6.000,E.SUN BankSinoPac Securities,E.SUN Bank,XS1390429055,https://mopsov.twse.com.tw/mops/web/t113sb02?encodeURIComponent=1&firstin=true&id=&colorchg=&TYPEK=all&step=11&co_id=E0062&MONYR_REG=201604&BOND_ID=F08503&KIND=A
20260905,F02716,P16MS6,Morgan Stanley,20160505,20460505,30,USD,300000000,0,4.55,Applicable,3.000 x 0.000,Capital SecuritiesChinatrust BankE.SUN Bank,E.SUN Bank&lt;br&gt;Chinatrust Bank&lt;br&gt;Capital Securities,XS1401969750,https://mopsov.twse.com.tw/mops/web/t113sb02?encodeURIComponent=1&firstin=true&id=&colorchg=&TYPEK=all&step=11&co_id=E0015&MONYR_REG=201604&BOND_ID=F02716&KIND=A
20260905,F09802,P16MUFGB2,MUFG Bank Ltd.,20160509,20460509,30,USD,285000000,0,4.1,Applicable,5.000 x 5.000,MasterLinkTaipei Fubon Bank,Taipei Fubon Bank&lt;br&gt;Taishin Securities,XS1401785511,https://mopsov.twse.com.tw/mops/web/t113sb02?encodeURIComponent=1&firstin=true&id=&colorchg=&TYPEK=all&step=11&co_id=E0074&MONYR_REG=201605&BOND_ID=F09802&KIND=A
20260905,F02808,P16ESUN3,玉山商業銀行股份有限公司,20160606,20460606,30,USD,95000000,0,4.21,Applicable,7.000 x 5.000,HSBC Bank(Taiwan)LtdYuanta Securities Co,Yuanta Securities Co,TW000F028089,https://mopsov.twse.com.tw/mops/web/t120sg01?TYPEK=&bond_id=F02808&bond_kind=3&bond_subn=%24M00000001&bond_yrn=105-3&come=2&encodeURIComponent=1&firstin=true&issuer_stock_code=5847&monyr_reg=202609&pg=&step=0&tg=
20260905,F00906,P16BNP1,BNP PARIBAS,20160607,20460607,30,USD,461000000,0,4,Applicable,7.000 x 1.000,Bank of TaiwanE.SUN BankMega BankTaipei Fubon Bank,Taipei Fubon Bank,XS1419879090,https://mopsov.twse.com.tw/mops/web/t113sb02?encodeURIComponent=1&firstin=true&id=&colorchg=&TYPEK=all&step=11&co_id=E0002&MONYR_REG=201606&BOND_ID=F00906&KIND=A
20260905,F04107,P16LLOY2,Lloyds Bank PLC,20160613,20460613,30,USD,300000000,0,4.25,Applicable,8.000 x 1.000,E.SUN BankMega Bank,E.SUN Bank,XS1422940442,https://mopsov.twse.com.tw/mops/web/t113sb02?encodeURIComponent=1&firstin=true&id=&colorchg=&TYPEK=all&step=11&co_id=E0028&MONYR_REG=201606&BOND_ID=F04107&KIND=A
20260905,F05806,P16RBCLB3,Royal Bank of Canada London Branch,20160803,20460803,30,USD,300000000,0,3.55,Applicable,2.000 x 5.000,Yuanta Securities Co,Yuanta Securities Co,XS1452412940,https://mopsov.twse.com.tw/mops/web/t113sb02?encodeURIComponent=1&firstin=true&id=&colorchg=&TYPEK=all&step=11&co_id=E0040&MONYR_REG=201608&BOND_ID=F05806&KIND=A
20260905,F09906,P16BNS6,The Bank Of Nova Scotia,20160809,20460809,30,USD,150000000,0,3.63,Applicable,5.000 x 1.000,KGI Securities,KGI Securities,XS1456657797,https://mopsov.twse.com.tw/mops/web/t113sb02?encodeURIComponent=1&firstin=true&id=&colorchg=&TYPEK=all&step=11&co_id=E0075&MONYR_REG=201608&BOND_ID=F09906&KIND=A
20260905,F06503,P16MHSC1,Mizuho Securities Co. Ltd.,20160810,20460810,30,USD,250000000,0,3.7,Applicable,5.000 x 1.000,Cathay United BankE.SUN Bank,E.SUN Bank,XS1453549518,https://mopsov.twse.com.tw/mops/web/t113sb02?encodeURIComponent=1&firstin=true&id=&colorchg=&TYPEK=all&step=11&co_id=E0046&MONYR_REG=201608&BOND_ID=F06503&KIND=A
20260905,F05807,P16RBCLB4,Royal Bank of Canada London Branch,20160815,20460815,30,USD,255000000,0,3.6,Applicable,2.000 x 5.000,KGI Securities,KGI Securities,XS1459820814,https://mopsov.twse.com.tw/mops/web/t113sb02?encodeURIComponent=1&firstin=true&id=&colorchg=&TYPEK=all&step=11&co_id=E0040&MONYR_REG=201608&BOND_ID=F05807&KIND=A
20260905,F03804,P16UOB1,United Overseas Bank Limited,20160825,20460825,30,USD,60000000,0,3.35,Applicable,5.000 x 2.000,Yuanta Securities Co,Yuanta Securities Co,XS1471996519,https://mopsov.twse.com.tw/mops/web/t113sb02?encodeURIComponent=1&firstin=true&id=&colorchg=&TYPEK=all&step=11&co_id=E0025&MONYR_REG=201608&BOND_ID=F03804&KIND=A
20260905,F11001,P16SANTA1,Santander International Products PLC,20160907,20460907,30,USD,250000000,0,4,Applicable,7.000 x 7.000,Yuanta Securities Co,Yuanta Securities Co,XS1475343296,https://mopsov.twse.com.tw/mops/web/t113sb02?encodeURIComponent=1&firstin=true&id=&colorchg=&TYPEK=all&step=11&co_id=E0087&MONYR_REG=201609&BOND_ID=F11001&KIND=A
20260905,F09803,P16MUFGB3,MUFG Bank Ltd.,20160926,20460926,30,USD,310000000,0,3.5,Applicable,5.000 x 5.000,MasterLinkTaipei Fubon Bank,Taishin Securities,XS1490218762,https://mopsov.twse.com.tw/mops/web/t113sb02?encodeURIComponent=1&firstin=true&id=&colorchg=&TYPEK=all&step=11&co_id=E0074&MONYR_REG=201609&BOND_ID=F09803&KIND=A
20260905,F09302,P16EDF1A,Electricite de France,20161021,20461021,30,USD,491000000,4.650,0,Not Applicable,Not Applicable,BANK SINOPACHSBC Bank(Taiwan)LtdMasterLinkStandard Chartered,Standard Chartered,FR0013210978,https://mopsov.twse.com.tw/mops/web/t113sb02?encodeURIComponent=1&firstin=true&id=&colorchg=&TYPEK=all&step=11&co_id=E0070&MONYR_REG=201610&BOND_ID=F09302&KIND=A
20260905,F02732,P17MS8,Morgan Stanley,20171127,20461127,29,USD,72000000,0,4.35,Applicable,6.000 x 0.000,KGI SecuritiesYuanta Securities Co,Yuanta Securities Co,XS1538856219,https://mopsov.twse.com.tw/mops/web/t113sb02?encodeURIComponent=1&firstin=true&id=&colorchg=&TYPEK=all&step=11&co_id=E0015&MONYR_REG=201711&BOND_ID=F02732&KIND=A
20260905,F03805,P16UOB2,United Overseas Bank Limited,20161129,20461129,30,USD,49000000,0,3.51,Applicable,5.000 x 1.000,KGI SecuritiesYuanta Securities Co,KGI Securities,XS1520641017,https://mopsov.twse.com.tw/mops/web/t113sb02?encodeURIComponent=1&firstin=true&id=&colorchg=&TYPEK=all&step=11&co_id=E0025&MONYR_REG=201611&BOND_ID=F03805&KIND=A
20260905,F00559,P16EIB2,European Investment Bank,20161213,20461213,30,USD,130000000,0,3.7,Applicable,6.000 x 1.000,National SecuritiesSinoPac Securities,SinoPac Securities,XS1525845126,https://mopsov.twse.com.tw/mops/web/t113sb02?encodeURIComponent=1&firstin=true&id=&colorchg=&TYPEK=all&step=11&co_id=E0079&MONYR_REG=201612&BOND_ID=F00559&KIND=A
20260905,F11002,P17SANTA1,Santander International Products PLC,20170123,20470123,30,USD,400000000,0,4.53,Applicable,10.000 x 10.000,E.SUN BankYuanta Securities Co,Yuanta Securities Co,XS1548894937,https://mopsov.twse.com.tw/mops/web/t113sb02?encodeURIComponent=1&firstin=true&id=&colorchg=&TYPEK=all&step=11&co_id=E0087&MONYR_REG=201701&BOND_ID=F11002&KIND=A
20260905,F04108,P17LLOY1,Lloyds Bank PLC,20170124,20470124,30,USD,260000000,0,4.3,Applicable,6.000 x 1.000,E.SUN Bank,E.SUN Bank,XS1549578554,https://mopsov.twse.com.tw/mops/web/t113sb02?encodeURIComponent=1&firstin=true&id=&colorchg=&TYPEK=all&step=11&co_id=E0028&MONYR_REG=201701&BOND_ID=F04108&KIND=A
20260905,F11601,P17ADCB1,ADCB Finance (Cayman) Limited,20170207,20470207,30,USD,750000000,0,4.85,Applicable,6.000 x 6.000,E.SUN BankMasterLink,Taishin Securities,XS1551340380,https://mopsov.twse.com.tw/mops/web/t113sb02?encodeURIComponent=1&firstin=true&id=&colorchg=&TYPEK=all&step=11&co_id=E0093&MONYR_REG=201702&BOND_ID=F11601&KIND=A
20260905,F02726,P17MS2,Morgan Stanley,20170209,20470209,30,USD,250000000,0,4.5,Applicable,5.000 x 0.000,Chinatrust BankTaipei Fubon BankYuanta Securities Co,Yuanta Securities Co,XS1414138484,https://mopsov.twse.com.tw/mops/web/t113sb02?encodeURIComponent=1&firstin=true&id=&colorchg=&TYPEK=all&step=11&co_id=E0015&MONYR_REG=201702&BOND_ID=F02726&KIND=A
20260905,F11801,P17SMFG1,SUMITOMO MITSUI FINANCIAL GROUP INC.,20170302,20470302,30,USD,470000000,4.300,0,Applicable,10.000 x 5.000,Chinatrust BankKGI Securities,KGI Securities,XS1564404850,https://mopsov.twse.com.tw/mops/web/t113sb02?encodeURIComponent=1&firstin=true&id=&colorchg=&TYPEK=all&step=11&co_id=E0095&MONYR_REG=201703&BOND_ID=F11801&KIND=A
20260905,F11901,P17CMZB1,COMMERZBANK Aktiengesellschaft,20170308,20470308,30,USD,125000000,0,4.8,Applicable,10.000 x 0.000,Cathay United BankKGI Securities,KGI Securities,XS1572409354,https://mopsov.twse.com.tw/mops/web/t113sb02?encodeURIComponent=1&firstin=true&id=&colorchg=&TYPEK=all&step=11&co_id=E0096&MONYR_REG=201703&BOND_ID=F11901&KIND=A
20260905,F09602,P17VOD1,Vodafone Group Plc,20170309,20470309,30,USD,370000000,5.350,0,Not Applicable,Not Applicable,DeutscheBankAGTPE,DeutscheBankAGTPE,XS1569814863,https://mopsov.twse.com.tw/mops/web/t113sb02?encodeURIComponent=1&firstin=true&id=&colorchg=&TYPEK=all&step=11&co_id=E0072&MONYR_REG=201703&BOND_ID=F09602&KIND=A
20260905,F12101,P17NRWB1,NRW.BANK,20170322,20470322,30,USD,250000000,0,4,Applicable,2.000 x 5.000,E.SUN Bank,E.SUN Bank,XS1559930497,https://mopsov.twse.com.tw/mops/web/t113sb02?encodeURIComponent=1&firstin=true&id=&colorchg=&TYPEK=all&step=11&co_id=E0098&MONYR_REG=201703&BOND_ID=F12101&KIND=A
20260905,F08005,P17BAC1,Bank of America Corporation,20170328,20470328,30,USD,241000000,0,4.8,Applicable,5.250 x 1.000,KGI Securities,KGI Securities,XS1584009101,https://mopsov.twse.com.tw/mops/web/t113sb02?encodeURIComponent=1&firstin=true&id=&colorchg=&TYPEK=all&step=11&co_id=E0057&MONYR_REG=201703&BOND_ID=F08005&KIND=A
20260905,F16008,P22UBSGP1,UBS Group AG,20220329,20470329,25,USD,80000000,0,4.02,Applicable,5.000 x 1.000,MasterLinkNational SecuritiesSinoPac Securities,SinoPac Securities,CH1167887269,https://mopsov.twse.com.tw/mops/web/t113sb02?encodeURIComponent=1&firstin=true&id=&colorchg=&TYPEK=all&step=11&co_id=E0130&MONYR_REG=202203&BOND_ID=F16008&KIND=A
20260905,F02727,P17MS3,Morgan Stanley,20170505,20470505,30,USD,200000000,0,4.5,Applicable,5.000 x 0.000,Cathay United BankMasterLink,Taishin Securities,XS1270661595,https://mopsov.twse.com.tw/mops/web/t113sb02?encodeURIComponent=1&firstin=true&id=&colorchg=&TYPEK=all&step=11&co_id=E0015&MONYR_REG=201705&BOND_ID=F02727&KIND=A
20260905,F02811,P17ESUN1,玉山商業銀行股份有限公司,20170519,20470519,30,USD,60000000,0,4.1,Applicable,5.000 x 1.000,E.SUN Banksell the bond itself,Yuanta Securities Co,TW000F028113,https://mopsov.twse.com.tw/mops/web/t120sg01?TYPEK=&bond_id=F02811&bond_kind=3&bond_subn=%24M00000001&bond_yrn=106-1&come=2&encodeURIComponent=1&firstin=true&issuer_stock_code=5847&monyr_reg=202609&pg=&step=0&tg=
20260905,F12501,P17BSP1,永豐商業銀行股份有限公司,20170519,20470519,30,USD,45000000,0,4.5,Applicable,5.000 x 1.000,National SecuritiesSinoPac Securities,SinoPac Securities,TW000F125018,https://mopsov.twse.com.tw/mops/web/t120sg01?TYPEK=&bond_id=F12501&bond_kind=3&bond_subn=%24M00000001&bond_yrn=106-2&come=2&encodeURIComponent=1&firstin=true&issuer_stock_code=5849&monyr_reg=202608&pg=&step=0&tg=
20260905,F04312,P17NIF1,Nomura International Funding Pte. Ltd.,20170519,20470519,30,USD,190000000,0,4.55,Applicable,5.000 x 1.000,E.SUN BankNational SecuritiesSinoPac SecuritiesYuanta Securities Co,SinoPac Securities,XS1608395973,https://mopsov.twse.com.tw/mops/web/t113sb02?encodeURIComponent=1&firstin=true&id=&colorchg=&TYPEK=all&step=11&co_id=E0030&MONYR_REG=201705&BOND_ID=F04312&KIND=A
20260905,F12601,P17AIA1,AIA Group Limited,20170523,20470523,30,USD,500000000,4.470,0,Applicable,5.000 x 1.000,ANZ Bank(Taiwan)Citibank Taiwan Ltd.DeutscheBankAGTPEHSBC Bank(Taiwan)Ltd,DeutscheBankAGTPE,XS1612943735,https://mopsov.twse.com.tw/mops/web/t113sb02?encodeURIComponent=1&firstin=true&id=&colorchg=&TYPEK=all&step=11&co_id=E0101&MONYR_REG=201705&BOND_ID=F12601&KIND=A
20260905,F01117,P17CITI4,Citigroup Inc,20170523,20470523,30,USD,290000000,0,4.57,Applicable,5.000 x 1.000,E.SUN BankNational SecuritiesSinoPac Securities,E.SUN Bank,XS1273452521,https://mopsov.twse.com.tw/mops/web/t113sb02?encodeURIComponent=1&firstin=true&id=&colorchg=&TYPEK=all&step=11&co_id=E0004&MONYR_REG=201705&BOND_ID=F01117&KIND=A
20260905,F03204,P17BACR2,Barclays Bank PLC,20170526,20470526,30,USD,310000000,0,4.5,Applicable,5.000 x 1.000,KGI SecuritiesSinoPac Securities,SinoPac Securities,XS1556072202,https://mopsov.twse.com.tw/mops/web/t113sb02?encodeURIComponent=1&firstin=true&id=&colorchg=&TYPEK=all&step=11&co_id=E0019&MONYR_REG=201705&BOND_ID=F03204&KIND=A
20260905,F02919,P17GS2,The Goldman Sachs Group Inc.,20170602,20470602,30,USD,180000000,0,4.6,Applicable,5.000 x 1.000,Cathay United BankE.SUN BankFubon SeuritiesKGI Securities,KGI Securities,XS1610711704,https://mopsov.twse.com.tw/mops/web/t113sb02?encodeURIComponent=1&firstin=true&id=&colorchg=&TYPEK=all&step=11&co_id=E0016&MONYR_REG=201705&BOND_ID=F02919&KIND=A
20260905,F02424,P17DBSG2,Deutsche Bank Aktiengesellschaft Singapore Branch,20170606,20470606,30,USD,350000000,0,5,Applicable,5.000 x 1.000,Capital SecuritiesDeutscheBankAGTPEE.SUN BankSinoPac SecuritiesTaipei Fubon Bank,DeutscheBankAGTPE,XS1618340928,https://mopsov.twse.com.tw/mops/web/t113sb02?encodeURIComponent=1&firstin=true&id=&colorchg=&TYPEK=all&step=11&co_id=E0012&MONYR_REG=201706&BOND_ID=F02424&KIND=A
20260905,F08006,P17BAC2,Bank of America Corporation,20170620,20470620,30,USD,475000000,0,4.45,Applicable,5.000 x 1.000,HSBC Bank(Taiwan)LtdKGI Securities,KGI Securities,XS1629659647,https://mopsov.twse.com.tw/mops/web/t113sb02?encodeURIComponent=1&firstin=true&id=&colorchg=&TYPEK=all&step=11&co_id=E0057&MONYR_REG=201706&BOND_ID=F08006&KIND=A
20260905,F04015,P17JPMC2,JPMorgan Chase &amp; Co.,20170621,20470621,30,USD,130000000,0,4.35,Applicable,5.000 x 1.000,Cathay United BankE.SUN Bank,E.SUN Bank,XS1451190570,https://mopsov.twse.com.tw/mops/web/t113sb02?encodeURIComponent=1&firstin=true&id=&colorchg=&TYPEK=all&step=11&co_id=E0027&MONYR_REG=201706&BOND_ID=F04015&KIND=A
20260905,F09806,P17MUFGB3,MUFG Bank Ltd.,20170621,20470621,30,USD,130000000,0,4.15,Applicable,5.000 x 3.000,E.SUN BankMasterLinkTaipei Fubon Bank,Taishin Securities,XS1631313589,https://mopsov.twse.com.tw/mops/web/t113sb02?encodeURIComponent=1&firstin=true&id=&colorchg=&TYPEK=all&step=11&co_id=E0074&MONYR_REG=201706&BOND_ID=F09806&KIND=A
20260905,F02728,P17MS4,Morgan Stanley,20170622,20470622,30,USD,125000000,0,4.45,Applicable,6.000 x 0.000,MasterLinkYuanta Securities Co,Taishin Securities,XS1270660431,https://mopsov.twse.com.tw/mops/web/t113sb02?encodeURIComponent=1&firstin=true&id=&colorchg=&TYPEK=all&step=11&co_id=E0015&MONYR_REG=201706&BOND_ID=F02728&KIND=A
20260905,F01118,P17CITI5,Citigroup Inc,20170623,20470623,30,USD,400000000,0,4.5,Applicable,5.000 x 1.000,E.SUN BankYuanta Securities Co,E.SUN Bank,XS1273460383,https://mopsov.twse.com.tw/mops/web/t113sb02?encodeURIComponent=1&firstin=true&id=&colorchg=&TYPEK=all&step=11&co_id=E0004&MONYR_REG=201706&BOND_ID=F01118&KIND=A
20260905,F04313,P17NIF2,Nomura International Funding Pte. Ltd.,20170630,20470630,30,USD,200000000,0,4.42,Applicable,5.000 x 1.000,E.SUN BankNational SecuritiesSinoPac Securities,SinoPac Securities,XS1633048993,https://mopsov.twse.com.tw/mops/web/t113sb02?encodeURIComponent=1&firstin=true&id=&colorchg=&TYPEK=all&step=11&co_id=E0030&MONYR_REG=201706&BOND_ID=F04313&KIND=A
20260905,F08708,P17BBVA4,BBVA Global Markets B.V.,20170703,20470703,30,USD,50000000,0,4.45,Applicable,5.000 x 1.000,E.SUN BankKGI Securities,E.SUN Bank,XS1634359779,https://mopsov.twse.com.tw/mops/web/t113sb02?encodeURIComponent=1&firstin=true&id=&colorchg=&TYPEK=all&step=11&co_id=E0064&MONYR_REG=201707&BOND_ID=F08708&KIND=A
20260905,F09907,P17BNS1,The Bank Of Nova Scotia,20170705,20470705,30,USD,100000000,0,4.22,Applicable,5.000 x 1.000,KGI Securities,KGI Securities,XS1635459859,https://mopsov.twse.com.tw/mops/web/t113sb02?encodeURIComponent=1&firstin=true&id=&colorchg=&TYPEK=all&step=11&co_id=E0075&MONYR_REG=201707&BOND_ID=F09907&KIND=A
20260905,F05416,P17NATIX3,Natixis,20170713,20470713,30,USD,420000000,0,4.3,Applicable,7.000 x 1.000,Capital SecuritiesChinatrust BankE.SUN BankKGI BankKGI SecuritiesTaipei Fubon BankYuanta Securities Co,E.SUN Bank,XS1535169954,https://mopsov.twse.com.tw/mops/web/t113sb02?encodeURIComponent=1&firstin=true&id=&colorchg=&TYPEK=all&step=11&co_id=E0037&MONYR_REG=201707&BOND_ID=F05416&KIND=A
20260905,F12801,P17CFE1,Comision Federal de Electricidad,20170713,20470713,30,USD,750000000,5.150,0,Not Applicable,Not Applicable,E.SUN BankHSBC Bank(Taiwan)Ltd,E.SUN Bank,XS1638817996,https://mopsov.twse.com.tw/mops/web/t113sb02?encodeURIComponent=1&firstin=true&id=&colorchg=&TYPEK=all&step=11&co_id=E0103&MONYR_REG=201707&BOND_ID=F12801&KIND=A
20260905,F08709,P17BBVA5,BBVA Global Markets B.V.,20170718,20470718,30,USD,75000000,0,4.53,Applicable,5.000 x 2.000,KGI SecuritiesTaipei Fubon Bank,Taipei Fubon Bank,XS1643618454,https://mopsov.twse.com.tw/mops/web/t113sb02?encodeURIComponent=1&firstin=true&id=&colorchg=&TYPEK=all&step=11&co_id=E0064&MONYR_REG=201707&BOND_ID=F08709&KIND=A
20260905,F05206,P17MBB1,Malayan Banking Berhad,20170726,20470726,30,USD,203000000,0,4.4,Applicable,5.000 x 1.000,KGI SecuritiesTaipei Fubon BankYuanta Securities Co,KGI Securities,XS1645864056,https://mopsov.twse.com.tw/mops/web/t113sb02?encodeURIComponent=1&firstin=true&id=&colorchg=&TYPEK=all&step=11&co_id=E0034&MONYR_REG=201707&BOND_ID=F05206&KIND=A
20260905,F11603,P17ADCB3,ADCB Finance (Cayman) Limited,20170726,20470726,30,USD,320000000,0,4.8,Applicable,5.000 x 5.000,E.SUN Bank,E.SUN Bank,XS1645765667,https://mopsov.twse.com.tw/mops/web/t113sb02?encodeURIComponent=1&firstin=true&id=&colorchg=&TYPEK=all&step=11&co_id=E0093&MONYR_REG=201707&BOND_ID=F11603&KIND=A
20260905,F10603,P17CIBC1,Canadian Imperial Bank of Commerce,20170731,20470731,30,USD,300000000,0,4.2,Applicable,5.000 x 1.000,Cathay United BankTaipei Fubon Bank,Cathay United Bank,XS1646520921,https://mopsov.twse.com.tw/mops/web/t113sb02?encodeURIComponent=1&firstin=true&id=&colorchg=&TYPEK=all&step=11&co_id=E0083&MONYR_REG=201707&BOND_ID=F10603&KIND=A
20260905,F12202,P17NAB2,National Australia Bank Limited (ABN 12 004 044 937),20170801,20470801,30,USD,655000000,0,4.275,Applicable,5.000 x 5.000,Cathay United BankTaipei Fubon BankYuanta Securities Co,Cathay United Bank,XS1649627418,https://mopsov.twse.com.tw/mops/web/t113sb02?encodeURIComponent=1&firstin=true&id=&colorchg=&TYPEK=all&step=11&co_id=E0099&MONYR_REG=201708&BOND_ID=F12202&KIND=A
20260905,F01119,P17CITI6,Citigroup Inc,20170810,20470810,30,USD,266000000,0,4.41,Applicable,5.000 x 1.000,Cathay United BankE.SUN BankTaipei Fubon Bank,E.SUN Bank,XS1273515897,https://mopsov.twse.com.tw/mops/web/t113sb02?encodeURIComponent=1&firstin=true&id=&colorchg=&TYPEK=all&step=11&co_id=E0004&MONYR_REG=201708&BOND_ID=F01119&KIND=A
20260905,F01120,P17CITI7,Citigroup Inc,20170810,20470810,30,USD,115000000,0,4.4,Applicable,6.000 x 1.000,E.SUN BankTaipei Fubon Bank,E.SUN Bank,XS1273512365,https://mopsov.twse.com.tw/mops/web/t113sb02?encodeURIComponent=1&firstin=true&id=&colorchg=&TYPEK=all&step=11&co_id=E0004&MONYR_REG=201708&BOND_ID=F01120&KIND=A
20260905,F02920,P17GS3,The Goldman Sachs Group Inc.,20170810,20470810,30,USD,240000000,0,4.35,Applicable,5.000 x 1.000,E.SUN BankFubon SeuritiesKGI Securities,KGI Securities,XS1610708155,https://mopsov.twse.com.tw/mops/web/t113sb02?encodeURIComponent=1&firstin=true&id=&colorchg=&TYPEK=all&step=11&co_id=E0016&MONYR_REG=201708&BOND_ID=F02920&KIND=A
20260905,F08903,P17INTEL1,Intel Corporation,20170814,20470814,30,USD,640000000,4.100,0,Applicable,5.000 x 1.000,DeutscheBankAGTPE,DeutscheBankAGTPE,XS1661884400,https://mopsov.twse.com.tw/mops/web/t113sb02?encodeURIComponent=1&firstin=true&id=&colorchg=&TYPEK=all&step=11&co_id=E0066&MONYR_REG=201708&BOND_ID=F08903&KIND=A
20260905,F02730,P17MS6,Morgan Stanley,20170822,20470822,30,USD,140000000,0,4.3,Applicable,6.000 x 0.000,Chinatrust BankE.SUN Bank,E.SUN Bank,XS1538857373,https://mopsov.twse.com.tw/mops/web/t113sb02?encodeURIComponent=1&firstin=true&id=&colorchg=&TYPEK=all&step=11&co_id=E0015&MONYR_REG=201708&BOND_ID=F02730&KIND=A
20260905,F02729,P17MS5,Morgan Stanley,20170822,20470822,30,USD,105000000,0,4.3,Applicable,7.000 x 0.000,Chinatrust BankE.SUN Bank,E.SUN Bank,XS1538857027,https://mopsov.twse.com.tw/mops/web/t113sb02?encodeURIComponent=1&firstin=true&id=&colorchg=&TYPEK=all&step=11&co_id=E0015&MONYR_REG=201708&BOND_ID=F02729&KIND=A
20260905,F03205,P17BACR3,Barclays Bank PLC,20170824,20470824,30,USD,500000000,0,4.4,Applicable,5.000 x 1.000,National SecuritiesSinoPac SecuritiesYuanta Securities Co,Yuanta Securities Co,XS1599646632,https://mopsov.twse.com.tw/mops/web/t113sb02?encodeURIComponent=1&firstin=true&id=&colorchg=&TYPEK=all&step=11&co_id=E0019&MONYR_REG=201708&BOND_ID=F03205&KIND=A
20260905,F02731,P17MS7,Morgan Stanley,20170829,20470829,30,USD,250000000,0,4.4,Applicable,10.000 x 0.000,Chinatrust BankMasterLink,Taishin Securities,XS1538858181,https://mopsov.twse.com.tw/mops/web/t113sb02?encodeURIComponent=1&firstin=true&id=&colorchg=&TYPEK=all&step=11&co_id=E0015&MONYR_REG=201708&BOND_ID=F02731&KIND=A
20260905,F08007,P17BAC3,Bank of America Corporation,20170901,20470901,30,USD,710000000,0,4.375,Applicable,5.000 x 1.000,HSBC Bank(Taiwan)LtdKGI Securities,KGI Securities,XS1668834077,https://mopsov.twse.com.tw/mops/web/t113sb02?encodeURIComponent=1&firstin=true&id=&colorchg=&TYPEK=all&step=11&co_id=E0057&MONYR_REG=201709&BOND_ID=F08007&KIND=A
20260905,F04016,P17JPMC3,JPMorgan Chase &amp; Co.,20170905,20470905,30,USD,158000000,0,4.3,Applicable,12.000 x 1.000,E.SUN Bank,E.SUN Bank,XS1451187782,https://mopsov.twse.com.tw/mops/web/t113sb02?encodeURIComponent=1&firstin=true&id=&colorchg=&TYPEK=all&step=11&co_id=E0027&MONYR_REG=201709&BOND_ID=F04016&KIND=A
20260905,F09807,P17MUFGB4,MUFG Bank Ltd.,20170908,20470908,30,USD,162000000,0,4.1,Applicable,5.000 x 3.000,MasterLinkTaipei Fubon Bank,Taishin Securities,XS1675765595,https://mopsov.twse.com.tw/mops/web/t113sb02?encodeURIComponent=1&firstin=true&id=&colorchg=&TYPEK=all&step=11&co_id=E0074&MONYR_REG=201709&BOND_ID=F09807&KIND=A
20260905,F04314,P17NIF3,Nomura International Funding Pte. Ltd.,20170920,20470920,30,USD,150000000,0,4.3,Applicable,5.000 x 1.000,Chinatrust BankE.SUN BankSinoPac Securities,E.SUN Bank,XS1678463198,https://mopsov.twse.com.tw/mops/web/t113sb02?encodeURIComponent=1&firstin=true&id=&colorchg=&TYPEK=all&step=11&co_id=E0030&MONYR_REG=201709&BOND_ID=F04314&KIND=A
20260905,F10303,P17QNBF1,QNB Finance Ltd,20170927,20470927,30,USD,630000000,0,5,Applicable,5.000 x 5.000,Standard Chartered,Standard Chartered,XS1685641711,https://mopsov.twse.com.tw/mops/web/t113sb02?encodeURIComponent=1&firstin=true&id=&colorchg=&TYPEK=all&step=11&co_id=E0080&MONYR_REG=201709&BOND_ID=F10303&KIND=A
20260905,F11604,P17ADCB4,ADCB Finance (Cayman) Limited,20170929,20470929,30,USD,220000000,0,4.7,Applicable,5.000 x 5.000,E. Sun SecuritiesMasterLink,Taishin Securities,XS1687992765,https://mopsov.twse.com.tw/mops/web/t113sb02?encodeURIComponent=1&firstin=true&id=&colorchg=&TYPEK=all&step=11&co_id=E0093&MONYR_REG=201709&BOND_ID=F11604&KIND=A
20260905,F01009,P17KEXIM2,The Export-Import Bank of Korea,20171011,20471011,30,USD,200000000,0,4.05,Applicable,5.000 x 5.000,E.SUN BankFubon Seurities,E.SUN Bank,XS1689534615,https://mopsov.twse.com.tw/mops/web/t113sb02?encodeURIComponent=1&firstin=true&id=&colorchg=&TYPEK=all&step=11&co_id=E0003&MONYR_REG=201710&BOND_ID=F01009&KIND=A
20260905,F02425,P17DBSG3,Deutsche Bank Aktiengesellschaft Singapore Branch,20171011,20471011,30,USD,220000000,0,4.4,Applicable,5.000 x 5.000,Bank of TaiwanCapital SecuritiesDeutscheBankAGTPETaipei Fubon BankYuanta Securities Co,DeutscheBankAGTPE,XS1693959774,https://mopsov.twse.com.tw/mops/web/t113sb02?encodeURIComponent=1&firstin=true&id=&colorchg=&TYPEK=all&step=11&co_id=E0012&MONYR_REG=201710&BOND_ID=F02425&KIND=A
20260905,F09503,P17HKE1,Hongkong Electric Finance Limited,20171012,20471012,30,USD,400000000,0,4.375,Applicable,5.000 x 1.000,BNP PARIBAS TAIWAN,BNP PARIBAS TAIWAN,XS1684256602,https://mopsov.twse.com.tw/mops/web/t113sb02?encodeURIComponent=1&firstin=true&id=&colorchg=&TYPEK=all&step=11&co_id=E0071&MONYR_REG=201710&BOND_ID=F09503&KIND=A
20260905,F05207,P17MBB2,Malayan Banking Berhad,20171019,20471019,30,USD,300000000,0,4.4,Applicable,5.000 x 1.000,BNP PARIBAS TAIWANKGI SecuritiesYuanta Securities Co,KGI Securities,XS1694272243,https://mopsov.twse.com.tw/mops/web/t113sb02?encodeURIComponent=1&firstin=true&id=&colorchg=&TYPEK=all&step=11&co_id=E0034&MONYR_REG=201710&BOND_ID=F05207&KIND=A
20260905,F03512,P17UBSLN3,UBS AG London Branch,20171024,20471024,30,USD,190000000,0,4.15,Applicable,5.000 x 1.000,SinoPac SecuritiesYuanta Securities Co,Yuanta Securities Co,XS1694652584,https://mopsov.twse.com.tw/mops/web/t113sb02?encodeURIComponent=1&firstin=true&id=&colorchg=&TYPEK=all&step=11&co_id=E0022&MONYR_REG=201710&BOND_ID=F03512&KIND=A
20260905,F03806,P17UOB1,United Overseas Bank Limited,20171026,20471026,30,USD,50000000,0,4,Applicable,5.000 x 1.000,Yuanta Securities Co,Yuanta Securities Co,XS1698325526,https://mopsov.twse.com.tw/mops/web/t113sb02?encodeURIComponent=1&firstin=true&id=&colorchg=&TYPEK=all&step=11&co_id=E0025&MONYR_REG=201710&BOND_ID=F03806&KIND=A
20260905,F13001,P17TBB1,臺灣中小企業銀行股份有限公司,20171027,20471027,30,USD,120000000,0,4.1,Applicable,5.000 x 1.000,KGI Bank,KGI Bank,TW000F130018,https://mopsov.twse.com.tw/mops/web/t120sg01?TYPEK=&bond_id=F13001&bond_kind=3&bond_subn=%24M00000001&bond_yrn=106-3&come=2&encodeURIComponent=1&firstin=true&issuer_stock_code=2834&monyr_reg=202608&pg=&step=0&tg=
20260905,F04017,P17JPMC4,JPMorgan Chase &amp; Co.,20171103,20471103,30,USD,192000000,0,4.25,Applicable,5.000 x 5.000,Cathay United BankE.SUN Bank,E.SUN Bank,XS1451173212,https://mopsov.twse.com.tw/mops/web/t113sb02?encodeURIComponent=1&firstin=true&id=&colorchg=&TYPEK=all&step=11&co_id=E0027&MONYR_REG=201711&BOND_ID=F04017&KIND=A
20260905,F09808,P17MUFGB5,MUFG Bank Ltd.,20171106,20471106,30,USD,120000000,0,4.15,Applicable,5.000 x 3.000,E.SUN BankMasterLinkTaipei Fubon Bank,Taishin Securities,XS1707703408,https://mopsov.twse.com.tw/mops/web/t113sb02?encodeURIComponent=1&firstin=true&id=&colorchg=&TYPEK=all&step=11&co_id=E0074&MONYR_REG=201711&BOND_ID=F09808&KIND=A
20260905,F02812,P17ESUN2,玉山商業銀行股份有限公司,20171121,20471121,30,USD,135000000,0,4.1,Applicable,5.000 x 1.000,E.SUN Banksell the bond itself,Yuanta Securities Co,TW000F028121,https://mopsov.twse.com.tw/mops/web/t120sg01?TYPEK=&bond_id=F02812&bond_kind=3&bond_subn=%24M00000001&bond_yrn=106-2&come=2&encodeURIComponent=1&firstin=true&issuer_stock_code=5847&monyr_reg=202609&pg=&step=0&tg=
20260905,F02620,P17CACIB4,CREDIT AGRICOLE CORPORATE AND INVESTMENT BANK,20171122,20471122,30,USD,75000000,0,4.1,Applicable,5.000 x 1.000,Cathay United BankYuanta Securities Co,Yuanta Securities Co,XS1566945090,https://mopsov.twse.com.tw/mops/web/t113sb02?encodeURIComponent=1&firstin=true&id=&colorchg=&TYPEK=all&step=11&co_id=E0014&MONYR_REG=201711&BOND_ID=F02620&KIND=A
20260905,F04205,P17CUB2,國泰世華商業銀行股份有限公司,20171124,20471124,30,USD,300000000,0,4.1,Applicable,5.000 x 1.000,Cathay United Banksell the bond itself,Yuanta Securities Co,TW000F042056,https://mopsov.twse.com.tw/mops/web/t120sg01?TYPEK=&bond_id=F04205&bond_kind=3&bond_subn=%24M00000001&bond_yrn=106-3&come=2&encodeURIComponent=1&firstin=true&issuer_stock_code=5835&monyr_reg=202608&pg=&step=0&tg=
20260905,F13101,P17WBC1,Westpac Banking Corporation,20171128,20471128,30,USD,570000000,0,4.2,Applicable,7.000 x 7.000,Cathay United BankE.SUN BankTaipei Fubon Bank,E.SUN Bank,XS1720964417,https://mopsov.twse.com.tw/mops/web/t113sb02?encodeURIComponent=1&firstin=true&id=&colorchg=&TYPEK=all&step=11&co_id=E0105&MONYR_REG=201711&BOND_ID=F13101&KIND=A
20260905,F03807,P17UOB2,United Overseas Bank Limited,20171129,20471129,30,USD,55000000,0,4,Applicable,5.000 x 1.000,Chinatrust BankKGI Securities,KGI Securities,XS1719434851,https://mopsov.twse.com.tw/mops/web/t113sb02?encodeURIComponent=1&firstin=true&id=&colorchg=&TYPEK=all&step=11&co_id=E0025&MONYR_REG=201711&BOND_ID=F03807&KIND=A
20260905,F06406,P17TPFB2,台北富邦商業銀行股份有限公司,20171204,20471204,30,USD,100000000,0,4.1,Applicable,5.000 x 1.000,Taipei Fubon Banksell the bond itself,Taishin Securities,TW000F064068,https://mopsov.twse.com.tw/mops/web/t120sg01?TYPEK=&bond_id=F06406&bond_kind=3&bond_subn=%24M00000001&bond_yrn=106-5&come=2&encodeURIComponent=1&firstin=true&issuer_stock_code=5836&monyr_reg=202608&pg=&step=0&tg=
20260905,F03513,P17UBSLN4,UBS AG London Branch,20171205,20471205,30,USD,170000000,0,4.21,Applicable,5.000 x 1.000,Yuanta Securities Co,Yuanta Securities Co,XS1720950895,https://mopsov.twse.com.tw/mops/web/t113sb02?encodeURIComponent=1&firstin=true&id=&colorchg=&TYPEK=all&step=11&co_id=E0022&MONYR_REG=201712&BOND_ID=F03513&KIND=A
20260905,F13201,P17HBFR1,HSBC France,20171206,20471206,30,USD,90000000,0,4.25,Applicable,5.000 x 1.000,E.SUN BankHSBC Bank(Taiwan)Ltd,E.SUN Bank,FR0013298296,https://mopsov.twse.com.tw/mops/web/t113sb02?encodeURIComponent=1&firstin=true&id=&colorchg=&TYPEK=all&step=11&co_id=E0106&MONYR_REG=201712&BOND_ID=F13201&KIND=A
20260905,F02921,P17GS4,The Goldman Sachs Group Inc.,20171207,20471207,30,USD,140000000,0,4.4,Applicable,5.000 x 1.000,E.SUN BankKGI SecuritiesYuanta Securities Co,KGI Securities,XS1610702117,https://mopsov.twse.com.tw/mops/web/t113sb02?encodeURIComponent=1&firstin=true&id=&colorchg=&TYPEK=all&step=11&co_id=E0016&MONYR_REG=201712&BOND_ID=F02921&KIND=A
20260905,F04315,P17NIF4,Nomura International Funding Pte. Ltd.,20171208,20471208,30,USD,170000000,0,4.35,Applicable,5.000 x 1.000,MasterLinkNational SecuritiesSinoPac SecuritiesYuanta Securities Co,E.SUN Bank,XS1726149658,https://mopsov.twse.com.tw/mops/web/t113sb02?encodeURIComponent=1&firstin=true&id=&colorchg=&TYPEK=all&step=11&co_id=E0030&MONYR_REG=201712&BOND_ID=F04315&KIND=A
20260905,F11605,P18ADCB1,ADCB Finance (Cayman) Limited,20180118,20480118,30,USD,540000000,0,4.75,Applicable,5.000 x 7.000,National SecuritiesSinoPac Securities,SinoPac Securities,XS1748455570,https://mopsov.twse.com.tw/mops/web/t113sb02?encodeURIComponent=1&firstin=true&id=&colorchg=&TYPEK=all&step=11&co_id=E0093&MONYR_REG=201801&BOND_ID=F11605&KIND=A
20260905,F03206,P18BACR1,Barclays Bank PLC,20180119,20480119,30,USD,670000000,0,4.25,Applicable,5.000 x 1.000,Cathay United BankKGI Securities,Cathay United Bank,XS1683848664,https://mopsov.twse.com.tw/mops/web/t113sb02?encodeURIComponent=1&firstin=true&id=&colorchg=&TYPEK=all&step=11&co_id=E0019&MONYR_REG=201801&BOND_ID=F03206&KIND=A
20260905,F11303,P18FAB1,First Abu Dhabi Bank,20180122,20480122,30,USD,610000000,0,4.7,Applicable,5.000 x 5.000,CACIB TaipeiKGI SecuritiesSG Securities TaipeiStandard Chartered,Standard Chartered,XS1753770269,https://mopsov.twse.com.tw/mops/web/t113sb02?encodeURIComponent=1&firstin=true&id=&colorchg=&TYPEK=all&step=11&co_id=E0090&MONYR_REG=201801&BOND_ID=F11303&KIND=A
20260905,F10304,P18QNBF1,QNB Finance Ltd,20180123,20480123,30,USD,720000000,0,5.15,Applicable,5.000 x 5.000,Capital SecuritiesStandard Chartered,Standard Chartered,XS1748458244,https://mopsov.twse.com.tw/mops/web/t113sb02?encodeURIComponent=1&firstin=true&id=&colorchg=&TYPEK=all&step=11&co_id=E0080&MONYR_REG=201801&BOND_ID=F10304&KIND=A
20260905,F02236,P18SG1,Societe Generale,20180124,20480124,30,USD,440000000,0,4.2,Applicable,5.000 x 1.000,BANK SINOPACCapital SecuritiesCathay United BankE.SUN BankFubon SeuritiesKGI BankSG Securities Taipei,E.SUN Bank,XS1718906750,https://mopsov.twse.com.tw/mops/web/t113sb02?encodeURIComponent=1&firstin=true&id=&colorchg=&TYPEK=all&step=11&co_id=E0010&MONYR_REG=201801&BOND_ID=F02236&KIND=A
20260905,F05417,P18NATIX1,Natixis,20180126,20480126,30,USD,600000000,0,4.2,Applicable,7.000 x 1.000,BANK SINOPACCapital SecuritiesE.SUN BankKGI Bank,KGI Bank,XS1682088395,https://mopsov.twse.com.tw/mops/web/t113sb02?encodeURIComponent=1&firstin=true&id=&colorchg=&TYPEK=all&step=11&co_id=E0037&MONYR_REG=201801&BOND_ID=F05417&KIND=A
20260905,F09809,P18MUFGB1,MUFG Bank Ltd.,20180126,20480126,30,USD,150000000,0,4.1,Applicable,5.000 x 3.000,E.SUN BankMasterLink,Taishin Securities,XS1755244446,https://mopsov.twse.com.tw/mops/web/t113sb02?encodeURIComponent=1&firstin=true&id=&colorchg=&TYPEK=all&step=11&co_id=E0074&MONYR_REG=201801&BOND_ID=F09809&KIND=A
20260905,F02426,P18DBSG1,Deutsche Bank Aktiengesellschaft Singapore Branch,20180129,20480129,30,USD,500000000,0,4.58,Applicable,5.000 x 5.000,Bank of TaiwanDeutscheBankAGTPEE.SUN BankFubon SeuritiesKGI Bank,DeutscheBankAGTPE,XS1750213024,https://mopsov.twse.com.tw/mops/web/t113sb02?encodeURIComponent=1&firstin=true&id=&colorchg=&TYPEK=all&step=11&co_id=E0012&MONYR_REG=201801&BOND_ID=F02426&KIND=A
20260905,F08710,P18BBVA1,BBVA Global Markets B.V.,20180131,20480131,30,USD,75000000,0,4.38,Applicable,5.000 x 1.000,E.SUN Bank,E.SUN Bank,XS1752854403,https://mopsov.twse.com.tw/mops/web/t113sb02?encodeURIComponent=1&firstin=true&id=&colorchg=&TYPEK=all&step=11&co_id=E0064&MONYR_REG=201801&BOND_ID=F08710&KIND=A
20260905,F08711,P18BBVA2,BBVA Global Markets B.V.,20180131,20480131,30,USD,75000000,0,4.37,Applicable,5.000 x 2.000,E.SUN Bank,E.SUN Bank,XS1752854585,https://mopsov.twse.com.tw/mops/web/t113sb02?encodeURIComponent=1&firstin=true&id=&colorchg=&TYPEK=all&step=11&co_id=E0064&MONYR_REG=201801&BOND_ID=F08711&KIND=A
20260905,F08410,P18NBC1,National Bank of Canada,20180202,20480202,30,USD,140000000,0,4.23,Applicable,5.000 x 1.000,KGI Securities,KGI Securities,XS1753917209,https://mopsov.twse.com.tw/mops/web/t113sb02?encodeURIComponent=1&firstin=true&id=&colorchg=&TYPEK=all&step=11&co_id=E0061&MONYR_REG=201802&BOND_ID=F08410&KIND=A
20260905,F03911,P18DBS1,DBS Bank Ltd.,20180202,20480202,30,USD,250000000,0,4.02,Applicable,5.000 x 1.000,National SecuritiesSinoPac SecuritiesYuanta Securities Co,SinoPac Securities,XS1748320139,https://mopsov.twse.com.tw/mops/web/t113sb02?encodeURIComponent=1&firstin=true&id=&colorchg=&TYPEK=all&step=11&co_id=E0026&MONYR_REG=201802&BOND_ID=F03911&KIND=A
20260905,F02733,P18MS1,Morgan Stanley,20180205,20480205,30,USD,100000000,0,4.35,Applicable,8.000 x 0.000,Capital SecuritiesCathay United BankTaipei Fubon Bank,Capital Securities,XS1538857530,https://mopsov.twse.com.tw/mops/web/t113sb02?encodeURIComponent=1&firstin=true&id=&colorchg=&TYPEK=all&step=11&co_id=E0015&MONYR_REG=201802&BOND_ID=F02733&KIND=A
20260905,F02922,P18GS1,The Goldman Sachs Group Inc.,20180206,20480206,30,USD,262000000,0,4.31,Applicable,5.000 x 1.000,E.SUN BankFubon SeuritiesKGI SecuritiesMasterLinkYuanta Securities Cosell the bond itself,KGI Securities,XS1610701903,https://mopsov.twse.com.tw/mops/web/t113sb02?encodeURIComponent=1&firstin=true&id=&colorchg=&TYPEK=all&step=11&co_id=E0016&MONYR_REG=201802&BOND_ID=F02922&KIND=A
20260905,F04018,P18JPMC1,JPMorgan Chase &amp; Co.,20180206,20480206,30,USD,390000000,0,4.23,Applicable,6.000 x 5.000,Cathay United BankE.SUN BankYuanta Securities Co,E.SUN Bank,XS1451146242,https://mopsov.twse.com.tw/mops/web/t113sb02?encodeURIComponent=1&firstin=true&id=&colorchg=&TYPEK=all&step=11&co_id=E0027&MONYR_REG=201802&BOND_ID=F04018&KIND=A
20260905,F13401,P18ENBD1,Emirates NBD Bank PJSC,20180206,20480206,30,USD,285000000,0,5.2,Applicable,5.000 x 5.000,Cathay United BankStandard Charteredsell the bond itself,Cathay United Bank,XS1758692393,https://mopsov.twse.com.tw/mops/web/t113sb02?encodeURIComponent=1&firstin=true&id=&colorchg=&TYPEK=all&step=11&co_id=E0108&MONYR_REG=201802&BOND_ID=F13401&KIND=A
20260905,F05810,P18RBCLB1,Royal Bank of Canada London Branch,20180207,20480207,30,USD,120000000,0,4.02,Applicable,5.000 x 5.000,KGI SecuritiesYuanta Securities Co,KGI Securities,XS1753760112,https://mopsov.twse.com.tw/mops/web/t113sb02?encodeURIComponent=1&firstin=true&id=&colorchg=&TYPEK=all&step=11&co_id=E0040&MONYR_REG=201802&BOND_ID=F05810&KIND=A
20260905,F01121,P18CITI1,Citigroup Inc,20180209,20480209,30,USD,445000000,0,4.35,Applicable,5.000 x 1.000,Cathay United BankChinatrust BankE.SUN BankSinoPac SecuritiesTaipei Fubon BankYuanta Securities Co,Not Applicatible,XS1273449659,https://mopsov.twse.com.tw/mops/web/t113sb02?encodeURIComponent=1&firstin=true&id=&colorchg=&TYPEK=all&step=11&co_id=E0004&MONYR_REG=201802&BOND_ID=F01121&KIND=A
20260905,F11802,P18SMFG1,SUMITOMO MITSUI FINANCIAL GROUP INC.,20180209,20480209,30,USD,265000000,4.200,0,Applicable,10.000 x 5.000,KGI SecuritiesMasterLink,KGI Securities,XS1760636966,https://mopsov.twse.com.tw/mops/web/t113sb02?encodeURIComponent=1&firstin=true&id=&colorchg=&TYPEK=all&step=11&co_id=E0095&MONYR_REG=201802&BOND_ID=F11802&KIND=A
20260905,F10705,P18BMO1,Bank of Montreal,20180212,20480212,30,USD,250000000,0,4.2,Applicable,5.000 x 1.000,Yuanta Securities Co,Yuanta Securities Co,XS1766853870,https://mopsov.twse.com.tw/mops/web/t113sb02?encodeURIComponent=1&firstin=true&id=&colorchg=&TYPEK=all&step=11&co_id=E0084&MONYR_REG=201802&BOND_ID=F10705&KIND=A
20260905,F03514,P18UBSLN1,UBS AG London Branch,20180212,20480212,30,USD,190000000,0,4.25,Applicable,5.000 x 1.000,Capital SecuritiesE.SUN BankSinoPac SecuritiesYuanta Securities Co,Yuanta Securities Co,XS1766892183,https://mopsov.twse.com.tw/mops/web/t113sb02?encodeURIComponent=1&firstin=true&id=&colorchg=&TYPEK=all&step=11&co_id=E0022&MONYR_REG=201802&BOND_ID=F03514&KIND=A
20260905,F05107,P18BOT1B,臺灣銀行股份有限公司,20180226,20480226,30,USD,470000000,0,4.07,Applicable,5.000 x 1.000,Bank of Taiwansell the bond itself,Yuanta Securities Co,TW000F051073,https://mopsov.twse.com.tw/mops/web/t120sg01?TYPEK=&bond_id=F05107&bond_kind=3&bond_subn=B&bond_yrn=107-1&come=2&encodeURIComponent=1&firstin=true&issuer_stock_code=5858&monyr_reg=202609&pg=&step=0&tg=
20260905,F09810,P18MUFGB2,MUFG Bank Ltd.,20180227,20480227,30,USD,200000000,0,4.35,Applicable,6.000 x 3.000,E.SUN BankMasterLink,Taishin Securities,XS1772078371,https://mopsov.twse.com.tw/mops/web/t113sb02?encodeURIComponent=1&firstin=true&id=&colorchg=&TYPEK=all&step=11&co_id=E0074&MONYR_REG=201802&BOND_ID=F09810&KIND=A
20260905,F02623,P18CACIB2,CREDIT AGRICOLE CORPORATE AND INVESTMENT BANK,20180227,20480227,30,USD,155000000,0,4.3,Applicable,5.000 x 1.000,CACIB TaipeiCapital SecuritiesChinatrust BankFubon Seurities,Capital Securities,XS1334464945,https://mopsov.twse.com.tw/mops/web/t113sb02?encodeURIComponent=1&firstin=true&id=&colorchg=&TYPEK=all&step=11&co_id=E0014&MONYR_REG=201802&BOND_ID=F02623&KIND=A
20260905,F10805,P18KBN1,Kommunalbanken AS,20180227,20480227,30,USD,290000000,0,4.25,Applicable,5.000 x 10.000,BNP PARIBAS TAIWAN,BNP PARIBAS TAIWAN,XS1769934560,https://mopsov.twse.com.tw/mops/web/t113sb02?encodeURIComponent=1&firstin=true&id=&colorchg=&TYPEK=all&step=11&co_id=E0085&MONYR_REG=201802&BOND_ID=F10805&KIND=A
20260905,F04606,P18MEGA1,兆豐國際商業銀行股份有限公司,20180301,20480301,30,USD,330000000,0,4.18,Applicable,5.000 x 1.000,Mega Banksell the bond itself,KGI Securities,TW000F046065,https://mopsov.twse.com.tw/mops/web/t120sg01?TYPEK=&bond_id=F04606&bond_kind=3&bond_subn=%24M00000001&bond_yrn=107-1&come=2&encodeURIComponent=1&firstin=true&issuer_stock_code=5843&monyr_reg=202608&pg=&step=0&tg=
20260905,F00911,P18BNP1,BNP PARIBAS,20180306,20480306,30,USD,250000000,0,4.45,Applicable,5.000 x 2.000,BNP PARIBAS TAIWAN,BNP PARIBAS TAIWAN,XS1776012681,https://mopsov.twse.com.tw/mops/web/t113sb02?encodeURIComponent=1&firstin=true&id=&colorchg=&TYPEK=all&step=11&co_id=E0002&MONYR_REG=201803&BOND_ID=F00911&KIND=A
20260905,F13501,P18DAIWA1,Daiwa Securities Co. Ltd.,20180306,20480306,30,USD,65000000,0,4.48,Applicable,5.000 x 3.000,Cathay United BankKGI Securities,KGI Securities,XS1769384477,https://mopsov.twse.com.tw/mops/web/t113sb02?encodeURIComponent=1&firstin=true&id=&colorchg=&TYPEK=all&step=11&co_id=E0109&MONYR_REG=201803&BOND_ID=F13501&KIND=A
20260905,F05418,P18NATIX2,Natixis,20180308,20480308,30,USD,220000000,0,4.32,Applicable,7.000 x 1.000,BANK SINOPACCapital SecuritiesCathay United BankE.SUN BankKGI Bank,BANK SINOPAC,XS1700049064,https://mopsov.twse.com.tw/mops/web/t113sb02?encodeURIComponent=1&firstin=true&id=&colorchg=&TYPEK=all&step=11&co_id=E0037&MONYR_REG=201803&BOND_ID=F05418&KIND=A
20260905,F06407,P18TPFB1,台北富邦商業銀行股份有限公司,20180308,20480308,30,USD,195000000,0,4.35,Applicable,5.000 x 5.000,Taipei Fubon Banksell the bond itself,Taishin Securities,TW000F064076,https://mopsov.twse.com.tw/mops/web/t120sg01?TYPEK=&bond_id=F06407&bond_kind=3&bond_subn=%24M00000001&bond_yrn=107-2&come=2&encodeURIComponent=1&firstin=true&issuer_stock_code=5836&monyr_reg=202608&pg=&step=0&tg=
20260905,F12802,P18CFE1,Comision Federal de Electricidad,20180312,20480312,30,USD,727000000,5.000,0,Not Applicable,Not Applicable,E.SUN BankHSBC Bank(Taiwan)Ltd,E.SUN Bank,XS1773650681,https://mopsov.twse.com.tw/mops/web/t113sb02?encodeURIComponent=1&firstin=true&id=&colorchg=&TYPEK=all&step=11&co_id=E0103&MONYR_REG=201803&BOND_ID=F12802&KIND=A
20260905,F08008,P18BAC1,Bank of America Corporation,20180313,20480313,30,USD,270000000,0,4.55,Applicable,5.000 x 1.000,Cathay United BankHSBC Bank(Taiwan)LtdKGI Securities,KGI Securities,XS1788495494,https://mopsov.twse.com.tw/mops/web/t113sb02?encodeURIComponent=1&firstin=true&id=&colorchg=&TYPEK=all&step=11&co_id=E0057&MONYR_REG=201803&BOND_ID=F08008&KIND=A
20260905,F04019,P18JPMC2,JPMorgan Chase &amp; Co.,20180314,20480314,30,USD,135000000,0,4.53,Applicable,6.000 x 5.000,BANK SINOPACE.SUN Bank,E.SUN Bank,XS1451138579,https://mopsov.twse.com.tw/mops/web/t113sb02?encodeURIComponent=1&firstin=true&id=&colorchg=&TYPEK=all&step=11&co_id=E0027&MONYR_REG=201803&BOND_ID=F04019&KIND=A
20260905,F06504,P18MHSC1,Mizuho Securities Co. Ltd.,20180316,20480316,30,USD,20000000,0,4.5,Applicable,5.000 x 1.000,Cathay United BankE.SUN Bank,E.SUN Bank,XS1776408327,https://mopsov.twse.com.tw/mops/web/t113sb02?encodeURIComponent=1&firstin=true&id=&colorchg=&TYPEK=all&step=11&co_id=E0046&MONYR_REG=201803&BOND_ID=F06504&KIND=A
20260905,F12203,P18NAB1,National Australia Bank Limited (ABN 12 004 044 937),20180319,20480319,30,USD,470000000,0,4.5,Applicable,6.000 x 6.000,Cathay United BankTaipei Fubon BankYuanta Securities Co,Cathay United Bank,XS1789630230,https://mopsov.twse.com.tw/mops/web/t113sb02?encodeURIComponent=1&firstin=true&id=&colorchg=&TYPEK=all&step=11&co_id=E0099&MONYR_REG=201803&BOND_ID=F12203&KIND=A
20260905,F13202,P18HBFR1,HSBC France,20180319,20480319,30,USD,170000000,0,4.5,Applicable,5.000 x 1.000,E.SUN BankHSBC Bank(Taiwan)Ltd,E.SUN Bank,FR0013321338,https://mopsov.twse.com.tw/mops/web/t113sb02?encodeURIComponent=1&firstin=true&id=&colorchg=&TYPEK=all&step=11&co_id=E0106&MONYR_REG=201803&BOND_ID=F13202&KIND=A
20260905,F02734,P18MS2,Morgan Stanley,20180320,20480320,30,USD,30000000,0,4.55,Applicable,8.000 x 0.000,Taipei Fubon Bank,Taipei Fubon Bank,XS1538855674,https://mopsov.twse.com.tw/mops/web/t113sb02?encodeURIComponent=1&firstin=true&id=&colorchg=&TYPEK=all&step=11&co_id=E0015&MONYR_REG=201803&BOND_ID=F02734&KIND=A
20260905,F10806,P18KBN2,Kommunalbanken AS,20180322,20480322,30,USD,150000000,0,4.25,Applicable,5.000 x 10.000,E.SUN Bank,E.SUN Bank,XS1792203934,https://mopsov.twse.com.tw/mops/web/t113sb02?encodeURIComponent=1&firstin=true&id=&colorchg=&TYPEK=all&step=11&co_id=E0085&MONYR_REG=201803&BOND_ID=F10806&KIND=A
20260905,F03515,P18UBSLN2,UBS AG London Branch,20180323,20480323,30,USD,230000000,0,4.5,Applicable,5.000 x 1.000,Cathay United BankE.SUN BankKGI SecuritiesYuanta Securities Co,KGI Securities,XS1791439174,https://mopsov.twse.com.tw/mops/web/t113sb02?encodeURIComponent=1&firstin=true&id=&colorchg=&TYPEK=all&step=11&co_id=E0022&MONYR_REG=201803&BOND_ID=F03515&KIND=A
20260905,F01122,P18CITI2,Citigroup Inc,20180326,20480326,30,USD,195000000,0,4.61,Applicable,5.000 x 1.000,Cathay United BankE.SUN BankYuanta Securities Co,E.SUN Bank,XS1273450400,https://mopsov.twse.com.tw/mops/web/t113sb02?encodeURIComponent=1&firstin=true&id=&colorchg=&TYPEK=all&step=11&co_id=E0004&MONYR_REG=201803&BOND_ID=F01122&KIND=A
20260905,F05812,P18RBCLB3,Royal Bank of Canada London Branch,20180327,20480327,30,USD,59000000,0,4.45,Applicable,5.000 x 5.000,KGI Securities,KGI Securities,XS1790069873,https://mopsov.twse.com.tw/mops/web/t113sb02?encodeURIComponent=1&firstin=true&id=&colorchg=&TYPEK=all&step=11&co_id=E0040&MONYR_REG=201803&BOND_ID=F05812&KIND=A
20260905,F12102,P18NRWB1,NRW.BANK,20180328,20480328,30,USD,150000000,0,4.25,Applicable,5.000 x 5.000,KGI Securities,KGI Securities,XS1794222809,https://mopsov.twse.com.tw/mops/web/t113sb02?encodeURIComponent=1&firstin=true&id=&colorchg=&TYPEK=all&step=11&co_id=E0098&MONYR_REG=201803&BOND_ID=F12102&KIND=A
20260905,F02923,P18GS2,The Goldman Sachs Group Inc.,20180328,20480328,30,USD,240000000,0,4.665,Applicable,5.000 x 1.000,Cathay United BankE.SUN BankKGI SecuritiesMasterLinkSinoPac SecuritiesTaipei Fubon Banksell the bond itself,KGI Securities,XS1610700681,https://mopsov.twse.com.tw/mops/web/t113sb02?encodeURIComponent=1&firstin=true&id=&colorchg=&TYPEK=all&step=11&co_id=E0016&MONYR_REG=201803&BOND_ID=F02923&KIND=A
20260905,F05208,P18MBB1,Malayan Banking Berhad,20180329,20480329,30,USD,150000000,0,4.6,Applicable,5.000 x 5.000,BNP PARIBAS TAIWANCathay United BankKGI Securities,KGI Securities,XS1792103712,https://mopsov.twse.com.tw/mops/web/t113sb02?encodeURIComponent=1&firstin=true&id=&colorchg=&TYPEK=all&step=11&co_id=E0034&MONYR_REG=201803&BOND_ID=F05208&KIND=A
20260905,F09908,P18BNS1,The Bank Of Nova Scotia,20180329,20480329,30,USD,200000000,0,4.5,Applicable,5.000 x 1.000,KGI Securities,KGI Securities,XS1793311108,https://mopsov.twse.com.tw/mops/web/t113sb02?encodeURIComponent=1&firstin=true&id=&colorchg=&TYPEK=all&step=11&co_id=E0075&MONYR_REG=201803&BOND_ID=F09908&KIND=A
20260905,F13601,P18UBSGP1,UBS Group AG,20180329,20480329,30,USD,305000000,0,4.6,Applicable,5.000 x 1.000,E.SUN BankYuanta Securities Co,Yuanta Securities Co,CH0406415312,https://mopsov.twse.com.tw/mops/web/t113sb02?encodeURIComponent=1&firstin=true&id=&colorchg=&TYPEK=all&step=11&co_id=E0130&MONYR_REG=201803&BOND_ID=F13601&KIND=A
20260905,F01209,P18CTBC1,中國信託商業銀行股份有限公司,20180329,20480329,30,USD,225000000,0,4.36,Applicable,5.000 x 1.000,Chinatrust Banksell the bond itself,Yuanta Securities Co,TW000F012091,https://mopsov.twse.com.tw/mops/web/t120sg01?TYPEK=&bond_id=F01209&bond_kind=3&bond_subn=%24M00000001&bond_yrn=107-1&come=2&encodeURIComponent=1&firstin=true&issuer_stock_code=5841&monyr_reg=202608&pg=&step=0&tg=
20260905,F03913,P18DBS3,DBS Bank Ltd.,20180403,20480403,30,USD,61000000,0,4.35,Applicable,5.000 x 1.000,Cathay United BankNational SecuritiesSinoPac Securities,SinoPac Securities,XS1786251790,https://mopsov.twse.com.tw/mops/web/t113sb02?encodeURIComponent=1&firstin=true&id=&colorchg=&TYPEK=all&step=11&co_id=E0026&MONYR_REG=201804&BOND_ID=F03913&KIND=A
20260905,F13701,P18MSF1,Morgan Stanley Finance LLC,20180410,20480410,30,USD,100000000,0,4.65,Applicable,5.000 x 0.000,Cathay United BankTaipei Fubon Bank,Cathay United Bank,XS1538854867,https://mopsov.twse.com.tw/mops/web/t113sb02?encodeURIComponent=1&firstin=true&id=&colorchg=&TYPEK=all&step=11&co_id=E0111&MONYR_REG=201804&BOND_ID=F13701&KIND=A
20260905,F13203,P18HBFR2,HSBC France,20180416,20480416,30,USD,150000000,0,4.5,Applicable,5.000 x 1.000,E.SUN BankHSBC Bank(Taiwan)Ltd,E.SUN Bank,FR0013324878,https://mopsov.twse.com.tw/mops/web/t113sb02?encodeURIComponent=1&firstin=true&id=&colorchg=&TYPEK=all&step=11&co_id=E0106&MONYR_REG=201804&BOND_ID=F13203&KIND=A
20260905,F05419,P18NATIX3,Natixis,20180420,20480420,30,USD,140000000,0,4.6,Applicable,5.000 x 1.000,BANK SINOPACE.SUN Bank,BANK SINOPAC,XS1737179546,https://mopsov.twse.com.tw/mops/web/t113sb02?encodeURIComponent=1&firstin=true&id=&colorchg=&TYPEK=all&step=11&co_id=E0037&MONYR_REG=201804&BOND_ID=F05419&KIND=A
20260905,F13801,P18QATAR1,The State of Qatar,20180423,20480423,30,USD,6000000000,5.103,0,Applicable,Not a complete month or multiples.Please refer to the prospectus.,DeutscheBankAGTPEStandard Chartered,DeutscheBankAGTPE,XS1807174559,https://mopsov.twse.com.tw/mops/web/t113sb02?encodeURIComponent=1&firstin=true&id=&colorchg=&TYPEK=all&step=11&co_id=E0112&MONYR_REG=201804&BOND_ID=F13801&KIND=A
20260905,F09909,P18BNS2,The Bank Of Nova Scotia,20180430,20480430,30,USD,215000000,0,4.6,Applicable,5.000 x 1.000,KGI Securities,KGI Securities,XS1809233148,https://mopsov.twse.com.tw/mops/web/t113sb02?encodeURIComponent=1&firstin=true&id=&colorchg=&TYPEK=all&step=11&co_id=E0075&MONYR_REG=201804&BOND_ID=F09909&KIND=A
20260905,F09811,P18MUFGB3,MUFG Bank Ltd.,20180508,20480508,30,USD,60000000,0,4.55,Applicable,5.000 x 3.000,Cathay United BankE.SUN BankMasterLink,Taishin Securities,XS1813587778,https://mopsov.twse.com.tw/mops/web/t113sb02?encodeURIComponent=1&firstin=true&id=&colorchg=&TYPEK=all&step=11&co_id=E0074&MONYR_REG=201805&BOND_ID=F09811&KIND=A
20260905,F04050,P23JPMC1,JPMorgan Chase &amp; Co.,20230510,20480510,25,USD,15000000,0,6.01,Applicable,5.000 x 1.000,E.SUN BankJPM Securities TW,E.SUN Bank,XS1449814307,https://mopsov.twse.com.tw/mops/web/t113sb02?encodeURIComponent=1&firstin=true&id=&colorchg=&TYPEK=all&step=11&co_id=E0027&MONYR_REG=202305&BOND_ID=F04050&KIND=A
20260905,F07703,P18LBOT1,臺灣土地銀行股份有限公司,20180511,20480511,30,USD,200000000,0,4.3,Applicable,5.000 x 1.000,Land Bank of Taiwansell the bond itself,President Securities,TW000F077037,https://mopsov.twse.com.tw/mops/web/t120sg01?TYPEK=&bond_id=F07703&bond_kind=3&bond_subn=%24M00000001&bond_yrn=107-1&come=2&encodeURIComponent=1&firstin=true&issuer_stock_code=5857&monyr_reg=202608&pg=&step=0&tg=
20260905,F09910,P18BNS3,The Bank Of Nova Scotia,20180511,20480511,30,USD,60000000,0,4.61,Applicable,6.000 x 2.000,KGI Securities,KGI Securities,XS1814677206,https://mopsov.twse.com.tw/mops/web/t113sb02?encodeURIComponent=1&firstin=true&id=&colorchg=&TYPEK=all&step=11&co_id=E0075&MONYR_REG=201805&BOND_ID=F09910&KIND=A
20260905,F13702,P18MSF2,Morgan Stanley Finance LLC,20180511,20480511,30,USD,100000000,0,4.9,Applicable,6.000 x 0.000,Cathay United BankMasterLinkYuanta Securities Co,Taishin Securities,XS1538855245,https://mopsov.twse.com.tw/mops/web/t113sb02?encodeURIComponent=1&firstin=true&id=&colorchg=&TYPEK=all&step=11&co_id=E0111&MONYR_REG=201805&BOND_ID=F13702&KIND=A
20260905,F03516,P18UBSLN3,UBS AG London Branch,20180515,20480515,30,USD,60000000,0,4.62,Applicable,5.000 x 1.000,KGI Securities,KGI Securities,XS1815019523,https://mopsov.twse.com.tw/mops/web/t113sb02?encodeURIComponent=1&firstin=true&id=&colorchg=&TYPEK=all&step=11&co_id=E0022&MONYR_REG=201805&BOND_ID=F03516&KIND=A
20260905,F04607,P18MEGA2,兆豐國際商業銀行股份有限公司,20180517,20480517,30,USD,164000000,0,4.38,Applicable,5.000 x 1.000,Mega Banksell the bond itself,Cathay United Bank,TW000F046073,https://mopsov.twse.com.tw/mops/web/t120sg01?TYPEK=&bond_id=F04607&bond_kind=3&bond_subn=%24M00000001&bond_yrn=107-2&come=2&encodeURIComponent=1&firstin=true&issuer_stock_code=5843&monyr_reg=202608&pg=&step=0&tg=
20260905,F13901,P18CDEL1,Corporacion Nacional del Cobre de Chile,20180518,20480518,30,USD,600000000,4.850,0,Applicable,5.000 x 1.000,BNP PARIBAS TAIWANHSBC Bank(Taiwan)Ltd,BNP PARIBAS TAIWAN,XS1798294523,https://mopsov.twse.com.tw/mops/web/t113sb02?encodeURIComponent=1&firstin=true&id=&colorchg=&TYPEK=all&step=11&co_id=E0113&MONYR_REG=201805&BOND_ID=F13901&KIND=A
20260905,F03207,P18BACR2,Barclays Bank PLC,20180523,20480523,30,USD,100000000,0,4.95,Applicable,5.000 x 1.000,E.SUN Bank,E.SUN Bank,XS1771079487,https://mopsov.twse.com.tw/mops/web/t113sb02?encodeURIComponent=1&firstin=true&id=&colorchg=&TYPEK=all&step=11&co_id=E0019&MONYR_REG=201805&BOND_ID=F03207&KIND=A
20260905,F02924,P18GS3,The Goldman Sachs Group Inc.,20180524,20480524,30,USD,130000000,0,4.98,Applicable,5.000 x 1.000,Cathay United BankKGI SecuritiesMasterLink,KGI Securities,XS1610691328,https://mopsov.twse.com.tw/mops/web/t113sb02?encodeURIComponent=1&firstin=true&id=&colorchg=&TYPEK=all&step=11&co_id=E0016&MONYR_REG=201805&BOND_ID=F02924&KIND=A
20260905,F13703,P18MSF3,Morgan Stanley Finance LLC,20180531,20480531,30,USD,140000000,0,5,Applicable,6.000 x 0.000,MasterLinkTaipei Fubon Bank,Taipei Fubon Bank,XS1538855161,https://mopsov.twse.com.tw/mops/web/t113sb02?encodeURIComponent=1&firstin=true&id=&colorchg=&TYPEK=all&step=11&co_id=E0111&MONYR_REG=201805&BOND_ID=F13703&KIND=A
20260905,F03914,P18DBS4,DBS Bank Ltd.,20180601,20480601,30,USD,110000000,0,4.5,Applicable,5.000 x 1.000,Cathay United BankE.SUN Bank,E.SUN Bank,XS1815204935,https://mopsov.twse.com.tw/mops/web/t113sb02?encodeURIComponent=1&firstin=true&id=&colorchg=&TYPEK=all&step=11&co_id=E0026&MONYR_REG=201805&BOND_ID=F03914&KIND=A
20260905,F04316,P18NIF1,Nomura International Funding Pte. Ltd.,20180606,20480606,30,USD,85000000,0,5.05,Applicable,5.000 x 1.000,KGI SecuritiesNational SecuritiesSinoPac SecuritiesYuanta Securities Co,E.SUN Bank,XS1824407958,https://mopsov.twse.com.tw/mops/web/t113sb02?encodeURIComponent=1&firstin=true&id=&colorchg=&TYPEK=all&step=11&co_id=E0030&MONYR_REG=201806&BOND_ID=F04316&KIND=A
20260905,F01123,P18CITI3,Citigroup Inc,20180608,20480608,30,USD,150000000,0,5,Applicable,5.000 x 1.000,E.SUN Bank,E.SUN Bank,XS1273453339,https://mopsov.twse.com.tw/mops/web/t113sb02?encodeURIComponent=1&firstin=true&id=&colorchg=&TYPEK=all&step=11&co_id=E0004&MONYR_REG=201806&BOND_ID=F01123&KIND=A
20260905,F08009,P18BAC2,Bank of America Corporation,20180611,20480611,30,USD,100000000,0,4.88,Applicable,5.000 x 1.000,KGI Securities,Not Applicatible,XS1830928476,https://mopsov.twse.com.tw/mops/web/t113sb02?encodeURIComponent=1&firstin=true&id=&colorchg=&TYPEK=all&step=11&co_id=E0057&MONYR_REG=201806&BOND_ID=F08009&KIND=A
20260905,F04020,P18JPMC3,JPMorgan Chase &amp; Co.,20180620,20480620,30,USD,100000000,0,4.88,Applicable,6.000 x 5.000,Cathay United BankE.SUN Bank,E.SUN Bank,XS1451122730,https://mopsov.twse.com.tw/mops/web/t113sb02?encodeURIComponent=1&firstin=true&id=&colorchg=&TYPEK=all&step=11&co_id=E0027&MONYR_REG=201806&BOND_ID=F04020&KIND=A
20260905,F13602,P18UBSGP2,UBS Group AG,20180629,20480629,30,USD,145000000,0,5,Applicable,5.000 x 1.000,CATHAY SECURITIES COCathay United BankSinoPac SecuritiesYuanta Securities Co,Yuanta Securities Co,CH0419042517,https://mopsov.twse.com.tw/mops/web/t113sb02?encodeURIComponent=1&firstin=true&id=&colorchg=&TYPEK=all&step=11&co_id=E0130&MONYR_REG=201806&BOND_ID=F13602&KIND=A
20260905,F05420,P18NATIX4,Natixis,20180629,20480629,30,USD,350000000,0,5,Applicable,5.000 x 1.000,BANK SINOPACCathay United BankE.SUN BankFubon SeuritiesTaipei Fubon Bank,BANK SINOPAC,XS1763364129,https://mopsov.twse.com.tw/mops/web/t113sb02?encodeURIComponent=1&firstin=true&id=&colorchg=&TYPEK=all&step=11&co_id=E0037&MONYR_REG=201806&BOND_ID=F05420&KIND=A
20260905,F14101,P18TSIB1,台新國際商業銀行股份有限公司,20180705,20480705,30,USD,80000000,0,4.75,Applicable,5.000 x 1.000,Taishin InternatonalYuanta Securities Cosell the bond itself,Yuanta Securities Co,TW000F141015,https://mopsov.twse.com.tw/mops/web/t120sg01?TYPEK=&bond_id=F14101&bond_kind=3&bond_subn=%24M00000001&bond_yrn=107-1&come=2&encodeURIComponent=1&firstin=true&issuer_stock_code=5848&monyr_reg=202609&pg=&step=0&tg=
20260905,F14102,P18TSIB2,台新國際商業銀行股份有限公司,20180705,20480705,30,USD,20000000,0,4.75,Applicable,5.000 x 2.000,Taishin InternatonalYuanta Securities Cosell the bond itself,Yuanta Securities Co,TW000F141023,https://mopsov.twse.com.tw/mops/web/t120sg01?TYPEK=&bond_id=F14102&bond_kind=3&bond_subn=%24M00000001&bond_yrn=107-2&come=2&encodeURIComponent=1&firstin=true&issuer_stock_code=5848&monyr_reg=202609&pg=&step=0&tg=
20260905,F13704,P18MSF4,Morgan Stanley Finance LLC,20180706,20480706,30,USD,60000000,0,5.15,Applicable,6.000 x 0.000,MasterLinkTaipei Fubon Bank,Taipei Fubon Bank,XS1538856722,https://mopsov.twse.com.tw/mops/web/t113sb02?encodeURIComponent=1&firstin=true&id=&colorchg=&TYPEK=all&step=11&co_id=E0111&MONYR_REG=201807&BOND_ID=F13704&KIND=A
20260905,F13705,P18MSF5,Morgan Stanley Finance LLC,20180816,20480816,30,USD,50000000,0,4.92,Applicable,8.000 x 0.000,Cathay United BankYuanta Securities Co,Yuanta Securities Co,XS1538854602,https://mopsov.twse.com.tw/mops/web/t113sb02?encodeURIComponent=1&firstin=true&id=&colorchg=&TYPEK=all&step=11&co_id=E0111&MONYR_REG=201808&BOND_ID=F13705&KIND=A
20260905,F01124,P18CITI4,Citigroup Inc,20180828,20480828,30,USD,50000000,0,4.92,Applicable,5.000 x 1.000,E.SUN Bank,E.SUN Bank,XS1273456191,https://mopsov.twse.com.tw/mops/web/t113sb02?encodeURIComponent=1&firstin=true&id=&colorchg=&TYPEK=all&step=11&co_id=E0004&MONYR_REG=201808&BOND_ID=F01124&KIND=A
20260905,F13603,P18UBSGP3,UBS Group AG,20180831,20480831,30,USD,190000000,0,5,Applicable,5.000 x 1.000,KGI SecuritiesYuanta Securities Co,Yuanta Securities Co,CH0428194218,https://mopsov.twse.com.tw/mops/web/t113sb02?encodeURIComponent=1&firstin=true&id=&colorchg=&TYPEK=all&step=11&co_id=E0130&MONYR_REG=201808&BOND_ID=F13603&KIND=A
20260905,F13002,P18TBB1,臺灣中小企業銀行股份有限公司,20180927,20480927,30,USD,180000000,0,4.7,Applicable,5.000 x 1.000,Cathay United BankKGI SecuritiesYuanta Securities Co,KGI Securities,TW000F130026,https://mopsov.twse.com.tw/mops/web/t120sg01?TYPEK=&bond_id=F13002&bond_kind=3&bond_subn=%24M00000001&bond_yrn=107-3&come=2&encodeURIComponent=1&firstin=true&issuer_stock_code=2834&monyr_reg=202608&pg=&step=0&tg=
20260905,F13204,P18HBFR3,HSBC France,20181016,20481016,30,USD,100000000,0,5,Applicable,5.000 x 1.000,E.SUN BankHSBC Bank(Taiwan)Ltd,E.SUN Bank,FR0013335957,https://mopsov.twse.com.tw/mops/web/t113sb02?encodeURIComponent=1&firstin=true&id=&colorchg=&TYPEK=all&step=11&co_id=E0106&MONYR_REG=201810&BOND_ID=F13204&KIND=A
20260905,F05422,P18NATIX6,Natixis,20181019,20481019,30,USD,80000000,0,5.1,Applicable,5.000 x 1.000,E.SUN BankKGI Securities,E.SUN Bank,XS1818331818,https://mopsov.twse.com.tw/mops/web/t113sb02?encodeURIComponent=1&firstin=true&id=&colorchg=&TYPEK=all&step=11&co_id=E0037&MONYR_REG=201810&BOND_ID=F05422&KIND=A
20260905,F13604,P18UBSGP4,UBS Group AG,20181026,20481026,30,USD,100000000,0,5.35,Applicable,5.000 x 1.000,Cathay United BankKGI Securities,KGI Securities,CH0438965599,https://mopsov.twse.com.tw/mops/web/t113sb02?encodeURIComponent=1&firstin=true&id=&colorchg=&TYPEK=all&step=11&co_id=E0130&MONYR_REG=201810&BOND_ID=F13604&KIND=A
20260905,F14401,P18SCSB1,上海商業儲蓄銀行股份有限公司,20181029,20481029,30,USD,70000000,0,4.875,Applicable,5.000 x 1.000,KGI BankYuanta Securities Cosell the bond itself,KGI Bank,TW000F144019,https://mopsov.twse.com.tw/mops/web/t120sg01?TYPEK=&bond_id=F14401&bond_kind=3&bond_subn=%24M00000001&bond_yrn=107-2&come=2&encodeURIComponent=1&firstin=true&issuer_stock_code=5876&monyr_reg=202608&pg=&step=0&tg=
20260905,F02735,P18MS3,Morgan Stanley,20181114,20481114,30,USD,80000000,0,5.3,Applicable,7.000 x 0.000,Cathay United BankKGI Securities,KGI Securities,XS1538853380,https://mopsov.twse.com.tw/mops/web/t113sb02?encodeURIComponent=1&firstin=true&id=&colorchg=&TYPEK=all&step=11&co_id=E0015&MONYR_REG=201811&BOND_ID=F02735&KIND=A
20260905,F06408,P18TPFB2,台北富邦商業銀行股份有限公司,20181120,20481120,30,USD,80000000,0,4.9,Applicable,5.000 x 1.000,Taipei Fubon Banksell the bond itself,Taishin Securities,TW000F064084,https://mopsov.twse.com.tw/mops/web/t120sg01?TYPEK=&bond_id=F06408&bond_kind=3&bond_subn=%24M00000001&bond_yrn=107-5&come=2&encodeURIComponent=1&firstin=true&issuer_stock_code=5836&monyr_reg=202608&pg=&step=0&tg=
20260905,F03208,P18BACR3,Barclays Bank PLC,20181121,20481121,30,USD,40000000,0,5.18,Applicable,5.000 x 1.000,National SecuritiesSinoPac SecuritiesYuanta Securities Co,Yuanta Securities Co,XS1850795383,https://mopsov.twse.com.tw/mops/web/t113sb02?encodeURIComponent=1&firstin=true&id=&colorchg=&TYPEK=all&step=11&co_id=E0019&MONYR_REG=201811&BOND_ID=F03208&KIND=A
20260905,F13605,P18UBSGP5,UBS Group AG,20181227,20481227,30,USD,100000000,0,5.4,Applicable,5.000 x 1.000,KGI SecuritiesYuanta Securities Co,Yuanta Securities Co,CH0449619078,https://mopsov.twse.com.tw/mops/web/t113sb02?encodeURIComponent=1&firstin=true&id=&colorchg=&TYPEK=all&step=11&co_id=E0130&MONYR_REG=201812&BOND_ID=F13605&KIND=A
20260905,F13706,P19MSF1,Morgan Stanley Finance LLC,20190117,20490117,30,USD,90000000,0,5.2,Applicable,5.000 x 0.000,Cathay United BankTaipei Fubon Bank,Taipei Fubon Bank,XS1906341836,https://mopsov.twse.com.tw/mops/web/t113sb02?encodeURIComponent=1&firstin=true&id=&colorchg=&TYPEK=all&step=11&co_id=E0111&MONYR_REG=201901&BOND_ID=F13706&KIND=A
20260905,F13205,P19HBFR1,HSBC France,20190123,20490123,30,USD,277000000,0,5,Applicable,5.000 x 1.000,Cathay United BankHSBC Bank(Taiwan)Ltd,Cathay United Bank,FR0013393113,https://mopsov.twse.com.tw/mops/web/t113sb02?encodeURIComponent=1&firstin=true&id=&colorchg=&TYPEK=all&step=11&co_id=E0106&MONYR_REG=201901&BOND_ID=F13205&KIND=A
20260905,F01125,P19CITI1,Citigroup Inc,20190124,20490124,30,USD,106000000,0,5.2,Applicable,5.000 x 1.000,E.SUN BankYuanta Securities Co,E.SUN Bank,XS1273456605,https://mopsov.twse.com.tw/mops/web/t113sb02?encodeURIComponent=1&firstin=true&id=&colorchg=&TYPEK=all&step=11&co_id=E0004&MONYR_REG=201901&BOND_ID=F01125&KIND=A
20260905,F09911,P19BNS1,The Bank Of Nova Scotia,20190124,20490124,30,USD,80000000,0,5.1,Applicable,5.000 x 1.000,Cathay United BankKGI Securities,KGI Securities,XS1935312618,https://mopsov.twse.com.tw/mops/web/t113sb02?encodeURIComponent=1&firstin=true&id=&colorchg=&TYPEK=all&step=11&co_id=E0075&MONYR_REG=201901&BOND_ID=F09911&KIND=A
20260905,F11606,P19ADCB1,ADCB Finance (Cayman) Limited,20190125,20490125,30,USD,100000000,0,5.78,Applicable,5.000 x 10.000,E.SUN BankKGI Securities,KGI Securities,XS1938443832,https://mopsov.twse.com.tw/mops/web/t113sb02?encodeURIComponent=1&firstin=true&id=&colorchg=&TYPEK=all&step=11&co_id=E0093&MONYR_REG=201901&BOND_ID=F11606&KIND=A
20260905,F03209,P19BACR1,Barclays Bank PLC,20190129,20490129,30,USD,90000000,0,5.05,Applicable,5.000 x 1.000,E.SUN BankYuanta Securities Co,E.SUN Bank,XS1874571737,https://mopsov.twse.com.tw/mops/web/t113sb02?encodeURIComponent=1&firstin=true&id=&colorchg=&TYPEK=all&step=11&co_id=E0019&MONYR_REG=201901&BOND_ID=F03209&KIND=A
20260905,F13606,P19UBSGP1,UBS Group AG,20190130,20490130,30,USD,120000000,0,5.35,Applicable,5.000 x 1.000,Cathay United BankKGI SecuritiesYuanta Securities Co,KGI Securities,CH0449619094,https://mopsov.twse.com.tw/mops/web/t113sb02?encodeURIComponent=1&firstin=true&id=&colorchg=&TYPEK=all&step=11&co_id=E0130&MONYR_REG=201901&BOND_ID=F13606&KIND=A
20260905,F04317,P19NIF1,Nomura International Funding Pte. Ltd.,20190215,20490215,30,USD,40000000,0,5.41,Applicable,5.000 x 1.000,KGI SecuritiesNational SecuritiesSinoPac Securities,E.SUN Bank,XS1940852657,https://mopsov.twse.com.tw/mops/web/t113sb02?encodeURIComponent=1&firstin=true&id=&colorchg=&TYPEK=all&step=11&co_id=E0030&MONYR_REG=201902&BOND_ID=F04317&KIND=A
20260905,F10706,P19BMO1,Bank of Montreal,20190215,20490215,30,USD,110000000,0,5.05,Applicable,5.000 x 1.000,KGI Securities,KGI Securities,XS1940197699,https://mopsov.twse.com.tw/mops/web/t113sb02?encodeURIComponent=1&firstin=true&id=&colorchg=&TYPEK=all&step=11&co_id=E0084&MONYR_REG=201902&BOND_ID=F10706&KIND=A
20260905,F00913,P19BNP1,BNP PARIBAS,20190215,20490215,30,USD,140000000,0,5.4,Applicable,5.000 x 5.000,BNP PARIBAS TAIWANE.SUN BankYuanta Securities Co,BNP PARIBAS TAIWAN,FR0013398237,https://mopsov.twse.com.tw/mops/web/t113sb02?encodeURIComponent=1&firstin=true&id=&colorchg=&TYPEK=all&step=11&co_id=E0002&MONYR_REG=201902&BOND_ID=F00913&KIND=A
20260905,F05813,P19RBCLB1,Royal Bank of Canada London Branch,20190219,20490219,30,USD,120000000,0,5.01,Applicable,5.000 x 1.000,KGI SecuritiesYuanta Securities Co,KGI Securities,XS1939253081,https://mopsov.twse.com.tw/mops/web/t113sb02?encodeURIComponent=1&firstin=true&id=&colorchg=&TYPEK=all&step=11&co_id=E0040&MONYR_REG=201902&BOND_ID=F05813&KIND=A
20260905,F03915,P19DBS1,DBS Bank Ltd.,20190222,20490222,30,USD,130000000,0,4.6,Applicable,5.000 x 1.000,Cathay United BankYuanta Securities Co,Cathay United Bank,XS1936723706,https://mopsov.twse.com.tw/mops/web/t113sb02?encodeURIComponent=1&firstin=true&id=&colorchg=&TYPEK=all&step=11&co_id=E0026&MONYR_REG=201902&BOND_ID=F03915&KIND=A
20260905,F03916,P19DBS2,DBS Bank Ltd.,20190311,20490311,30,USD,70000000,0,4.5,Applicable,5.000 x 1.000,CATHAY SECURITIES COMasterLink,Taishin Securities,XS1936666806,https://mopsov.twse.com.tw/mops/web/t113sb02?encodeURIComponent=1&firstin=true&id=&colorchg=&TYPEK=all&step=11&co_id=E0026&MONYR_REG=201903&BOND_ID=F03916&KIND=A
20260905,F13802,P19QATAR1,The State of Qatar,20190314,20490314,30,USD,6000000000,4.817,0,Applicable,Not a complete month or multiples.Please refer to the prospectus.,CACIB TaipeiDeutscheBankAGTPEStandard Chartered,DeutscheBankAGTPE,XS1959337749,https://mopsov.twse.com.tw/mops/web/t113sb02?encodeURIComponent=1&firstin=true&id=&colorchg=&TYPEK=all&step=11&co_id=E0112&MONYR_REG=201903&BOND_ID=F13802&KIND=A
20260905,F11003,P19SANTA1,Santander International Products PLC,20190320,20490320,30,USD,90000000,0,5.3,Applicable,5.000 x 5.000,Yuanta Securities Co,Yuanta Securities Co,XS1957480392,https://mopsov.twse.com.tw/mops/web/t113sb02?encodeURIComponent=1&firstin=true&id=&colorchg=&TYPEK=all&step=11&co_id=E0087&MONYR_REG=201903&BOND_ID=F11003&KIND=A
20260905,F13725,P20MSF6,Morgan Stanley Finance LLC,20200407,20490407,29,USD,100000000,0,4.75,Applicable,7.000 x 0.000,Cathay United BankMasterLink,Cathay United Bank,XS1906333817,https://mopsov.twse.com.tw/mops/web/t113sb02?encodeURIComponent=1&firstin=true&id=&colorchg=&TYPEK=all&step=11&co_id=E0111&MONYR_REG=202004&BOND_ID=F13725&KIND=A
20260905,F03210,P19BACR2,Barclays Bank PLC,20190411,20490411,30,USD,80000000,0,4.85,Applicable,5.000 x 1.000,E.SUN Bank,E.SUN Bank,XS1931245770,https://mopsov.twse.com.tw/mops/web/t113sb02?encodeURIComponent=1&firstin=true&id=&colorchg=&TYPEK=all&step=11&co_id=E0019&MONYR_REG=201904&BOND_ID=F03210&KIND=A
20260905,F01126,P19CITI2,Citigroup Inc,20190418,20490418,30,USD,110000000,0,4.92,Applicable,5.000 x 1.000,E.SUN BankYuanta Securities Co,E.SUN Bank,XS1273512019,https://mopsov.twse.com.tw/mops/web/t113sb02?encodeURIComponent=1&firstin=true&id=&colorchg=&TYPEK=all&step=11&co_id=E0004&MONYR_REG=201904&BOND_ID=F01126&KIND=A
20260905,F09812,P19MUFGB1,MUFG Bank Ltd.,20190510,20490510,30,USD,80000000,0,4.67,Applicable,5.000 x 1.000,E.SUN BankMasterLink,Taishin Securities,XS1986096417,https://mopsov.twse.com.tw/mops/web/t113sb02?encodeURIComponent=1&firstin=true&id=&colorchg=&TYPEK=all&step=11&co_id=E0074&MONYR_REG=201905&BOND_ID=F09812&KIND=A
20260905,F03211,P19BACR3,Barclays Bank PLC,20190528,20490528,30,USD,160000000,0,4.8,Applicable,5.000 x 1.000,BANK SINOPACKGI SecuritiesYuanta Securities Co,BANK SINOPAC,XS1945722558,https://mopsov.twse.com.tw/mops/web/t113sb02?encodeURIComponent=1&firstin=true&id=&colorchg=&TYPEK=all&step=11&co_id=E0019&MONYR_REG=201905&BOND_ID=F03211&KIND=A
20260905,F13607,P19UBSGP2,UBS Group AG,20190529,20490529,30,USD,130000000,0,4.7,Applicable,5.000 x 1.000,MasterLinkYuanta Securities Co,SinoPac Securities&lt;br&gt;Yuanta Securities Co,CH0474977748,https://mopsov.twse.com.tw/mops/web/t113sb02?encodeURIComponent=1&firstin=true&id=&colorchg=&TYPEK=all&step=11&co_id=E0130&MONYR_REG=201905&BOND_ID=F13607&KIND=A
20260905,F14901,P19NWM1,NatWest Markets Plc,20190530,20490530,30,USD,60000000,0,5.2,Applicable,5.000 x 5.000,E.SUN BankKGI Securities,KGI Securities,XS1997070948,https://mopsov.twse.com.tw/mops/web/t113sb02?encodeURIComponent=1&firstin=true&id=&colorchg=&TYPEK=all&step=11&co_id=E0120&MONYR_REG=201905&BOND_ID=F14901&KIND=A
20260905,F04405,P20ATT1,AT&amp;T Inc.,20200227,20490601,29.26,USD,2995000000,4.000,0,Applicable,5.264 x 1.000,BNP PARIBAS TAIWANCitibank Taiwan Ltd.DeutscheBankAGTPE,DeutscheBankAGTPE,XS2121367192,https://mopsov.twse.com.tw/mops/web/t113sb02?encodeURIComponent=1&firstin=true&id=&colorchg=&TYPEK=all&step=11&co_id=E0031&MONYR_REG=202002&BOND_ID=F04405&KIND=A
20260905,F15101,P19SCPLC1,Standard Chartered PLC,20190604,20490604,30,USD,100000000,0,4.9,Applicable,5.000 x 5.000,President SecuritiesStandard Chartered,President Securities,XS1999840710,https://mopsov.twse.com.tw/mops/web/t113sb02?encodeURIComponent=1&firstin=true&id=&colorchg=&TYPEK=all&step=11&co_id=E0122&MONYR_REG=201906&BOND_ID=F15101&KIND=A
20260905,F08010,P19BAC1,Bank of America Corporation,20190611,20490611,30,USD,110000000,0,4.7,Applicable,5.000 x 1.000,HSBC Bank(Taiwan)LtdKGI Securities,KGI Securities,XS2004852625,https://mopsov.twse.com.tw/mops/web/t113sb02?encodeURIComponent=1&firstin=true&id=&colorchg=&TYPEK=all&step=11&co_id=E0057&MONYR_REG=201906&BOND_ID=F08010&KIND=A
20260905,F13608,P19UBSGP3,UBS Group AG,20190627,20490627,30,USD,130000000,0,4.5,Applicable,5.000 x 1.000,CATHAY SECURITIES COMasterLinkNational SecuritiesSinoPac Securities,Not Applicatible,CH0483180987,https://mopsov.twse.com.tw/mops/web/t113sb02?encodeURIComponent=1&firstin=true&id=&colorchg=&TYPEK=all&step=11&co_id=E0130&MONYR_REG=201906&BOND_ID=F13608&KIND=A
20260905,F12803,P19CFE1,Comision Federal de Electricidad,20190730,20490730,30,USD,615000000,5.000,0,Not Applicable,Not Applicable,HSBC Bank(Taiwan)LtdTaishin Internatonal,Taishin Internatonal,XS2030333038,https://mopsov.twse.com.tw/mops/web/t113sb02?encodeURIComponent=1&firstin=true&id=&colorchg=&TYPEK=all&step=11&co_id=E0103&MONYR_REG=201907&BOND_ID=F12803&KIND=A
20260905,F01127,P19CITI3,Citigroup Inc,20190809,20490809,30,USD,200000000,0,4.3,Applicable,5.000 x 1.000,Cathay United BankE.SUN BankMasterLinkYuanta Securities Co,Yuanta Securities Co,XS1273450236,https://mopsov.twse.com.tw/mops/web/t113sb02?encodeURIComponent=1&firstin=true&id=&colorchg=&TYPEK=all&step=11&co_id=E0004&MONYR_REG=201908&BOND_ID=F01127&KIND=A
20260905,F13718,P19MSF13,Morgan Stanley Finance LLC,20190923,20490923,30,USD,40000000,0,3.8,Applicable,6.000 x 5.000,MasterLinkMorgan Stanley,Taishin Securities,XS1906337487,https://mopsov.twse.com.tw/mops/web/t113sb02?encodeURIComponent=1&firstin=true&id=&colorchg=&TYPEK=all&step=11&co_id=E0111&MONYR_REG=201909&BOND_ID=F13718&KIND=A
20260905,F09813,P19MUFGB2,MUFG Bank Ltd.,20191105,20491105,30,USD,70000000,0,3.85,Applicable,5.000 x 1.000,MasterLink,Taishin Securities,XS2065948882,https://mopsov.twse.com.tw/mops/web/t113sb02?encodeURIComponent=1&firstin=true&id=&colorchg=&TYPEK=all&step=11&co_id=E0074&MONYR_REG=201911&BOND_ID=F09813&KIND=A
20260905,F15501,P19MDGHA1,MDGH GMTN (RSC) Ltd,20191107,20491107,30,USD,1500000000,3.700,0,Applicable,Not a complete month or multiples.Please refer to the prospectus.,Citibank Taiwan Ltd.DeutscheBankAGTPEHSBC Bank(Taiwan)Ltd,DeutscheBankAGTPE,XS2075924048,https://mopsov.twse.com.tw/mops/web/t113sb02?encodeURIComponent=1&firstin=true&id=&colorchg=&TYPEK=all&step=11&co_id=E0143&MONYR_REG=201911&BOND_ID=F15501&KIND=A
20260905,F13719,P19MSF14,Morgan Stanley Finance LLC,20191121,20491121,30,USD,50000000,0,3.9,Applicable,6.000 x 5.000,MasterLinksell the bond itself,Taishin Securities,XS1906336166,https://mopsov.twse.com.tw/mops/web/t113sb02?encodeURIComponent=1&firstin=true&id=&colorchg=&TYPEK=all&step=11&co_id=E0111&MONYR_REG=201911&BOND_ID=F13719&KIND=A
20260905,F09814,P19MUFGB3,MUFG Bank Ltd.,20191223,20491223,30,USD,150000000,0,3.81,Applicable,5.000 x 1.000,MasterLinkTaipei Fubon Bank,Taishin Securities,XS2093089329,https://mopsov.twse.com.tw/mops/web/t113sb02?encodeURIComponent=1&firstin=true&id=&colorchg=&TYPEK=all&step=11&co_id=E0074&MONYR_REG=201912&BOND_ID=F09814&KIND=A
20260905,F04318,P20NIF1,Nomura International Funding Pte. Ltd.,20200108,20500108,30,USD,40000000,0,4,Applicable,5.000 x 1.000,National SecuritiesSinoPac SecuritiesYuanta Securities Co,E.SUN Bank,XS2095304064,https://mopsov.twse.com.tw/mops/web/t113sb02?encodeURIComponent=1&firstin=true&id=&colorchg=&TYPEK=all&step=11&co_id=E0030&MONYR_REG=202001&BOND_ID=F04318&KIND=A
20260905,F00915,P20BNP1,BNP PARIBAS,20200116,20500116,30,USD,310000000,0,3.82,Applicable,5.000 x 5.000,BNP PARIBAS TAIWANE.SUN Bank,BNP PARIBAS TAIWAN,FR0013474012,https://mopsov.twse.com.tw/mops/web/t113sb02?encodeURIComponent=1&firstin=true&id=&colorchg=&TYPEK=all&step=11&co_id=E0002&MONYR_REG=202001&BOND_ID=F00915&KIND=A
20260905,F09815,P20MUFGB1,MUFG Bank Ltd.,20200121,20500121,30,USD,280000000,0,3.65,Applicable,5.000 x 1.000,Cathay United BankMasterLink,Taishin Securities,XS2100693568,https://mopsov.twse.com.tw/mops/web/t113sb02?encodeURIComponent=1&firstin=true&id=&colorchg=&TYPEK=all&step=11&co_id=E0074&MONYR_REG=202001&BOND_ID=F09815&KIND=A
20260905,F14210,P20CGMHI1,Citigroup Global Markets Holdings Inc.,20200121,20500121,30,USD,20000000,0,3.55,Applicable,5.000 x 1.000,National SecuritiesSinoPac Securities,SinoPac Securities,XS2044958150,https://mopsov.twse.com.tw/mops/web/t113sb02?encodeURIComponent=1&firstin=true&id=&colorchg=&TYPEK=all&step=11&co_id=E0115&MONYR_REG=202001&BOND_ID=F14210&KIND=A
20260905,F03216,P20BACR1,Barclays Bank PLC,20200205,20500205,30,USD,100000000,0,3.72,Applicable,5.000 x 1.000,E.SUN BankKGI Securities,E.SUN Bank,XS2054861278,https://mopsov.twse.com.tw/mops/web/t113sb02?encodeURIComponent=1&firstin=true&id=&colorchg=&TYPEK=all&step=11&co_id=E0019&MONYR_REG=202001&BOND_ID=F03216&KIND=A
20260905,F11309,P20FAB1,First Abu Dhabi Bank,20200205,20500205,30,USD,485000000,0,3.8,Applicable,5.000 x 5.000,Citibank Taiwan Ltd.Standard CharteredYuanta Securities Co,Yuanta Securities Co,XS2103007915,https://mopsov.twse.com.tw/mops/web/t113sb02?encodeURIComponent=1&firstin=true&id=&colorchg=&TYPEK=all&step=11&co_id=E0090&MONYR_REG=202002&BOND_ID=F11309&KIND=A
20260905,F05428,P20NATIX1,Natixis,20200206,20500206,30,USD,90000000,0,3.68,Applicable,5.000 x 2.000,E.SUN BankKGI SecuritiesYuanta Securities Co,E.SUN Bank,XS1972459991,https://mopsov.twse.com.tw/mops/web/t113sb02?encodeURIComponent=1&firstin=true&id=&colorchg=&TYPEK=all&step=11&co_id=E0037&MONYR_REG=202002&BOND_ID=F05428&KIND=A
20260905,F03217,P20BACR2,Barclays Bank PLC,20200207,20500207,30,USD,90000000,0,3.71,Applicable,5.000 x 1.000,Chinatrust BankYuanta Securities Co,Chinatrust Bank,XS2054922914,https://mopsov.twse.com.tw/mops/web/t113sb02?encodeURIComponent=1&firstin=true&id=&colorchg=&TYPEK=all&step=11&co_id=E0019&MONYR_REG=202002&BOND_ID=F03217&KIND=A
20260905,F05429,P20NATIX2,Natixis,20200207,20500207,30,USD,20000000,0,3.58,Applicable,5.000 x 2.000,National SecuritiesSinoPac Securities,SinoPac Securities,XS1972460650,https://mopsov.twse.com.tw/mops/web/t113sb02?encodeURIComponent=1&firstin=true&id=&colorchg=&TYPEK=all&step=11&co_id=E0037&MONYR_REG=202002&BOND_ID=F05429&KIND=A
20260905,F14612,P20JPMCB1,JPMorgan Chase Bank N.A.,20200212,20500212,30,USD,20000000,0,3.45,Applicable,2.000 x 1.000,National SecuritiesSinoPac Securities,SinoPac Securities,XS1450953879,https://mopsov.twse.com.tw/mops/web/t113sb02?encodeURIComponent=1&firstin=true&id=&colorchg=&TYPEK=all&step=11&co_id=E0118&MONYR_REG=202002&BOND_ID=F14612&KIND=A
20260905,F14211,P20CGMHI2,Citigroup Global Markets Holdings Inc.,20200214,20500214,30,USD,20000000,0,3.57,Applicable,2.000 x 1.000,National SecuritiesSinoPac Securities,SinoPac Securities,XS2044969868,https://mopsov.twse.com.tw/mops/web/t113sb02?encodeURIComponent=1&firstin=true&id=&colorchg=&TYPEK=all&step=11&co_id=E0115&MONYR_REG=202002&BOND_ID=F14211&KIND=A
20260905,F13721,P20MSF2,Morgan Stanley Finance LLC,20200218,20500218,30,USD,40000000,0,3.5,Applicable,5.000 x 6.000,Cathay United Bank,Cathay United Bank,XS1906335275,https://mopsov.twse.com.tw/mops/web/t113sb02?encodeURIComponent=1&firstin=true&id=&colorchg=&TYPEK=all&step=11&co_id=E0111&MONYR_REG=202002&BOND_ID=F13721&KIND=A
20260905,F05430,P20NATIX3,Natixis,20200218,20500218,30,USD,20000000,0,3.6,Applicable,5.000 x 2.000,National SecuritiesSinoPac Securities,SinoPac Securities,XS1972463670,https://mopsov.twse.com.tw/mops/web/t113sb02?encodeURIComponent=1&firstin=true&id=&colorchg=&TYPEK=all&step=11&co_id=E0037&MONYR_REG=202002&BOND_ID=F05430&KIND=A
20260905,F04404,P19ATT1,AT&amp;T Inc.,20191212,20500301,30.21,USD,1265000000,4.250,0,Applicable,5.210 x 1.000,DeutscheBankAGTPEHSBC Bank(Taiwan)LtdMorgan StanleyStandard Chartered,DeutscheBankAGTPE,XS2091666748,https://mopsov.twse.com.tw/mops/web/t113sb02?encodeURIComponent=1&firstin=true&id=&colorchg=&TYPEK=all&step=11&co_id=E0031&MONYR_REG=201912&BOND_ID=F04404&KIND=A
20260905,F16001,P20UBSGP1,UBS Group AG,20200304,20500304,30,USD,120000000,0,3.6,Applicable,5.000 x 1.000,KGI SecuritiesMasterLinkYuanta Securities Co,Yuanta Securities Co,CH0521617321,https://mopsov.twse.com.tw/mops/web/t113sb02?encodeURIComponent=1&firstin=true&id=&colorchg=&TYPEK=all&step=11&co_id=E0130&MONYR_REG=202003&BOND_ID=F16001&KIND=A
20260905,F12804,P20CFE1,Comision Federal de Electricidad,20200320,20500320,30,USD,900000000,4.050,0,Not Applicable,Not Applicable,BNP PARIBAS TAIWANDeutscheBankAGTPEHSBC Bank(Taiwan)Ltd,BNP PARIBAS TAIWAN,XS2133064480,https://mopsov.twse.com.tw/mops/web/t113sb02?encodeURIComponent=1&firstin=true&id=&colorchg=&TYPEK=all&step=11&co_id=E0103&MONYR_REG=202003&BOND_ID=F12804&KIND=A
20260905,F05431,P20NATIX4,Natixis,20200324,20500324,30,USD,20000000,0,3,Applicable,4.000 x 1.000,National SecuritiesSinoPac Securities,SinoPac Securities,XS2023996148,https://mopsov.twse.com.tw/mops/web/t113sb02?encodeURIComponent=1&firstin=true&id=&colorchg=&TYPEK=all&step=11&co_id=E0037&MONYR_REG=202003&BOND_ID=F05431&KIND=A
20260905,F16101,P20BACRH1,Barclays PLC,20200326,20500326,30,USD,300000000,0,3.3,Applicable,5.000 x 1.000,Cathay United BankKGI Securities,KGI Securities,XS2134381743,https://mopsov.twse.com.tw/mops/web/t113sb02?encodeURIComponent=1&firstin=true&id=&colorchg=&TYPEK=all&step=11&co_id=E0131&MONYR_REG=202003&BOND_ID=F16101&KIND=A
20260905,F02926,P20GS1,The Goldman Sachs Group Inc.,20200331,20500331,30,USD,550000000,0,4.15,Applicable,5.000 x 1.000,CATHAY SECURITIES COChinatrust BankE.SUN BankMasterLinkTaishin Internatonal,Chinatrust Bank,XS1970481070,https://mopsov.twse.com.tw/mops/web/t113sb02?encodeURIComponent=1&firstin=true&id=&colorchg=&TYPEK=all&step=11&co_id=E0016&MONYR_REG=202003&BOND_ID=F02926&KIND=A
20260905,F04319,P20NIF2,Nomura International Funding Pte. Ltd.,20200407,20500407,30,USD,50000000,0,3.3,Applicable,5.000 x 1.000,E.SUN BankNational SecuritiesSinoPac SecuritiesYuanta Securities Co,SinoPac Securities,XS2138374942,https://mopsov.twse.com.tw/mops/web/t113sb02?encodeURIComponent=1&firstin=true&id=&colorchg=&TYPEK=all&step=11&co_id=E0030&MONYR_REG=202004&BOND_ID=F04319&KIND=A
20260905,F16002,P20UBSGP2,UBS Group AG,20200414,20500414,30,USD,200000000,0,4,Applicable,5.000 x 1.000,Chinatrust BankYuanta Securities Co,Chinatrust Bank,CH0535271214,https://mopsov.twse.com.tw/mops/web/t113sb02?encodeURIComponent=1&firstin=true&id=&colorchg=&TYPEK=all&step=11&co_id=E0130&MONYR_REG=202004&BOND_ID=F16002&KIND=A
20260905,F13803,P20QATAR1,The State of Qatar,20200416,20500416,30,USD,5000000000,4.400,0,Applicable,Not a complete month or multiples.Please refer to the prospectus.,Credit Agricole BankDeutscheBankAGTPEStandard Chartered,DeutscheBankAGTPE,XS2155352748,https://mopsov.twse.com.tw/mops/web/t113sb02?encodeURIComponent=1&firstin=true&id=&colorchg=&TYPEK=all&step=11&co_id=E0112&MONYR_REG=202004&BOND_ID=F13803&KIND=A
20260905,F03218,P20BACR3,Barclays Bank PLC,20200423,20500423,30,USD,100000000,0,4.2,Applicable,5.000 x 1.000,Cathay United BankYuanta Securities Co,Cathay United Bank,XS2088245621,https://mopsov.twse.com.tw/mops/web/t113sb02?encodeURIComponent=1&firstin=true&id=&colorchg=&TYPEK=all&step=11&co_id=E0019&MONYR_REG=202004&BOND_ID=F03218&KIND=A
20260905,F03518,P20UBSLN1,UBS AG London Branch,20200428,20500428,30,USD,105000000,0,3.4,Applicable,5.000 x 1.000,Yuanta Securities Co,Yuanta Securities Co,XS2025046983,https://mopsov.twse.com.tw/mops/web/t113sb02?encodeURIComponent=1&firstin=true&id=&colorchg=&TYPEK=all&step=11&co_id=E0022&MONYR_REG=202004&BOND_ID=F03518&KIND=A
20260905,F00916,P20BNP2,BNP PARIBAS,20200519,20500519,30,USD,200000000,0,3.51,Applicable,5.000 x 2.000,BNP PARIBAS TAIWAN,BNP PARIBAS TAIWAN,FR0013511680,https://mopsov.twse.com.tw/mops/web/t113sb02?encodeURIComponent=1&firstin=true&id=&colorchg=&TYPEK=all&step=11&co_id=E0002&MONYR_REG=202005&BOND_ID=F00916&KIND=A
20260905,F15502,P20MDGHA1,MDGH GMTN (RSC) Ltd,20200521,20500521,30,USD,2000000000,3.950,0,Applicable,Not a complete month or multiples.Please refer to the prospectus.,BNP PARIBAS TAIWANHSBC Bank(Taiwan)Ltd,BNP PARIBAS TAIWAN,XS2175968580,https://mopsov.twse.com.tw/mops/web/t113sb02?encodeURIComponent=1&firstin=true&id=&colorchg=&TYPEK=all&step=11&co_id=E0143&MONYR_REG=202005&BOND_ID=F15502&KIND=A
20260905,F16003,P20UBSGP3,UBS Group AG,20200527,20500527,30,USD,500000000,0,3.5,Applicable,5.000 x 1.000,Chinatrust BankKGI SecuritiesMasterLinkSinoPac SecuritiesYuanta Securities Co,Yuanta Securities Co,CH0543827189,https://mopsov.twse.com.tw/mops/web/t113sb02?encodeURIComponent=1&firstin=true&id=&colorchg=&TYPEK=all&step=11&co_id=E0130&MONYR_REG=202005&BOND_ID=F16003&KIND=A
20260905,F03219,P20BACR4,Barclays Bank PLC,20200528,20500528,30,USD,665000000,0,3.53,Applicable,5.000 x 1.000,MasterLinkTaishin InternatonalYuanta Securities Co,Yuanta Securities Co,XS2111181488,https://mopsov.twse.com.tw/mops/web/t113sb02?encodeURIComponent=1&firstin=true&id=&colorchg=&TYPEK=all&step=11&co_id=E0019&MONYR_REG=202005&BOND_ID=F03219&KIND=A
20260905,F00917,P20BNP3,BNP PARIBAS,20200601,20500601,30,USD,235000000,0,3.58,Applicable,5.000 x 2.000,BNP PARIBAS TAIWANYuanta Securities Co,BNP PARIBAS TAIWAN,FR0013513421,https://mopsov.twse.com.tw/mops/web/t113sb02?encodeURIComponent=1&firstin=true&id=&colorchg=&TYPEK=all&step=11&co_id=E0002&MONYR_REG=202006&BOND_ID=F00917&KIND=A
20260905,F03220,P20BACR5,Barclays Bank PLC,20200609,20500609,30,USD,100000000,0,3.5,Applicable,5.000 x 1.000,MasterLinkTaipei Fubon Bank,Taishin Securities,XS2124653564,https://mopsov.twse.com.tw/mops/web/t113sb02?encodeURIComponent=1&firstin=true&id=&colorchg=&TYPEK=all&step=11&co_id=E0019&MONYR_REG=202006&BOND_ID=F03220&KIND=A
20260905,F11310,P20FAB2,First Abu Dhabi Bank,20200611,20500611,30,USD,500000000,0,3.7,Applicable,5.000 x 5.000,Standard Chartered,Standard Chartered,XS2180918653,https://mopsov.twse.com.tw/mops/web/t113sb02?encodeURIComponent=1&firstin=true&id=&colorchg=&TYPEK=all&step=11&co_id=E0090&MONYR_REG=202006&BOND_ID=F11310&KIND=A
20260905,F11311,P20FAB3,First Abu Dhabi Bank,20200623,20500623,30,USD,640000000,0,3.8,Applicable,5.000 x 5.000,ANZ Banking Group TPStandard Chartered,Standard Chartered,XS2190029715,https://mopsov.twse.com.tw/mops/web/t113sb02?encodeURIComponent=1&firstin=true&id=&colorchg=&TYPEK=all&step=11&co_id=E0090&MONYR_REG=202006&BOND_ID=F11311&KIND=A
20260905,F09816,P20MUFGB2,MUFG Bank Ltd.,20200708,20500708,30,USD,500000000,0,3.25,Applicable,5.000 x 1.000,Cathay United BankMasterLink,Taishin Securities,XS2193862906,https://mopsov.twse.com.tw/mops/web/t113sb02?encodeURIComponent=1&firstin=true&id=&colorchg=&TYPEK=all&step=11&co_id=E0074&MONYR_REG=202007&BOND_ID=F09816&KIND=A
20260905,F00918,P20BNP4,BNP PARIBAS,20200720,20500720,30,USD,405000000,0,3.15,Applicable,5.000 x 5.000,BNP PARIBAS TAIWANCathay United BankYuanta Securities Co,BNP PARIBAS TAIWAN,FR0013523719,https://mopsov.twse.com.tw/mops/web/t113sb02?encodeURIComponent=1&firstin=true&id=&colorchg=&TYPEK=all&step=11&co_id=E0002&MONYR_REG=202007&BOND_ID=F00918&KIND=A
20260905,F16501,P20SHJ1,Government of the Emirate of Sharjah,20200728,20500728,30,USD,1000000000,4.000,0,Not Applicable,Not Applicable,Citibank Taiwan Ltd.HSBC Bank(Taiwan)LtdStandard Chartered,Standard Chartered,XS2207514063,https://mopsov.twse.com.tw/mops/web/t113sb02?encodeURIComponent=1&firstin=true&id=&colorchg=&TYPEK=all&step=11&co_id=E0135&MONYR_REG=202007&BOND_ID=F16501&KIND=A
20260905,F10604,P20CIBC1,Canadian Imperial Bank of Commerce,20200730,20500730,30,USD,400000000,0,2.92,Applicable,5.000 x 1.000,Yuanta Securities Co,Yuanta Securities Co,XS2207570560,https://mopsov.twse.com.tw/mops/web/t113sb02?encodeURIComponent=1&firstin=true&id=&colorchg=&TYPEK=all&step=11&co_id=E0083&MONYR_REG=202007&BOND_ID=F10604&KIND=A
20260905,F09817,P20MUFGB3,MUFG Bank Ltd.,20200806,20500806,30,USD,200000000,0,3,Applicable,5.000 x 1.000,Cathay United BankMasterLink,Taishin Securities,XS2209048227,https://mopsov.twse.com.tw/mops/web/t113sb02?encodeURIComponent=1&firstin=true&id=&colorchg=&TYPEK=all&step=11&co_id=E0074&MONYR_REG=202008&BOND_ID=F09817&KIND=A
20260905,F00805,P20DB1,Deutsche Bank Aktiengesellschaft,20200811,20500811,30,USD,360000000,0,4,Applicable,7.000 x 1.000,DeutscheBankAGTPEFubon SeuritiesKGI BankMasterLink,DeutscheBankAGTPE,XS2210059882,https://mopsov.twse.com.tw/mops/web/t113sb02?encodeURIComponent=1&firstin=true&id=&colorchg=&TYPEK=all&step=11&co_id=E0001&MONYR_REG=202008&BOND_ID=F00805&KIND=A
20260905,F00919,P20BNP5,BNP PARIBAS,20200827,20500827,30,USD,300000000,0,2.8,Applicable,5.000 x 5.000,BNP PARIBAS TAIWANE.SUN BankYuanta Securities Co,BNP PARIBAS TAIWAN,FR0013530631,https://mopsov.twse.com.tw/mops/web/t113sb02?encodeURIComponent=1&firstin=true&id=&colorchg=&TYPEK=all&step=11&co_id=E0002&MONYR_REG=202008&BOND_ID=F00919&KIND=A
20260905,F04406,P20ATT2,AT&amp;T Inc.,20200624,20500901,30.19,USD,1050000000,3.750,0,Applicable,5.190 x 1.000,DeutscheBankAGTPEMorgan StanleyStandard Chartered,DeutscheBankAGTPE,XS2191305544,https://mopsov.twse.com.tw/mops/web/t113sb02?encodeURIComponent=1&firstin=true&id=&colorchg=&TYPEK=all&step=11&co_id=E0031&MONYR_REG=202006&BOND_ID=F04406&KIND=A
20260905,F03221,P20BACR6,Barclays Bank PLC,20200904,20500904,30,USD,450000000,0,2.8,Applicable,5.000 x 1.000,BANK SINOPACCathay United BankYuanta Securities Co,Cathay United Bank,XS2160802893,https://mopsov.twse.com.tw/mops/web/t113sb02?encodeURIComponent=1&firstin=true&id=&colorchg=&TYPEK=all&step=11&co_id=E0019&MONYR_REG=202009&BOND_ID=F03221&KIND=A
20260905,F08713,P20BBVA2,BBVA Global Markets B.V.,20200908,20500908,30,USD,75000000,0,2.9,Applicable,5.000 x 2.000,KGI SecuritiesTaipei Fubon Bank,KGI Securities,XS2161308718,https://mopsov.twse.com.tw/mops/web/t113sb02?encodeURIComponent=1&firstin=true&id=&colorchg=&TYPEK=all&step=11&co_id=E0064&MONYR_REG=202009&BOND_ID=F08713&KIND=A
20260905,F08712,P20BBVA1,BBVA Global Markets B.V.,20200908,20500908,30,USD,100000000,0,2.91,Applicable,5.000 x 1.000,KGI SecuritiesTaipei Fubon Bank,KGI Securities,XS2161308809,https://mopsov.twse.com.tw/mops/web/t113sb02?encodeURIComponent=1&firstin=true&id=&colorchg=&TYPEK=all&step=11&co_id=E0064&MONYR_REG=202009&BOND_ID=F08712&KIND=A
20260905,F05433,P20NATIX6,Natixis,20200909,20500909,30,USD,100000000,0,2.8,Applicable,6.000 x 1.000,National SecuritiesSinoPac SecuritiesYuanta Securities Co,SinoPac Securities,XS2154995372,https://mopsov.twse.com.tw/mops/web/t113sb02?encodeURIComponent=1&firstin=true&id=&colorchg=&TYPEK=all&step=11&co_id=E0037&MONYR_REG=202009&BOND_ID=F05433&KIND=A
20260905,F05432,P20NATIX5,Natixis,20200909,20500909,30,USD,215000000,0,2.8,Applicable,5.000 x 1.000,E.SUN BankKGI SecuritiesNational SecuritiesSinoPac Securities,SinoPac Securities,XS2154995299,https://mopsov.twse.com.tw/mops/web/t113sb02?encodeURIComponent=1&firstin=true&id=&colorchg=&TYPEK=all&step=11&co_id=E0037&MONYR_REG=202009&BOND_ID=F05432&KIND=A
20260905,F16701,P20SABIC1,SABIC Capital I B.V.,20200914,20500914,30,USD,500000000,3.000,0,Applicable,Not a complete month or multiples.Please refer to the prospectus.,BNP PARIBAS TAIWANCitibank Taiwan Ltd.HSBC Bank(Taiwan)Ltd,BNP PARIBAS TAIWAN,XS2228113762,https://mopsov.twse.com.tw/mops/web/t113sb02?encodeURIComponent=1&firstin=true&id=&colorchg=&TYPEK=all&step=11&co_id=E0137&MONYR_REG=202009&BOND_ID=F16701&KIND=A
20260905,F03604,P17VZ2,Verizon Communications Inc.,20170815,20500915,33.08,USD,950000000,5.150,0,Applicable,5.083 x 1.000,BNP PARIBAS TAIWANCitibank Taiwan Ltd.,BNP PARIBAS TAIWAN,XS1661056686,https://mopsov.twse.com.tw/mops/web/t113sb02?encodeURIComponent=1&firstin=true&id=&colorchg=&TYPEK=all&step=11&co_id=E0023&MONYR_REG=201708&BOND_ID=F03604&KIND=A
20260905,F00920,P20BNP6,BNP PARIBAS,20200925,20500925,30,USD,330000000,0,2.82,Applicable,5.000 x 5.000,BNP PARIBAS TAIWANE.SUN Bank,BNP PARIBAS TAIWAN,FR0013534716,https://mopsov.twse.com.tw/mops/web/t113sb02?encodeURIComponent=1&firstin=true&id=&colorchg=&TYPEK=all&step=11&co_id=E0002&MONYR_REG=202009&BOND_ID=F00920&KIND=A
20260905,F09818,P20MUFGB4,MUFG Bank Ltd.,20201015,20501015,30,USD,200000000,0,2.74,Applicable,5.000 x 1.000,Cathay United BankMasterLink,Taishin Securities,XS2239833085,https://mopsov.twse.com.tw/mops/web/t113sb02?encodeURIComponent=1&firstin=true&id=&colorchg=&TYPEK=all&step=11&co_id=E0074&MONYR_REG=202010&BOND_ID=F09818&KIND=A
20260905,F10605,P20CIBC2,Canadian Imperial Bank of Commerce,20201029,20501029,30,USD,330000000,0,2.81,Applicable,5.000 x 1.000,Yuanta Securities Co,Yuanta Securities Co,XS2249610903,https://mopsov.twse.com.tw/mops/web/t113sb02?encodeURIComponent=1&firstin=true&id=&colorchg=&TYPEK=all&step=11&co_id=E0083&MONYR_REG=202010&BOND_ID=F10605&KIND=A
20260905,F11803,P20SMFG1,SUMITOMO MITSUI FINANCIAL GROUP INC.,20201119,20501119,30,USD,500000000,0,2.8,Applicable,10.000 x 1.000,BNP PARIBAS TAIWANCathay United BankKGI Securities,KGI Securities,XS2251641002,https://mopsov.twse.com.tw/mops/web/t113sb02?encodeURIComponent=1&firstin=true&id=&colorchg=&TYPEK=all&step=11&co_id=E0095&MONYR_REG=202011&BOND_ID=F11803&KIND=A
20260905,F03222,P21BACR1,Barclays Bank PLC,20210105,20510105,30,USD,400000000,0,2.77,Applicable,5.000 x 1.000,E.SUN BankMasterLinkYuanta Securities Co,Yuanta Securities Co,XS2219771578,https://mopsov.twse.com.tw/mops/web/t113sb02?encodeURIComponent=1&firstin=true&id=&colorchg=&TYPEK=all&step=11&co_id=E0019&MONYR_REG=202101&BOND_ID=F03222&KIND=A
20260905,F16102,P21BACRH1,Barclays PLC,20210107,20510107,30,USD,500000000,0,3.1,Applicable,5.000 x 1.000,E.SUN BankKGI SecuritiesTaipei Fubon Bank,KGI Securities,XS2279424449,https://mopsov.twse.com.tw/mops/web/t113sb02?encodeURIComponent=1&firstin=true&id=&colorchg=&TYPEK=all&step=11&co_id=E0131&MONYR_REG=202101&BOND_ID=F16102&KIND=A
20260905,F16004,P21UBSGP1,UBS Group AG,20210112,20510112,30,USD,100000000,0,2.7,Applicable,5.000 x 1.000,Yuanta Securities Co,Yuanta Securities Co,CH0587372951,https://mopsov.twse.com.tw/mops/web/t113sb02?encodeURIComponent=1&firstin=true&id=&colorchg=&TYPEK=all&step=11&co_id=E0130&MONYR_REG=202101&BOND_ID=F16004&KIND=A
20260905,F00921,P21BNP1,BNP PARIBAS,20210119,20510119,30,USD,800000000,0,2.9,Applicable,5.000 x 5.000,BNP PARIBAS TAIWANCapital SecuritiesTaipei Fubon BankTaishin InternatonalYuanta Securities Co,BNP PARIBAS TAIWAN,FR0014001FY1,https://mopsov.twse.com.tw/mops/web/t113sb02?encodeURIComponent=1&firstin=true&id=&colorchg=&TYPEK=all&step=11&co_id=E0002&MONYR_REG=202101&BOND_ID=F00921&KIND=A
20260905,F00806,P21DB1,Deutsche Bank Aktiengesellschaft,20210125,20510125,30,USD,450000000,0,3.45,Applicable,5.000 x 1.000,DeutscheBankAGTPEE.SUN BankFubon SeuritiesKGI BankKGI Securities,E.SUN Bank,XS2283226954,https://mopsov.twse.com.tw/mops/web/t113sb02?encodeURIComponent=1&firstin=true&id=&colorchg=&TYPEK=all&step=11&co_id=E0001&MONYR_REG=202101&BOND_ID=F00806&KIND=A
20260905,F16005,P21UBSGP2,UBS Group AG,20210129,20510129,30,USD,330000000,0,2.8,Applicable,5.000 x 1.000,KGI SecuritiesSinoPac SecuritiesTaishin InternatonalYuanta Securities Co,Yuanta Securities Co,CH0588488863,https://mopsov.twse.com.tw/mops/web/t113sb02?encodeURIComponent=1&firstin=true&id=&colorchg=&TYPEK=all&step=11&co_id=E0130&MONYR_REG=202101&BOND_ID=F16005&KIND=A
20260905,F03808,P21UOB1,United Overseas Bank Limited,20210205,20510205,30,USD,255000000,0,2.7,Applicable,5.000 x 1.000,KGI Securities,KGI Securities,XS2172510799,https://mopsov.twse.com.tw/mops/web/t113sb02?encodeURIComponent=1&firstin=true&id=&colorchg=&TYPEK=all&step=11&co_id=E0025&MONYR_REG=202102&BOND_ID=F03808&KIND=A
20260905,F05434,P21NATIX1,Natixis,20210208,20510208,30,USD,367000000,0,2.8,Applicable,5.000 x 1.000,E.SUN BankKGI SecuritiesSinoPac SecuritiesTaishin InternatonalYuanta Securities Co,KGI Securities,XS2202988767,https://mopsov.twse.com.tw/mops/web/t113sb02?encodeURIComponent=1&firstin=true&id=&colorchg=&TYPEK=all&step=11&co_id=E0037&MONYR_REG=202102&BOND_ID=F05434&KIND=A
20260905,F14228,P21CGMHI5,Citigroup Global Markets Holdings Inc.,20210223,20510223,30,USD,70000000,2.880,0,Applicable,1.000 x 1.000,Chinatrust BankE.SUN Bank,Chinatrust Bank,XS2216798574,https://mopsov.twse.com.tw/mops/web/t113sb02?encodeURIComponent=1&firstin=true&id=&colorchg=&TYPEK=all&step=11&co_id=E0115&MONYR_REG=202102&BOND_ID=F14228&KIND=A
20260905,F11804,P21SMFG1,SUMITOMO MITSUI FINANCIAL GROUP INC.,20210224,20510224,30,USD,420000000,0,2.9,Applicable,10.000 x 1.000,Cathay United BankChinatrust BankCitibank Taiwan Ltd.KGI Securities,Cathay United Bank,XS2293885765,https://mopsov.twse.com.tw/mops/web/t113sb02?encodeURIComponent=1&firstin=true&id=&colorchg=&TYPEK=all&step=11&co_id=E0095&MONYR_REG=202102&BOND_ID=F11804&KIND=A
20260905,F00807,P21DB2,Deutsche Bank Aktiengesellschaft,20210226,20510226,30,USD,275000000,0,3.475,Applicable,5.000 x 1.000,DeutscheBankAGTPEE.SUN BankFubon SeuritiesKGI BankTaishin Internatonal,E.SUN Bank,XS2297525375,https://mopsov.twse.com.tw/mops/web/t113sb02?encodeURIComponent=1&firstin=true&id=&colorchg=&TYPEK=all&step=11&co_id=E0001&MONYR_REG=202102&BOND_ID=F00807&KIND=A
20260905,F08714,P21BBVA1,BBVA Global Markets B.V.,20210226,20510226,30,USD,70000000,0,3.07,Applicable,5.000 x 1.000,E.SUN BankKGI Securities,KGI Securities,XS2224098025,https://mopsov.twse.com.tw/mops/web/t113sb02?encodeURIComponent=1&firstin=true&id=&colorchg=&TYPEK=all&step=11&co_id=E0064&MONYR_REG=202102&BOND_ID=F08714&KIND=A
20260905,F08715,P21BBVA2,BBVA Global Markets B.V.,20210226,20510226,30,USD,75000000,0,3.06,Applicable,5.000 x 2.000,E.SUN BankKGI Securities,KGI Securities,XS2224098298,https://mopsov.twse.com.tw/mops/web/t113sb02?encodeURIComponent=1&firstin=true&id=&colorchg=&TYPEK=all&step=11&co_id=E0064&MONYR_REG=202102&BOND_ID=F08715&KIND=A
20260905,F16006,P21UBSGP3,UBS Group AG,20210226,20510226,30,USD,170000000,0,3,Applicable,5.000 x 1.000,Chinatrust BankE.SUN BankMasterLinkSinoPac SecuritiesYuanta Securities Co,Chinatrust Bank,CH0595205490,https://mopsov.twse.com.tw/mops/web/t113sb02?encodeURIComponent=1&firstin=true&id=&colorchg=&TYPEK=all&step=11&co_id=E0130&MONYR_REG=202102&BOND_ID=F16006&KIND=A
20260905,F15305,P21GSFCI2,Goldman Sachs Finance Corp International Ltd,20210302,20510302,30,USD,50000000,2.750,0,Applicable,1.000 x 1.000,Chinatrust BankE.SUN Bank,Chinatrust Bank,XS1971476954,https://mopsov.twse.com.tw/mops/web/t113sb02?encodeURIComponent=1&firstin=true&id=&colorchg=&TYPEK=all&step=11&co_id=E0124&MONYR_REG=202103&BOND_ID=F15305&KIND=A
20260905,F03606,P19VZ1,Verizon Communications Inc.,20190311,20510315,32.01,USD,510000000,5.000,0,Applicable,5.000 x 1.000,BNP PARIBAS TAIWANDeutscheBankAGTPE,DeutscheBankAGTPE,XS1956016403,https://mopsov.twse.com.tw/mops/web/t113sb02?encodeURIComponent=1&firstin=true&id=&colorchg=&TYPEK=all&step=11&co_id=E0023&MONYR_REG=201903&BOND_ID=F03606&KIND=A
20260905,F03224,P21BACR3,Barclays Bank PLC,20210326,20510326,30,USD,55000000,3.020,0,Applicable,1.000 x 1.000,Chinatrust BankE.SUN Bank,E.SUN Bank,XS2260795567,https://mopsov.twse.com.tw/mops/web/t113sb02?encodeURIComponent=1&firstin=true&id=&colorchg=&TYPEK=all&step=11&co_id=E0019&MONYR_REG=202103&BOND_ID=F03224&KIND=A
20260905,F03225,P21BACR4,Barclays Bank PLC,20210401,20510401,30,USD,250000000,0,3.5,Applicable,5.000 x 1.000,Chinatrust BankE.SUN BankYuanta Securities Co,Yuanta Securities Co,XS2261566157,https://mopsov.twse.com.tw/mops/web/t113sb02?encodeURIComponent=1&firstin=true&id=&colorchg=&TYPEK=all&step=11&co_id=E0019&MONYR_REG=202104&BOND_ID=F03225&KIND=A
20260905,F03226,P21BACR5,Barclays Bank PLC,20210409,20510409,30,USD,45000000,3.130,0,Applicable,1.000 x 1.000,Chinatrust BankE.SUN Bank,E.SUN Bank,XS2267259625,https://mopsov.twse.com.tw/mops/web/t113sb02?encodeURIComponent=1&firstin=true&id=&colorchg=&TYPEK=all&step=11&co_id=E0019&MONYR_REG=202104&BOND_ID=F03226&KIND=A
20260905,F00923,P21BNP3,BNP PARIBAS,20210420,20510420,30,USD,250000000,0,3.51,Applicable,5.000 x 5.000,BNP PARIBAS TAIWANMasterLink,BNP PARIBAS TAIWAN,FR0014002XC8,https://mopsov.twse.com.tw/mops/web/t113sb02?encodeURIComponent=1&firstin=true&id=&colorchg=&TYPEK=all&step=11&co_id=E0002&MONYR_REG=202104&BOND_ID=F00923&KIND=A
20260905,F11805,P21SMFG2,SUMITOMO MITSUI FINANCIAL GROUP INC.,20210427,20510427,30,USD,500000000,0,3.5,Applicable,10.000 x 1.000,Cathay United BankKGI SecuritiesMasterLinkSG Securities TaipeiYuanta Securities Co,KGI Securities,XS2331203757,https://mopsov.twse.com.tw/mops/web/t113sb02?encodeURIComponent=1&firstin=true&id=&colorchg=&TYPEK=all&step=11&co_id=E0095&MONYR_REG=202104&BOND_ID=F11805&KIND=A
20260905,F01210,P21CTBC1,中國信託商業銀行股份有限公司,20210427,20510427,30,USD,140000000,0,3.26,Applicable,5.000 x 1.000,Chinatrust Banksell the bond itself,SinoPac Securities,TW000F012109,https://mopsov.twse.com.tw/mops/web/t120sg01?TYPEK=&bond_id=F01210&bond_kind=3&bond_subn=%24M00000001&bond_yrn=110-1&come=2&encodeURIComponent=1&firstin=true&issuer_stock_code=5841&monyr_reg=202608&pg=&step=0&tg=
20260905,F16403,P21MGL1,Macquarie Group Limited,20210428,20510428,30,USD,65000000,0,3.45,Applicable,5.000 x 1.000,SinoPac SecuritiesYuanta Securities Co,Yuanta Securities Co,XS2332533756,https://mopsov.twse.com.tw/mops/web/t113sb02?encodeURIComponent=1&firstin=true&id=&colorchg=&TYPEK=all&step=11&co_id=E0134&MONYR_REG=202104&BOND_ID=F16403&KIND=A
20260905,F10606,P21CIBC1,Canadian Imperial Bank of Commerce,20210428,20510428,30,USD,290000000,0,3.5,Applicable,5.000 x 1.000,Yuanta Securities Co,Yuanta Securities Co,XS2332893291,https://mopsov.twse.com.tw/mops/web/t113sb02?encodeURIComponent=1&firstin=true&id=&colorchg=&TYPEK=all&step=11&co_id=E0083&MONYR_REG=202104&BOND_ID=F10606&KIND=A
20260905,F17401,P21TAQA1,Abu Dhabi National Energy Company PJSC,20210429,20510429,30,USD,750000000,3.400,0,Applicable,Not a complete month or multiples.Please refer to the prospectus.,Citibank Taiwan Ltd.HSBC Bank(Taiwan)Ltd,SinoPac Securities,XS2333388937,https://mopsov.twse.com.tw/mops/web/t113sb02?encodeURIComponent=1&firstin=true&id=&colorchg=&TYPEK=all&step=11&co_id=E0142&MONYR_REG=202104&BOND_ID=F17401&KIND=A
20260905,F09819,P21MUFGB1,MUFG Bank Ltd.,20210507,20510507,30,USD,120000000,0,3.4,Applicable,5.000 x 1.000,Cathay United BankMasterLink,Taishin Securities,XS2336172379,https://mopsov.twse.com.tw/mops/web/t113sb02?encodeURIComponent=1&firstin=true&id=&colorchg=&TYPEK=all&step=11&co_id=E0074&MONYR_REG=202105&BOND_ID=F09819&KIND=A
20260905,F02930,P21GS4,The Goldman Sachs Group Inc.,20210507,20510507,30,USD,495000000,0,3.65,Applicable,5.000 x 1.000,Cathay United BankE.SUN BankKGI BankKGI SecuritiesMasterLinkTaipei Fubon BankYuanta Securities Co,KGI Securities,XS1970504384,https://mopsov.twse.com.tw/mops/web/t113sb02?encodeURIComponent=1&firstin=true&id=&colorchg=&TYPEK=all&step=11&co_id=E0016&MONYR_REG=202105&BOND_ID=F02930&KIND=A
20260905,F03227,P21BACR6,Barclays Bank PLC,20210514,20510514,30,USD,100000000,0,3.5,Applicable,5.000 x 1.000,E.SUN BankMasterLink,E.SUN Bank,XS2269504358,https://mopsov.twse.com.tw/mops/web/t113sb02?encodeURIComponent=1&firstin=true&id=&colorchg=&TYPEK=all&step=11&co_id=E0019&MONYR_REG=202105&BOND_ID=F03227&KIND=A
20260905,F16007,P21UBSGP4,UBS Group AG,20210526,20510526,30,USD,265000000,0,3.5,Applicable,5.000 x 1.000,Cathay United BankMasterLinkSinoPac SecuritiesYuanta Securities Co,Yuanta Securities Co,CH1112455774,https://mopsov.twse.com.tw/mops/web/t113sb02?encodeURIComponent=1&firstin=true&id=&colorchg=&TYPEK=all&step=11&co_id=E0130&MONYR_REG=202105&BOND_ID=F16007&KIND=A
20260905,F08716,P21BBVA3,BBVA Global Markets B.V.,20210604,20510604,30,USD,55000000,0,3.66,Applicable,5.000 x 1.000,E.SUN BankKGI Securities,KGI Securities,XS2272093993,https://mopsov.twse.com.tw/mops/web/t113sb02?encodeURIComponent=1&firstin=true&id=&colorchg=&TYPEK=all&step=11&co_id=E0064&MONYR_REG=202106&BOND_ID=F08716&KIND=A
20260905,F08717,P21BBVA4,BBVA Global Markets B.V.,20210604,20510604,30,USD,55000000,0,3.64,Applicable,5.000 x 2.000,E.SUN BankKGI Securities,KGI Securities,XS2272094025,https://mopsov.twse.com.tw/mops/web/t113sb02?encodeURIComponent=1&firstin=true&id=&colorchg=&TYPEK=all&step=11&co_id=E0064&MONYR_REG=202106&BOND_ID=F08717&KIND=A
20260905,F17501,P21MDGHA1,MDGH GMTN (RSC) Ltd,20210607,20510607,30,USD,1000000000,3.400,0,Applicable,Not a complete month or multiples.Please refer to the prospectus.,Citibank Taiwan Ltd.Morgan StanleyStandard Chartered,Standard Chartered,XS2324826994,https://mopsov.twse.com.tw/mops/web/t113sb02?encodeURIComponent=1&firstin=true&id=&colorchg=&TYPEK=all&step=11&co_id=E0143&MONYR_REG=202106&BOND_ID=F17501&KIND=A
20260905,F03228,P21BACR7,Barclays Bank PLC,20210617,20510617,30,USD,255000000,0,3.5,Applicable,5.000 x 1.000,E.SUN BankYuanta Securities Co,Yuanta Securities Co,XS2279166727,https://mopsov.twse.com.tw/mops/web/t113sb02?encodeURIComponent=1&firstin=true&id=&colorchg=&TYPEK=all&step=11&co_id=E0019&MONYR_REG=202106&BOND_ID=F03228&KIND=A
20260905,F03229,P21BACR8,Barclays Bank PLC,20210709,20510709,30,USD,100000000,0,3.3,Applicable,5.000 x 1.000,E.SUN BankMasterLink,E.SUN Bank,XS2290036826,https://mopsov.twse.com.tw/mops/web/t113sb02?encodeURIComponent=1&firstin=true&id=&colorchg=&TYPEK=all&step=11&co_id=E0019&MONYR_REG=202107&BOND_ID=F03229&KIND=A
20260905,F17701,P21QP1,Qatar Petroleum,20210712,20510712,30,USD,4000000000,3.300,0,Applicable,Not a complete month or multiples.Please refer to the prospectus.,Citibank Taiwan Ltd.DeutscheBankAGTPEGoldman Sachs TaipeiHSBC Bank(Taiwan)LtdJPMorgan,DeutscheBankAGTPE,XS2357494751,https://mopsov.twse.com.tw/mops/web/t113sb02?encodeURIComponent=1&firstin=true&id=&colorchg=&TYPEK=all&step=11&co_id=E0145&MONYR_REG=202107&BOND_ID=F17701&KIND=A
20260905,F17801,P21JTIFS1,JT INTERNATIONAL FINANCIAL SERVICES B.V.,20210914,20510914,30,USD,400000000,3.300,0,Not Applicable,Not Applicable,DeutscheBankAGTPEStandard Chartered,Standard Chartered,XS2383492902,https://mopsov.twse.com.tw/mops/web/t113sb02?encodeURIComponent=1&firstin=true&id=&colorchg=&TYPEK=all&step=11&co_id=E0146&MONYR_REG=202109&BOND_ID=F17801&KIND=A
20260905,F16802,P21TSMC1,台灣積體電路製造股份有限公司,20210923,20510923,30,USD,1000000000,3.100,0,Applicable,5.000 x 1.000,Goldman Sachs TaipeiKGI Securities,KGI Securities,TW000F168026,https://mopsov.twse.com.tw/mops/web/t120sg01?encodeURIComponent=1&firstin=true&tg=&pg=&step=0&TYPEK=&monyr_reg=202608&issuer_stock_code=2330&bond_kind=4&bond_yrn=110-5&bond_subn=%24M00000001&bond_id=F16802&come=2
20260905,F05436,P21NATIX3,Natixis,20211008,20511008,30,USD,180000000,0,3.1,Applicable,5.000 x 1.000,Cathay United BankE.SUN Bank,E.SUN Bank,XS2303548635,https://mopsov.twse.com.tw/mops/web/t113sb02?encodeURIComponent=1&firstin=true&id=&colorchg=&TYPEK=all&step=11&co_id=E0037&MONYR_REG=202110&BOND_ID=F05436&KIND=A
20260905,F03230,P21BACR9,Barclays Bank PLC,20211018,20511018,30,USD,100000000,0,3.2,Applicable,5.000 x 1.000,E.SUN BankYuanta Securities Co,Yuanta Securities Co,XS2310983999,https://mopsov.twse.com.tw/mops/web/t113sb02?encodeURIComponent=1&firstin=true&id=&colorchg=&TYPEK=all&step=11&co_id=E0019&MONYR_REG=202110&BOND_ID=F03230&KIND=A
20260905,F11315,P21FAB2,First Abu Dhabi Bank,20211130,20511130,30,USD,365000000,0,3.4,Applicable,5.000 x 5.000,ANZ Banking Group TPStandard Chartered,Standard Chartered,XS2412097177,https://mopsov.twse.com.tw/mops/web/t113sb02?encodeURIComponent=1&firstin=true&id=&colorchg=&TYPEK=all&step=11&co_id=E0090&MONYR_REG=202111&BOND_ID=F11315&KIND=A
20260905,F09820,P21MUFGB2,MUFG Bank Ltd.,20211210,20511210,30,USD,150000000,0,3.3,Applicable,5.000 x 1.000,Cathay United BankMasterLink,Taishin Securities,XS2415468615,https://mopsov.twse.com.tw/mops/web/t113sb02?encodeURIComponent=1&firstin=true&id=&colorchg=&TYPEK=all&step=11&co_id=E0074&MONYR_REG=202112&BOND_ID=F09820&KIND=A
20260905,F05438,P21NATIX5,Natixis,20211216,20511216,30,USD,100000000,0,3.3,Applicable,5.000 x 1.000,E.SUN BankYuanta Securities Co,Yuanta Securities Co,XS2321018900,https://mopsov.twse.com.tw/mops/web/t113sb02?encodeURIComponent=1&firstin=true&id=&colorchg=&TYPEK=all&step=11&co_id=E0037&MONYR_REG=202112&BOND_ID=F05438&KIND=A
20260905,F16103,P22BACRH1,Barclays PLC,20220107,20520107,30,USD,400000000,0,3.3,Applicable,5.000 x 1.000,Cathay United BankE.SUN BankYuanta Securities Co,Yuanta Securities Co,XS2426069220,https://mopsov.twse.com.tw/mops/web/t113sb02?encodeURIComponent=1&firstin=true&id=&colorchg=&TYPEK=all&step=11&co_id=E0131&MONYR_REG=202201&BOND_ID=F16103&KIND=A
20260905,F00924,P22BNP1,BNP PARIBAS,20220118,20520118,30,USD,355000000,0,3.4,Applicable,5.000 x 5.000,BNP PARIBAS TAIWANTaipei Fubon BankTaishin InternatonalYuanta Securities Co,Taishin Internatonal,FR0014007LU4,https://mopsov.twse.com.tw/mops/web/t113sb02?encodeURIComponent=1&firstin=true&id=&colorchg=&TYPEK=all&step=11&co_id=E0002&MONYR_REG=202201&BOND_ID=F00924&KIND=A
20260905,F07104,P22SCB1,Standard Chartered Bank,20220118,20520118,30,USD,140000000,0,3.21,Applicable,5.000 x 1.000,Capital SecuritiesStandard Chartered,Capital Securities,XS2430441977,https://mopsov.twse.com.tw/mops/web/t113sb02?encodeURIComponent=1&firstin=true&id=&colorchg=&TYPEK=all&step=11&co_id=E0051&MONYR_REG=202201&BOND_ID=F07104&KIND=A
20260905,F00925,P22BNP2,BNP PARIBAS,20220119,20520119,30,USD,230000000,0,3.4,Applicable,5.000 x 5.000,BNP PARIBAS TAIWANCapital SecuritiesE.SUN Bank,E.SUN Bank,FR0014007MN7,https://mopsov.twse.com.tw/mops/web/t113sb02?encodeURIComponent=1&firstin=true&id=&colorchg=&TYPEK=all&step=11&co_id=E0002&MONYR_REG=202201&BOND_ID=F00925&KIND=A
20260905,F02266,P22SG1,Societe Generale,20220120,20520120,30,USD,220000000,0,3.25,Applicable,5.000 x 1.000,E.SUN BankSG Securities TaipeiSinoPac Securities,E.SUN Bank,XS2347740008,https://mopsov.twse.com.tw/mops/web/t113sb02?encodeURIComponent=1&firstin=true&id=&colorchg=&TYPEK=all&step=11&co_id=E0010&MONYR_REG=202201&BOND_ID=F02266&KIND=A
20260905,F03231,P22BACR1,Barclays Bank PLC,20220125,20520125,30,USD,100000000,0,3.4,Applicable,5.000 x 1.000,E.SUN Bank,E.SUN Bank,XS2338797546,https://mopsov.twse.com.tw/mops/web/t113sb02?encodeURIComponent=1&firstin=true&id=&colorchg=&TYPEK=all&step=11&co_id=E0019&MONYR_REG=202201&BOND_ID=F03231&KIND=A
20260905,F08718,P22BBVA1,BBVA Global Markets B.V.,20220125,20520125,30,USD,100000000,0,3.41,Applicable,5.000 x 1.000,E.SUN BankKGI Securities,KGI Securities,XS2339659281,https://mopsov.twse.com.tw/mops/web/t113sb02?encodeURIComponent=1&firstin=true&id=&colorchg=&TYPEK=all&step=11&co_id=E0064&MONYR_REG=202201&BOND_ID=F08718&KIND=A
20260905,F05439,P22NATIX1,Natixis,20220126,20520126,30,USD,220000000,0,3.23,Applicable,5.000 x 1.000,Capital SecuritiesE.SUN BankTaipei Fubon BankTaishin InternatonalYuanta Securities Co,E.SUN Bank,XS2321033610,https://mopsov.twse.com.tw/mops/web/t113sb02?encodeURIComponent=1&firstin=true&id=&colorchg=&TYPEK=all&step=11&co_id=E0037&MONYR_REG=202201&BOND_ID=F05439&KIND=A
20260905,F02268,P22SG3,Societe Generale,20220126,20520126,30,USD,220000000,0,3.35,Applicable,5.000 x 1.000,E.SUN BankSG Securities TaipeiSinoPac Securities,E.SUN Bank,XS2347738366,https://mopsov.twse.com.tw/mops/web/t113sb02?encodeURIComponent=1&firstin=true&id=&colorchg=&TYPEK=all&step=11&co_id=E0010&MONYR_REG=202201&BOND_ID=F02268&KIND=A
20260905,F05821,P22RBCLB1,Royal Bank of Canada London Branch,20220126,20520126,30,USD,465000000,0,3.26,Applicable,5.000 x 1.000,Cathay United BankE.SUN BankKGI SecuritiesYuanta Securities Co,KGI Securities,XS1192971411,https://mopsov.twse.com.tw/mops/web/t113sb02?encodeURIComponent=1&firstin=true&id=&colorchg=&TYPEK=all&step=11&co_id=E0040&MONYR_REG=202201&BOND_ID=F05821&KIND=A
20260905,F05440,P22NATIX2,Natixis,20220127,20520127,30,USD,80000000,0,3.23,Applicable,5.000 x 1.000,Capital SecuritiesNational SecuritiesSinoPac Securities,SinoPac Securities,XS2321034261,https://mopsov.twse.com.tw/mops/web/t113sb02?encodeURIComponent=1&firstin=true&id=&colorchg=&TYPEK=all&step=11&co_id=E0037&MONYR_REG=202201&BOND_ID=F05440&KIND=A
20260905,F11806,P22SMFG1,SUMITOMO MITSUI FINANCIAL GROUP INC.,20220127,20520127,30,USD,315000000,0,3.45,Applicable,10.000 x 1.000,Cathay United BankKGI SecuritiesMasterLinkSG Securities TaipeiYuanta Securities Co,Cathay United Bank,XS2435101477,https://mopsov.twse.com.tw/mops/web/t113sb02?encodeURIComponent=1&firstin=true&id=&colorchg=&TYPEK=all&step=11&co_id=E0095&MONYR_REG=202201&BOND_ID=F11806&KIND=A
20260905,F02645,P22CACIB3,CREDIT AGRICOLE CORPORATE AND INVESTMENT BANK,20220127,20520127,30,USD,125000000,0,3.26,Applicable,5.000 x 1.000,E.SUN BankYuanta Securities Co,Yuanta Securities Co,XS2317949563,https://mopsov.twse.com.tw/mops/web/t113sb02?encodeURIComponent=1&firstin=true&id=&colorchg=&TYPEK=all&step=11&co_id=E0014&MONYR_REG=202201&BOND_ID=F02645&KIND=A
20260905,F03520,P22UBSLN1,UBS AG London Branch,20220209,20520209,30,USD,150000000,0,3.3,Applicable,5.000 x 1.000,Chinatrust BankYuanta Securities Co,Yuanta Securities Co,XS2024989654,https://mopsov.twse.com.tw/mops/web/t113sb02?encodeURIComponent=1&firstin=true&id=&colorchg=&TYPEK=all&step=11&co_id=E0022&MONYR_REG=202202&BOND_ID=F03520&KIND=A
20260905,F09821,P22MUFGB1,MUFG Bank Ltd.,20220214,20520214,30,USD,160000000,0,3.35,Applicable,5.000 x 1.000,Cathay United BankMasterLink,Taishin Securities,XS2438697224,https://mopsov.twse.com.tw/mops/web/t113sb02?encodeURIComponent=1&firstin=true&id=&colorchg=&TYPEK=all&step=11&co_id=E0074&MONYR_REG=202202&BOND_ID=F09821&KIND=A
20260905,F02648,P22CACIB6,CREDIT AGRICOLE CORPORATE AND INVESTMENT BANK,20220308,20520308,30,USD,75000000,0,3.65,Applicable,5.000 x 1.000,E.SUN BankKGI SecuritiesTaishin Internatonal,E.SUN Bank,XS2317951387,https://mopsov.twse.com.tw/mops/web/t113sb02?encodeURIComponent=1&firstin=true&id=&colorchg=&TYPEK=all&step=11&co_id=E0014&MONYR_REG=202203&BOND_ID=F02648&KIND=A
20260905,F09822,P22MUFGB2,MUFG Bank Ltd.,20220309,20520309,30,USD,120000000,0,3.81,Applicable,5.000 x 1.000,Cathay United BankMasterLink,Taishin Securities,XS2447997011,https://mopsov.twse.com.tw/mops/web/t113sb02?encodeURIComponent=1&firstin=true&id=&colorchg=&TYPEK=all&step=11&co_id=E0074&MONYR_REG=202203&BOND_ID=F09822&KIND=A
20260905,F05441,P22NATIX3,Natixis,20220316,20520316,30,USD,50000000,0,3.85,Applicable,5.000 x 1.000,E.SUN BankSinoPac Securities,E.SUN Bank,XS2303555846,https://mopsov.twse.com.tw/mops/web/t113sb02?encodeURIComponent=1&firstin=true&id=&colorchg=&TYPEK=all&step=11&co_id=E0037&MONYR_REG=202203&BOND_ID=F05441&KIND=A
20260905,F02270,P22SG5,Societe Generale,20220316,20520316,30,USD,95000000,0,3.85,Applicable,5.000 x 1.000,E.SUN BankSG Securities Taipei,E.SUN Bank,XS2347734704,https://mopsov.twse.com.tw/mops/web/t113sb02?encodeURIComponent=1&firstin=true&id=&colorchg=&TYPEK=all&step=11&co_id=E0010&MONYR_REG=202203&BOND_ID=F02270&KIND=A
20260905,F10903,P22HSBC1,HSBC Holdings plc,20220318,20520318,30,USD,415000000,0,4.05,Applicable,5.000 x 1.000,E.SUN BankHSBC Bank(Taiwan)LtdSinoPac Securities,E.SUN Bank,XS2451774884,https://mopsov.twse.com.tw/mops/web/t113sb02?encodeURIComponent=1&firstin=true&id=&colorchg=&TYPEK=all&step=11&co_id=E0086&MONYR_REG=202203&BOND_ID=F10903&KIND=A
20260905,F18501,P22WFC1,Wells Fargo &amp; Company,20220329,20520329,30,USD,74000000,0,4.4,Applicable,5.000 x 1.000,Chinatrust BankE.SUN BankStandard CharteredYuanta Securities Co,E.SUN Bank,XS2460266708,https://mopsov.twse.com.tw/mops/web/t113sb02?encodeURIComponent=1&firstin=true&id=&colorchg=&TYPEK=all&step=11&co_id=E0153&MONYR_REG=202203&BOND_ID=F18501&KIND=A
20260905,F05822,P22RBCLB2,Royal Bank of Canada London Branch,20220408,20520408,30,USD,110000000,0,4.25,Applicable,5.000 x 1.000,Cathay United BankYuanta Securities Co,Yuanta Securities Co,XS1192971767,https://mopsov.twse.com.tw/mops/web/t113sb02?encodeURIComponent=1&firstin=true&id=&colorchg=&TYPEK=all&step=11&co_id=E0040&MONYR_REG=202204&BOND_ID=F05822&KIND=A
20260905,F03236,P22BACR6,Barclays Bank PLC,20220413,20520413,30,USD,100000000,0,4.52,Applicable,5.000 x 1.000,Cathay United BankKGI Bank,Cathay United Bank,XS2366944887,https://mopsov.twse.com.tw/mops/web/t113sb02?encodeURIComponent=1&firstin=true&id=&colorchg=&TYPEK=all&step=11&co_id=E0019&MONYR_REG=202204&BOND_ID=F03236&KIND=A
20260905,F01213,P22CTBC1,中國信託商業銀行股份有限公司,20220427,20520427,30,USD,80000000,0,4.4,Applicable,5.000 x 1.000,Chinatrust Bank,Yuanta Securities Co,TW000F012133,https://mopsov.twse.com.tw/mops/web/t120sg01?TYPEK=&bond_id=F01213&bond_kind=3&bond_subn=%24M00000001&bond_yrn=111-1&come=2&encodeURIComponent=1&firstin=true&issuer_stock_code=5841&monyr_reg=202608&pg=&step=0&tg=
20260905,F04048,P22JPMC5,JPMorgan Chase &amp; Co.,20220505,20520505,30,USD,14000000,0,4.72,Applicable,5.000 x 1.000,E.SUN BankJPMorgan,E.SUN Bank,XS1450769606,https://mopsov.twse.com.tw/mops/web/t113sb02?encodeURIComponent=1&firstin=true&id=&colorchg=&TYPEK=all&step=11&co_id=E0027&MONYR_REG=202205&BOND_ID=F04048&KIND=A
20260905,F18002,P22UAE1,Federal Government of the United Arab Emirates acting through the Ministry of F,20220707,20520707,30,USD,1250000000,4.951,0,Not Applicable,Not Applicable,Citibank Taiwan Ltd.HSBC Bank(Taiwan)LtdJPMorganStandard Chartered,Standard Chartered,XS2492385203,https://mopsov.twse.com.tw/mops/web/t113sb02?encodeURIComponent=1&firstin=true&id=&colorchg=&TYPEK=all&step=11&co_id=E0148&MONYR_REG=202207&BOND_ID=F18002&KIND=A
20260905,F18502,P22WFC2,Wells Fargo &amp; Company,20220913,20520913,30,USD,48000000,0,5.37,Applicable,10.000 x 1.000,Cathay United BankYuanta Securities Co,Yuanta Securities Co,XS2528132173,https://mopsov.twse.com.tw/mops/web/t113sb02?encodeURIComponent=1&firstin=true&id=&colorchg=&TYPEK=all&step=11&co_id=E0153&MONYR_REG=202209&BOND_ID=F18502&KIND=A
20260905,F09704,P18CCF1,Comcast Corporation,20180212,20530131,34.98,USD,800000000,4.250,0,Applicable,5.000 x 1.000,DeutscheBankAGTPE,DeutscheBankAGTPE,XS1766784455,https://mopsov.twse.com.tw/mops/web/t113sb02?encodeURIComponent=1&firstin=true&id=&colorchg=&TYPEK=all&step=11&co_id=E0073&MONYR_REG=201802&BOND_ID=F09704&KIND=A
20260905,F17301,P21CHILE1,Republic of Chile,20210415,20530415,32,USD,1500000000,3.500,0,Applicable,Not a complete month or multiples.Please refer to the prospectus.,CACIB TaipeiGoldman Sachs Taipei,E.SUN Bank,XS2327851874,https://mopsov.twse.com.tw/mops/web/t113sb02?encodeURIComponent=1&firstin=true&id=&colorchg=&TYPEK=all&step=11&co_id=E0141&MONYR_REG=202104&BOND_ID=F17301&KIND=A
20260905,F03605,P18VZ1,Verizon Communications Inc.,20180518,20530502,34.98,USD,730000000,5.320,0,Applicable,5.000 x 1.000,BNP PARIBAS TAIWANDeutscheBankAGTPE,DeutscheBankAGTPE,XS1819827640,https://mopsov.twse.com.tw/mops/web/t113sb02?encodeURIComponent=1&firstin=true&id=&colorchg=&TYPEK=all&step=11&co_id=E0023&MONYR_REG=201805&BOND_ID=F03605&KIND=A
20260905,F17503,P23MDGHA1,MDGH GMTN (RSC) Ltd,20230522,20530522,30,USD,500000000,5.084,0,Applicable,Not a complete month or multiples.Please refer to the prospectus.,BNP PARIBAS TAIWANCACIB TaipeiCitibank Taiwan Ltd.JPM Securities TWStandard Chartered,BNP PARIBAS TAIWAN,XS2623206187,https://mopsov.twse.com.tw/mops/web/t113sb02?encodeURIComponent=1&firstin=true&id=&colorchg=&TYPEK=all&step=11&co_id=E0143&MONYR_REG=202305&BOND_ID=F17503&KIND=A
20260905,F18503,P23WFC1,Wells Fargo &amp; Company,20230606,20530606,30,USD,25000000,0,6.06,Applicable,10.000 x 1.000,KGI SecuritiesYuanta Securities Co,Yuanta Securities Co,XS2629403812,https://mopsov.twse.com.tw/mops/web/t113sb02?encodeURIComponent=1&firstin=true&id=&colorchg=&TYPEK=all&step=11&co_id=E0153&MONYR_REG=202306&BOND_ID=F18503&KIND=A
20260905,F04029,P20JPMC5,JPMorgan Chase &amp; Co.,20200521,20540521,34,USD,280000000,0,3.45,Applicable,5.000 x 1.000,E.SUN BankSinoPac Securities,E.SUN Bank,XS1450910390,https://mopsov.twse.com.tw/mops/web/t113sb02?encodeURIComponent=1&firstin=true&id=&colorchg=&TYPEK=all&step=11&co_id=E0027&MONYR_REG=202005&BOND_ID=F04029&KIND=A
20260905,F05816,P20RBCLB3,Royal Bank of Canada London Branch,20200526,20540526,34,USD,200000000,0,3.3,Applicable,5.000 x 1.000,Yuanta Securities Co,Yuanta Securities Co,XS1991332096,https://mopsov.twse.com.tw/mops/web/t113sb02?encodeURIComponent=1&firstin=true&id=&colorchg=&TYPEK=all&step=11&co_id=E0040&MONYR_REG=202005&BOND_ID=F05816&KIND=A
20260905,F01136,P20CITI9,Citigroup Inc,20200528,20540528,34,USD,300000000,0,3.7,Applicable,5.000 x 1.000,E.SUN BankMasterLinkYuanta Securities Co,E.SUN Bank,XS1273445582,https://mopsov.twse.com.tw/mops/web/t113sb02?encodeURIComponent=1&firstin=true&id=&colorchg=&TYPEK=all&step=11&co_id=E0004&MONYR_REG=202005&BOND_ID=F01136&KIND=A
20260905,F02251,P20SG5,Societe Generale,20200717,20540717,34,USD,355000000,0,3,Applicable,5.000 x 1.000,Cathay United BankE.SUN BankSG Securities TaipeiSinoPac Securities,Cathay United Bank,XS2174706684,https://mopsov.twse.com.tw/mops/web/t113sb02?encodeURIComponent=1&firstin=true&id=&colorchg=&TYPEK=all&step=11&co_id=E0010&MONYR_REG=202007&BOND_ID=F02251&KIND=A
20260905,F13730,P20MSF11,Morgan Stanley Finance LLC,20200821,20540821,34,USD,100000000,0,2.76,Applicable,5.000 x 6.000,KGI SecuritiesMasterLinkYuanta Securities Co,Yuanta Securities Co,XS1906336240,https://mopsov.twse.com.tw/mops/web/t113sb02?encodeURIComponent=1&firstin=true&id=&colorchg=&TYPEK=all&step=11&co_id=E0111&MONYR_REG=202008&BOND_ID=F13730&KIND=A
20260905,F02255,P20SG9,Societe Generale,20201020,20541020,34,USD,400000000,0,2.7,Applicable,5.000 x 1.000,E.SUN BankKGI SecuritiesSG Securities Taipei,E.SUN Bank,XS2175872048,https://mopsov.twse.com.tw/mops/web/t113sb02?encodeURIComponent=1&firstin=true&id=&colorchg=&TYPEK=all&step=11&co_id=E0010&MONYR_REG=202010&BOND_ID=F02255&KIND=A
20260905,F04023,P19JPMC3,JPMorgan Chase &amp; Co.,20191107,20541107,35,USD,110000000,0,4.01,Applicable,5.000 x 1.000,E.SUN BankYuanta Securities Co,E.SUN Bank,XS1450982548,https://mopsov.twse.com.tw/mops/web/t113sb02?encodeURIComponent=1&firstin=true&id=&colorchg=&TYPEK=all&step=11&co_id=E0027&MONYR_REG=201911&BOND_ID=F04023&KIND=A
20260905,F13740,P21MSF7,Morgan Stanley Finance LLC,20210223,20550223,34,USD,85000000,0,3,Applicable,5.000 x 5.000,Cathay United BankE.SUN BankYuanta Securities Co,E.SUN Bank,XS2175209910,https://mopsov.twse.com.tw/mops/web/t113sb02?encodeURIComponent=1&firstin=true&id=&colorchg=&TYPEK=all&step=11&co_id=E0111&MONYR_REG=202102&BOND_ID=F13740&KIND=A
20260905,F04034,P21JPMC2,JPMorgan Chase &amp; Co.,20210303,20550303,34,USD,240000000,0,3.02,Applicable,5.000 x 2.000,Cathay United BankE.SUN BankKGI Securities,E.SUN Bank,XS1450844821,https://mopsov.twse.com.tw/mops/web/t113sb02?encodeURIComponent=1&firstin=true&id=&colorchg=&TYPEK=all&step=11&co_id=E0027&MONYR_REG=202103&BOND_ID=F04034&KIND=A
20260905,F03609,P22VZ1,Verizon Communications Inc.,20220304,20550304,33,USD,655000000,4.100,0,Applicable,5.000 x 1.000,DeutscheBankAGTPEJPMorganMorgan Stanley,DeutscheBankAGTPE,XS2449912976,https://mopsov.twse.com.tw/mops/web/t113sb02?encodeURIComponent=1&firstin=true&id=&colorchg=&TYPEK=all&step=11&co_id=E0023&MONYR_REG=202203&BOND_ID=F03609&KIND=A
20260905,F01143,P21CITI4,Citigroup Inc,20210312,20550312,34,USD,190000000,0,3.23,Applicable,5.000 x 1.000,Chinatrust BankE.SUN Bank,Chinatrust Bank,XS1273448768,https://mopsov.twse.com.tw/mops/web/t113sb02?encodeURIComponent=1&firstin=true&id=&colorchg=&TYPEK=all&step=11&co_id=E0004&MONYR_REG=202103&BOND_ID=F01143&KIND=A
20260905,F01144,P21CITI5,Citigroup Inc,20210409,20550409,34,USD,230000000,0,3.65,Applicable,5.000 x 1.000,National SecuritiesSinoPac SecuritiesYuanta Securities Co,SinoPac Securities,XS1273442647,https://mopsov.twse.com.tw/mops/web/t113sb02?encodeURIComponent=1&firstin=true&id=&colorchg=&TYPEK=all&step=11&co_id=E0004&MONYR_REG=202104&BOND_ID=F01144&KIND=A
20260905,F00809,P21DB4,Deutsche Bank Aktiengesellschaft,20210415,20550415,34,USD,300000000,0,4,Applicable,5.000 x 1.000,DeutscheBankAGTPEKGI BankTaishin InternatonalYuanta Securities Co,DeutscheBankAGTPE,XS2327322884,https://mopsov.twse.com.tw/mops/web/t113sb02?encodeURIComponent=1&firstin=true&id=&colorchg=&TYPEK=all&step=11&co_id=E0001&MONYR_REG=202104&BOND_ID=F00809&KIND=A
20260905,F01145,P21CITI6,Citigroup Inc,20210519,20550519,34,USD,275000000,0,3.55,Applicable,5.000 x 1.000,MasterLinkTaipei Fubon BankTaishin Internatonal,Taishin Securities,XS1273440435,https://mopsov.twse.com.tw/mops/web/t113sb02?encodeURIComponent=1&firstin=true&id=&colorchg=&TYPEK=all&step=11&co_id=E0004&MONYR_REG=202105&BOND_ID=F01145&KIND=A
20260905,F13727,P20MSF8,Morgan Stanley Finance LLC,20200521,20550521,35,USD,30000000,0,3.55,Applicable,7.000 x 5.000,National SecuritiesSinoPac Securitiessell the bond itself,SinoPac Securities,XS1906332843,https://mopsov.twse.com.tw/mops/web/t113sb02?encodeURIComponent=1&firstin=true&id=&colorchg=&TYPEK=all&step=11&co_id=E0111&MONYR_REG=202005&BOND_ID=F13727&KIND=A
20260905,F01137,P20CITI10,Citigroup Inc,20200612,20550612,35,USD,150000000,0,3.65,Applicable,5.000 x 1.000,Fubon SeuritiesNational SecuritiesSinoPac Securities,SinoPac Securities,XS1273440518,https://mopsov.twse.com.tw/mops/web/t113sb02?encodeURIComponent=1&firstin=true&id=&colorchg=&TYPEK=all&step=11&co_id=E0004&MONYR_REG=202006&BOND_ID=F01137&KIND=A
20260905,F04031,P20JPMC7,JPMorgan Chase &amp; Co.,20200612,20550612,35,USD,180000000,0,3.61,Applicable,5.000 x 1.000,E.SUN BankKGI SecuritiesYuanta Securities Co,Yuanta Securities Co,XS1450907339,https://mopsov.twse.com.tw/mops/web/t113sb02?encodeURIComponent=1&firstin=true&id=&colorchg=&TYPEK=all&step=11&co_id=E0027&MONYR_REG=202006&BOND_ID=F04031&KIND=A
20260905,F04040,P21JPMC8,JPMorgan Chase &amp; Co.,20210618,20550618,34,USD,80000000,0,3.56,Applicable,5.000 x 2.000,Cathay United BankE.SUN Bank,Cathay United Bank,XS1450830283,https://mopsov.twse.com.tw/mops/web/t113sb02?encodeURIComponent=1&firstin=true&id=&colorchg=&TYPEK=all&step=11&co_id=E0027&MONYR_REG=202106&BOND_ID=F04040&KIND=A
20260905,F01146,P21CITI7,Citigroup Inc,20210625,20550625,34,USD,275000000,0,3.6,Applicable,5.000 x 1.000,E.SUN BankNational SecuritiesSinoPac SecuritiesYuanta Securities Co,SinoPac Securities,XS1273448172,https://mopsov.twse.com.tw/mops/web/t113sb02?encodeURIComponent=1&firstin=true&id=&colorchg=&TYPEK=all&step=11&co_id=E0004&MONYR_REG=202106&BOND_ID=F01146&KIND=A
20260905,F04041,P21JPMC9,JPMorgan Chase &amp; Co.,20210804,20550804,34,USD,150000000,0,3.3,Applicable,5.000 x 2.000,KGI BankNational SecuritiesSinoPac SecuritiesYuanta Securities Co,SinoPac Securities,XS1450822181,https://mopsov.twse.com.tw/mops/web/t113sb02?encodeURIComponent=1&firstin=true&id=&colorchg=&TYPEK=all&step=11&co_id=E0027&MONYR_REG=202108&BOND_ID=F04041&KIND=A
20260905,F00810,P21DB5,Deutsche Bank Aktiengesellschaft,20210817,20550817,34,USD,200000000,0,3.5,Applicable,5.000 x 1.000,DeutscheBankAGTPEKGI BankSinoPac SecuritiesTaishin Internatonal,DeutscheBankAGTPE,XS2371228870,https://mopsov.twse.com.tw/mops/web/t113sb02?encodeURIComponent=1&firstin=true&id=&colorchg=&TYPEK=all&step=11&co_id=E0001&MONYR_REG=202108&BOND_ID=F00810&KIND=A
20260905,F00812,P21DB7,Deutsche Bank Aktiengesellschaft,20211020,20551020,34,USD,200000000,0,3.5,Applicable,5.000 x 1.000,DeutscheBankAGTPEKGI BankSinoPac SecuritiesTaishin Internatonal,DeutscheBankAGTPE,XS2394051002,https://mopsov.twse.com.tw/mops/web/t113sb02?encodeURIComponent=1&firstin=true&id=&colorchg=&TYPEK=all&step=11&co_id=E0001&MONYR_REG=202110&BOND_ID=F00812&KIND=A
20260905,F01148,P22CITI1,Citigroup Inc,20220121,20560121,34,USD,290000000,0,3.4,Applicable,5.000 x 1.000,E.SUN BankSinoPac SecuritiesTaipei Fubon BankYuanta Securities Co,E.SUN Bank,XS2110103046,https://mopsov.twse.com.tw/mops/web/t113sb02?encodeURIComponent=1&firstin=true&id=&colorchg=&TYPEK=all&step=11&co_id=E0004&MONYR_REG=202201&BOND_ID=F01148&KIND=A
20260905,F00813,P22DB1,Deutsche Bank Aktiengesellschaft,20220124,20560124,34,USD,545000000,0,3.55,Applicable,5.000 x 1.000,DeutscheBankAGTPEKGI BankSinoPac SecuritiesTaipei Fubon BankTaishin InternatonalYuanta Securities Co,SinoPac Securities,XS2430292362,https://mopsov.twse.com.tw/mops/web/t113sb02?encodeURIComponent=1&firstin=true&id=&colorchg=&TYPEK=all&step=11&co_id=E0001&MONYR_REG=202201&BOND_ID=F00813&KIND=A
20260905,F13741,P21MSF8,Morgan Stanley Finance LLC,20210303,20560203,34.92,USD,70000000,0,3.15,Applicable,5.000 x 7.000,National SecuritiesSinoPac SecuritiesYuanta Securities Co,SinoPac Securities,XS2175203475,https://mopsov.twse.com.tw/mops/web/t113sb02?encodeURIComponent=1&firstin=true&id=&colorchg=&TYPEK=all&step=11&co_id=E0111&MONYR_REG=202103&BOND_ID=F13741&KIND=A
20260905,F00815,P22DB3,Deutsche Bank Aktiengesellschaft,20220210,20560210,34,USD,100000000,0,3.4,Applicable,5.000 x 1.000,Cathay United BankDeutscheBankAGTPE,Cathay United Bank,XS2434409392,https://mopsov.twse.com.tw/mops/web/t113sb02?encodeURIComponent=1&firstin=true&id=&colorchg=&TYPEK=all&step=11&co_id=E0001&MONYR_REG=202201&BOND_ID=F00815&KIND=A
20260905,F00816,P22DB4,Deutsche Bank Aktiengesellschaft,20220218,20560218,34,USD,460000000,0,3.82,Applicable,5.000 x 1.000,DeutscheBankAGTPEE.SUN BankKGI BankSinoPac SecuritiesTaipei Fubon BankTaishin Internatonal,Taishin Internatonal,XS2437849214,https://mopsov.twse.com.tw/mops/web/t113sb02?encodeURIComponent=1&firstin=true&id=&colorchg=&TYPEK=all&step=11&co_id=E0001&MONYR_REG=202202&BOND_ID=F00816&KIND=A
20260905,F02932,P22GS2,The Goldman Sachs Group Inc.,20220225,20560225,34,USD,250000000,0,3.9,Applicable,5.000 x 1.000,Cathay United BankMasterLinkSinoPac SecuritiesTaipei Fubon Bank,Cathay United Bank,XS2398663521,https://mopsov.twse.com.tw/mops/web/t113sb02?encodeURIComponent=1&firstin=true&id=&colorchg=&TYPEK=all&step=11&co_id=E0016&MONYR_REG=202202&BOND_ID=F02932&KIND=A
20260905,F04047,P22JPMC4,JPMorgan Chase &amp; Co.,20220318,20560318,34,USD,110000000,0,4.05,Applicable,5.000 x 2.000,E.SUN BankTaipei Fubon Bank,E.SUN Bank,XS1450778185,https://mopsov.twse.com.tw/mops/web/t113sb02?encodeURIComponent=1&firstin=true&id=&colorchg=&TYPEK=all&step=11&co_id=E0027&MONYR_REG=202203&BOND_ID=F04047&KIND=A
20260905,F14238,P21CGMHI15,Citigroup Global Markets Holdings Inc.,20210809,20560809,35,USD,125000000,0,3.3,Applicable,3.000 x 1.000,E.SUN Bank,E.SUN Bank,XS2307417860,https://mopsov.twse.com.tw/mops/web/t113sb02?encodeURIComponent=1&firstin=true&id=&colorchg=&TYPEK=all&step=11&co_id=E0115&MONYR_REG=202108&BOND_ID=F14238&KIND=A
20260905,F16404,P21MGL2,Macquarie Group Limited,20211013,20561013,35,USD,150000000,0,3.2,Applicable,5.000 x 1.000,Cathay United BankSinoPac SecuritiesYuanta Securities Co,Yuanta Securities Co,XS2390147804,https://mopsov.twse.com.tw/mops/web/t113sb02?encodeURIComponent=1&firstin=true&id=&colorchg=&TYPEK=all&step=11&co_id=E0134&MONYR_REG=202110&BOND_ID=F16404&KIND=A
20260905,F01147,P21CITI8,Citigroup Inc,20211015,20561015,35,USD,100000000,0,3.22,Applicable,5.000 x 1.000,E.SUN BankTaipei Fubon Bank,E.SUN Bank,XS2110088577,https://mopsov.twse.com.tw/mops/web/t113sb02?encodeURIComponent=1&firstin=true&id=&colorchg=&TYPEK=all&step=11&co_id=E0004&MONYR_REG=202110&BOND_ID=F01147&KIND=A
20260905,F09303,P16EDF1B,Electricite de France,20161021,20561021,40,USD,2164000000,4.990,0,Not Applicable,Not Applicable,BANK SINOPACHSBC Bank(Taiwan)LtdKGI SecuritiesStandard Chartered,Standard Chartered,FR0013210986,https://mopsov.twse.com.tw/mops/web/t113sb02?encodeURIComponent=1&firstin=true&id=&colorchg=&TYPEK=all&step=11&co_id=E0070&MONYR_REG=201610&BOND_ID=F09303&KIND=A
20260905,F07105,P22SCB2,Standard Chartered Bank,20220119,20570119,35,USD,200000000,0,3.26,Applicable,5.000 x 1.000,Standard CharteredYuanta Securities Co,Yuanta Securities Co,XS2431322150,https://mopsov.twse.com.tw/mops/web/t113sb02?encodeURIComponent=1&firstin=true&id=&colorchg=&TYPEK=all&step=11&co_id=E0051&MONYR_REG=202201&BOND_ID=F07105&KIND=A
20260905,F14240,P22CGMHI1,Citigroup Global Markets Holdings Inc.,20220121,20570121,35,USD,125000000,0,3.31,Applicable,3.000 x 1.000,E.SUN Bank,E.SUN Bank,XS2410486679,https://mopsov.twse.com.tw/mops/web/t113sb02?encodeURIComponent=1&firstin=true&id=&colorchg=&TYPEK=all&step=11&co_id=E0115&MONYR_REG=202201&BOND_ID=F14240&KIND=A
20260905,F03918,P22DBS1,DBS Bank Ltd.,20220127,20570127,35,USD,115000000,0,3.1,Applicable,5.000 x 1.000,E.SUN BankNational SecuritiesSinoPac Securities,SinoPac Securities,XS2309278807,https://mopsov.twse.com.tw/mops/web/t113sb02?encodeURIComponent=1&firstin=true&id=&colorchg=&TYPEK=all&step=11&co_id=E0026&MONYR_REG=202101&BOND_ID=F03918&KIND=A
20260905,F04044,P22JPMC1,JPMorgan Chase &amp; Co.,20220214,20570214,35,USD,285000000,0,3.52,Applicable,5.000 x 2.000,E.SUN BankNational SecuritiesSinoPac SecuritiesYuanta Securities Co,SinoPac Securities,XS1450779233,https://mopsov.twse.com.tw/mops/web/t113sb02?encodeURIComponent=1&firstin=true&id=&colorchg=&TYPEK=all&step=11&co_id=E0027&MONYR_REG=202202&BOND_ID=F04044&KIND=A
20260905,F02931,P22GS1,The Goldman Sachs Group Inc.,20220215,20570215,35,USD,566000000,0,3.75,Applicable,5.000 x 1.000,Capital SecuritiesCathay United BankChinatrust BankE.SUN BankKGI BankKGI SecuritiesTaipei Fubon BankTaishin InternatonalYuanta Securities Co,KGI Securities,XS1970494487,https://mopsov.twse.com.tw/mops/web/t113sb02?encodeURIComponent=1&firstin=true&id=&colorchg=&TYPEK=all&step=11&co_id=E0016&MONYR_REG=202202&BOND_ID=F02931&KIND=A
20260905,F13738,P21MSF5,Morgan Stanley Finance LLC,20210127,20580127,37,USD,40000000,0,3,Applicable,5.000 x 5.000,Cathay United BankYuanta Securities Co,Yuanta Securities Co,XS2175203632,https://mopsov.twse.com.tw/mops/web/t113sb02?encodeURIComponent=1&firstin=true&id=&colorchg=&TYPEK=all&step=11&co_id=E0111&MONYR_REG=202101&BOND_ID=F13738&KIND=A
20260905,F13739,P21MSF6,Morgan Stanley Finance LLC,20210204,20580204,37,USD,150000000,0,3,Applicable,5.000 x 6.000,CATHAY SECURITIES COMorgan StanleyYuanta Securities Co,Yuanta Securities Co,XS2175205926,https://mopsov.twse.com.tw/mops/web/t113sb02?encodeURIComponent=1&firstin=true&id=&colorchg=&TYPEK=all&step=11&co_id=E0111&MONYR_REG=202102&BOND_ID=F13739&KIND=A
20260905,F05811,P18RBCLB2,Royal Bank of Canada London Branch,20180207,20580207,40,USD,180000000,0,4.2,Applicable,5.000 x 5.000,Fubon SeuritiesKGI SecuritiesYuanta Securities Co,KGI Securities,XS1753759965,https://mopsov.twse.com.tw/mops/web/t113sb02?encodeURIComponent=1&firstin=true&id=&colorchg=&TYPEK=all&step=11&co_id=E0040&MONYR_REG=201802&BOND_ID=F05811&KIND=A
20260905,F13761,P22MSF6,Morgan Stanley Finance LLC,20220302,20580602,36.25,USD,102000000,0,4,Applicable,5.000 x 1.000,Cathay United BankMasterLinkMorgan Stanley,Taishin Securities,XS2175208193,https://mopsov.twse.com.tw/mops/web/t113sb02?encodeURIComponent=1&firstin=true&id=&colorchg=&TYPEK=all&step=11&co_id=E0111&MONYR_REG=202203&BOND_ID=F13761&KIND=A
20260905,F13729,P20MSF10,Morgan Stanley Finance LLC,20200730,20580730,38,USD,165000000,0,3,Applicable,8.000 x 6.000,Cathay United BankE.SUN BankFubon SeuritiesMorgan StanleyYuanta Securities Co,Yuanta Securities Co,XS1906331878,https://mopsov.twse.com.tw/mops/web/t113sb02?encodeURIComponent=1&firstin=true&id=&colorchg=&TYPEK=all&step=11&co_id=E0111&MONYR_REG=202007&BOND_ID=F13729&KIND=A
20260905,F13733,P20MSF14,Morgan Stanley Finance LLC,20201104,20581104,38,USD,125000000,0,3,Applicable,7.000 x 5.000,Capital SecuritiesMorgan StanleyYuanta Securities Co,Yuanta Securities Co,XS2175210256,https://mopsov.twse.com.tw/mops/web/t113sb02?encodeURIComponent=1&firstin=true&id=&colorchg=&TYPEK=all&step=11&co_id=E0111&MONYR_REG=202011&BOND_ID=F13733&KIND=A
20260905,F13723,P20MSF4,Morgan Stanley Finance LLC,20200324,20590324,39,USD,90000000,0,3.3,Applicable,5.000 x 7.000,Cathay United BankMasterLink,Taishin Securities,XS1906334203,https://mopsov.twse.com.tw/mops/web/t113sb02?encodeURIComponent=1&firstin=true&id=&colorchg=&TYPEK=all&step=11&co_id=E0111&MONYR_REG=202003&BOND_ID=F13723&KIND=A
20260905,F04021,P19JPMC1,JPMorgan Chase &amp; Co.,20190624,20590624,40,USD,150000000,0,4.6,Applicable,6.000 x 2.000,CATHAY SECURITIES COE.SUN Bank,E.SUN Bank,XS1451033473,https://mopsov.twse.com.tw/mops/web/t113sb02?encodeURIComponent=1&firstin=true&id=&colorchg=&TYPEK=all&step=11&co_id=E0027&MONYR_REG=201906&BOND_ID=F04021&KIND=A
20260905,F04022,P19JPMC2,JPMorgan Chase &amp; Co.,20190814,20590814,40,USD,90000000,0,4.3,Applicable,6.000 x 5.000,CATHAY SECURITIES COE.SUN Bank,E.SUN Bank,XS1451014416,https://mopsov.twse.com.tw/mops/web/t113sb02?encodeURIComponent=1&firstin=true&id=&colorchg=&TYPEK=all&step=11&co_id=E0027&MONYR_REG=201908&BOND_ID=F04022&KIND=A
20260905,F08011,P19BAC2,Bank of America Corporation,20190923,20590923,40,USD,170000000,0,3.96,Applicable,5.000 x 1.000,HSBC Bank(Taiwan)LtdKGI Securities,KGI Securities,XS2052193237,https://mopsov.twse.com.tw/mops/web/t113sb02?encodeURIComponent=1&firstin=true&id=&colorchg=&TYPEK=all&step=11&co_id=E0057&MONYR_REG=201909&BOND_ID=F08011&KIND=A
20260905,F11004,P19SANTA2,Santander International Products PLC,20191008,20591008,40,USD,60000000,0,4.2,Applicable,5.000 x 1.000,Yuanta Securities Co,Yuanta Securities Co,XS2053858945,https://mopsov.twse.com.tw/mops/web/t113sb02?encodeURIComponent=1&firstin=true&id=&colorchg=&TYPEK=all&step=11&co_id=E0087&MONYR_REG=201910&BOND_ID=F11004&KIND=A
20260905,F11609,P19ADCB4,ADCB Finance (Cayman) Limited,20191108,20591108,40,USD,145000000,0,4.47,Applicable,5.000 x 10.000,ANZ Banking Group TPSinoPac SecuritiesYuanta Securities Co,Yuanta Securities Co,XS2073871779,https://mopsov.twse.com.tw/mops/web/t113sb02?encodeURIComponent=1&firstin=true&id=&colorchg=&TYPEK=all&step=11&co_id=E0093&MONYR_REG=201911&BOND_ID=F11609&KIND=A
20260905,F11610,P19ADCB5,ADCB Finance (Cayman) Limited,20191122,20591122,40,USD,140000000,0,4.4,Applicable,5.000 x 10.000,Morgan StanleySinoPac Securities,SinoPac Securities,XS2080360253,https://mopsov.twse.com.tw/mops/web/t113sb02?encodeURIComponent=1&firstin=true&id=&colorchg=&TYPEK=all&step=11&co_id=E0093&MONYR_REG=201911&BOND_ID=F11610&KIND=A
20260905,F04024,P19JPMC4,JPMorgan Chase &amp; Co.,20191127,20591127,40,USD,80000000,0,4.04,Applicable,6.000 x 2.000,E.SUN BankKGI Securities,E.SUN Bank,XS1450978355,https://mopsov.twse.com.tw/mops/web/t113sb02?encodeURIComponent=1&firstin=true&id=&colorchg=&TYPEK=all&step=11&co_id=E0027&MONYR_REG=201911&BOND_ID=F04024&KIND=A
20260905,F10707,P19BMO2,Bank of Montreal,20191127,20591127,40,USD,260000000,0,4.02,Applicable,5.000 x 1.000,Yuanta Securities Co,Yuanta Securities Co,XS2081060233,https://mopsov.twse.com.tw/mops/web/t113sb02?encodeURIComponent=1&firstin=true&id=&colorchg=&TYPEK=all&step=11&co_id=E0084&MONYR_REG=201911&BOND_ID=F10707&KIND=A
20260905,F09912,P19BNS2,The Bank Of Nova Scotia,20191129,20591129,40,USD,80000000,0,4.01,Applicable,5.000 x 1.000,KGI Securities,KGI Securities,XS2080335222,https://mopsov.twse.com.tw/mops/web/t113sb02?encodeURIComponent=1&firstin=true&id=&colorchg=&TYPEK=all&step=11&co_id=E0075&MONYR_REG=201911&BOND_ID=F09912&KIND=A
20260905,F11005,P20SANTA1,Santander International Products PLC,20200117,20600117,40,USD,185000000,0,4.02,Applicable,5.000 x 1.000,Yuanta Securities Co,Yuanta Securities Co,XS2099836301,https://mopsov.twse.com.tw/mops/web/t113sb02?encodeURIComponent=1&firstin=true&id=&colorchg=&TYPEK=all&step=11&co_id=E0087&MONYR_REG=202001&BOND_ID=F11005&KIND=A
20260905,F13720,P20MSF1,Morgan Stanley Finance LLC,20200121,20600121,40,USD,95000000,0,3.75,Applicable,5.000 x 5.000,Capital Securitiessell the bond itself,Capital Securities,XS1906335515,https://mopsov.twse.com.tw/mops/web/t113sb02?encodeURIComponent=1&firstin=true&id=&colorchg=&TYPEK=all&step=11&co_id=E0111&MONYR_REG=202001&BOND_ID=F13720&KIND=A
20260905,F08411,P20NBC1,National Bank of Canada,20200121,20600121,40,USD,50000000,0,3.8,Applicable,5.000 x 1.000,Standard Chartered,Standard Chartered,XS2103225665,https://mopsov.twse.com.tw/mops/web/t113sb02?encodeURIComponent=1&firstin=true&id=&colorchg=&TYPEK=all&step=11&co_id=E0061&MONYR_REG=202001&BOND_ID=F08411&KIND=A
20260905,F11611,P20ADCB1,ADCB Finance (Cayman) Limited,20200121,20600121,40,USD,320000000,0,4.2,Applicable,5.000 x 10.000,Capital SecuritiesE.SUN Bank,E.SUN Bank,XS2100680318,https://mopsov.twse.com.tw/mops/web/t113sb02?encodeURIComponent=1&firstin=true&id=&colorchg=&TYPEK=all&step=11&co_id=E0093&MONYR_REG=202001&BOND_ID=F11611&KIND=A
20260905,F01128,P20CITI1,Citigroup Inc,20200121,20600121,40,USD,109000000,0,3.81,Applicable,5.000 x 1.000,E.SUN BankYuanta Securities Co,E.SUN Bank,XS1273452109,https://mopsov.twse.com.tw/mops/web/t113sb02?encodeURIComponent=1&firstin=true&id=&colorchg=&TYPEK=all&step=11&co_id=E0004&MONYR_REG=202001&BOND_ID=F01128&KIND=A
20260905,F13735,P21MSF2,Morgan Stanley Finance LLC,20210122,20600122,39,USD,90000000,0,2.95,Applicable,6.000 x 5.000,Cathay United BankTaipei Fubon Bank,Taipei Fubon Bank,XS2175210173,https://mopsov.twse.com.tw/mops/web/t113sb02?encodeURIComponent=1&firstin=true&id=&colorchg=&TYPEK=all&step=11&co_id=E0111&MONYR_REG=202101&BOND_ID=F13735&KIND=A
20260905,F13609,P20UBSGP4,UBS Group AG,20200131,20600131,40,USD,280000000,0,3.85,Applicable,5.000 x 1.000,Cathay United BankE.SUN BankTaishin Internatonal,E.SUN Bank,CH0511762046,https://mopsov.twse.com.tw/mops/web/t113sb02?encodeURIComponent=1&firstin=true&id=&colorchg=&TYPEK=all&step=11&co_id=E0130&MONYR_REG=202001&BOND_ID=F13609&KIND=A
20260905,F05814,P20RBCLB1,Royal Bank of Canada London Branch,20200205,20600205,40,USD,120000000,0,3.7,Applicable,5.000 x 1.000,Fubon SeuritiesYuanta Securities Co,Yuanta Securities Co,XS1991332419,https://mopsov.twse.com.tw/mops/web/t113sb02?encodeURIComponent=1&firstin=true&id=&colorchg=&TYPEK=all&step=11&co_id=E0040&MONYR_REG=202002&BOND_ID=F05814&KIND=A
20260905,F09913,P20BNS1,The Bank Of Nova Scotia,20200205,20600205,40,USD,420000000,0,3.8,Applicable,5.000 x 1.000,Cathay United BankKGI Securities,KGI Securities,XS2101306327,https://mopsov.twse.com.tw/mops/web/t113sb02?encodeURIComponent=1&firstin=true&id=&colorchg=&TYPEK=all&step=11&co_id=E0075&MONYR_REG=202002&BOND_ID=F09913&KIND=A
20260905,F02630,P20CACIB3,CREDIT AGRICOLE CORPORATE AND INVESTMENT BANK,20200207,20600207,40,USD,300000000,0,3.7,Applicable,5.000 x 1.000,Chinatrust BankE.SUN BankMasterLink,Taishin Securities,XS1996631609,https://mopsov.twse.com.tw/mops/web/t113sb02?encodeURIComponent=1&firstin=true&id=&colorchg=&TYPEK=all&step=11&co_id=E0014&MONYR_REG=202002&BOND_ID=F02630&KIND=A
20260905,F10311,P20QNBF2,QNB Finance Ltd,20200207,20600207,40,USD,600000000,0,3.9,Applicable,5.000 x 5.000,Capital SecuritiesMasterLinkSinoPac Securities,Taishin Securities,XS2106579324,https://mopsov.twse.com.tw/mops/web/t113sb02?encodeURIComponent=1&firstin=true&id=&colorchg=&TYPEK=all&step=11&co_id=E0080&MONYR_REG=202002&BOND_ID=F10311&KIND=A
20260905,F05212,P20MBB1,Malayan Banking Berhad,20200207,20600207,40,USD,420000000,0,3.9,Applicable,5.000 x 5.000,Cathay United BankKGI Securities,KGI Securities,XS2104429522,https://mopsov.twse.com.tw/mops/web/t113sb02?encodeURIComponent=1&firstin=true&id=&colorchg=&TYPEK=all&step=11&co_id=E0034&MONYR_REG=202002&BOND_ID=F05212&KIND=A
20260905,F08012,P20BAC1,Bank of America Corporation,20200211,20600211,40,USD,495000000,0,3.8,Applicable,5.000 x 1.000,HSBC Bank(Taiwan)LtdKGI Securities,KGI Securities,XS2108437950,https://mopsov.twse.com.tw/mops/web/t113sb02?encodeURIComponent=1&firstin=true&id=&colorchg=&TYPEK=all&step=11&co_id=E0057&MONYR_REG=202002&BOND_ID=F08012&KIND=A
20260905,F09914,P20BNS2,The Bank Of Nova Scotia,20200211,20600211,40,USD,150000000,0,3.801,Applicable,5.000 x 1.000,Cathay United BankKGI Securities,KGI Securities,XS2106056901,https://mopsov.twse.com.tw/mops/web/t113sb02?encodeURIComponent=1&firstin=true&id=&colorchg=&TYPEK=all&step=11&co_id=E0075&MONYR_REG=202002&BOND_ID=F09914&KIND=A
20260905,F04025,P20JPMC1,JPMorgan Chase &amp; Co.,20200212,20600212,40,USD,410000000,0,3.75,Applicable,6.000 x 1.000,E.SUN BankKGI SecuritiesSinoPac SecuritiesTaipei Fubon BankTaishin Internatonal,E.SUN Bank,XS1450952715,https://mopsov.twse.com.tw/mops/web/t113sb02?encodeURIComponent=1&firstin=true&id=&colorchg=&TYPEK=all&step=11&co_id=E0027&MONYR_REG=202002&BOND_ID=F04025&KIND=A
20260905,F01129,P20CITI2,Citigroup Inc,20200214,20600214,40,USD,340000000,0,3.8,Applicable,6.000 x 1.000,Cathay United BankChinatrust BankE.SUN BankMasterLinkTaipei Fubon Bank,E.SUN Bank,XS1273438454,https://mopsov.twse.com.tw/mops/web/t113sb02?encodeURIComponent=1&firstin=true&id=&colorchg=&TYPEK=all&step=11&co_id=E0004&MONYR_REG=202002&BOND_ID=F01129&KIND=A
20260905,F03607,P20VZ1,Verizon Communications Inc.,20200224,20600224,40,USD,2385000000,3.600,0,Applicable,5.000 x 1.000,BNP PARIBAS TAIWANDeutscheBankAGTPEMorgan Stanley,DeutscheBankAGTPE,XS2116430997,https://mopsov.twse.com.tw/mops/web/t113sb02?encodeURIComponent=1&firstin=true&id=&colorchg=&TYPEK=all&step=11&co_id=E0023&MONYR_REG=202002&BOND_ID=F03607&KIND=A
20260905,F11006,P20SANTA2,Santander International Products PLC,20200226,20600226,40,USD,80000000,0,3.775,Applicable,5.000 x 1.000,Yuanta Securities Co,Yuanta Securities Co,XS2117757349,https://mopsov.twse.com.tw/mops/web/t113sb02?encodeURIComponent=1&firstin=true&id=&colorchg=&TYPEK=all&step=11&co_id=E0087&MONYR_REG=202002&BOND_ID=F11006&KIND=A
20260905,F01130,P20CITI3,Citigroup Inc,20200226,20600226,40,USD,375000000,0,3.65,Applicable,5.000 x 1.000,E.SUN BankYuanta Securities Co,E.SUN Bank,XS1273446804,https://mopsov.twse.com.tw/mops/web/t113sb02?encodeURIComponent=1&firstin=true&id=&colorchg=&TYPEK=all&step=11&co_id=E0004&MONYR_REG=202002&BOND_ID=F01130&KIND=A
20260905,F04026,P20JPMC2,JPMorgan Chase &amp; Co.,20200227,20600227,40,USD,225000000,0,3.68,Applicable,6.000 x 1.000,E.SUN BankTaishin InternatonalYuanta Securities Co,E.SUN Bank,XS1450940629,https://mopsov.twse.com.tw/mops/web/t113sb02?encodeURIComponent=1&firstin=true&id=&colorchg=&TYPEK=all&step=11&co_id=E0027&MONYR_REG=202002&BOND_ID=F04026&KIND=A
20260905,F09915,P20BNS3,The Bank Of Nova Scotia,20200303,20600303,40,USD,100000000,0,3.65,Applicable,5.000 x 1.000,Cathay United BankKGI Securities,KGI Securities,XS2121404490,https://mopsov.twse.com.tw/mops/web/t113sb02?encodeURIComponent=1&firstin=true&id=&colorchg=&TYPEK=all&step=11&co_id=E0075&MONYR_REG=202003&BOND_ID=F09915&KIND=A
20260905,F04027,P20JPMC3,JPMorgan Chase &amp; Co.,20200313,20600313,40,USD,300000000,0,3.5,Applicable,6.000 x 1.000,Cathay United BankE.SUN Bank,Cathay United Bank,XS1450934143,https://mopsov.twse.com.tw/mops/web/t113sb02?encodeURIComponent=1&firstin=true&id=&colorchg=&TYPEK=all&step=11&co_id=E0027&MONYR_REG=202003&BOND_ID=F04027&KIND=A
20260905,F11007,P20SANTA3,Santander International Products PLC,20200317,20600317,40,USD,175000000,0,3.62,Applicable,5.000 x 1.000,Cathay United BankYuanta Securities Co,Yuanta Securities Co,XS2125158761,https://mopsov.twse.com.tw/mops/web/t113sb02?encodeURIComponent=1&firstin=true&id=&colorchg=&TYPEK=all&step=11&co_id=E0087&MONYR_REG=202003&BOND_ID=F11007&KIND=A
20260905,F01131,P20CITI4,Citigroup Inc,20200318,20600318,40,USD,120000000,0,3.5,Applicable,6.000 x 1.000,E.SUN BankMasterLinkTaishin Internatonal,E.SUN Bank,XS1273448339,https://mopsov.twse.com.tw/mops/web/t113sb02?encodeURIComponent=1&firstin=true&id=&colorchg=&TYPEK=all&step=11&co_id=E0004&MONYR_REG=202003&BOND_ID=F01131&KIND=A
20260905,F09916,P20BNS4,The Bank Of Nova Scotia,20200318,20600318,40,USD,610000000,0,3.5,Applicable,5.000 x 1.000,KGI Securities,KGI Securities,XS2129418245,https://mopsov.twse.com.tw/mops/web/t113sb02?encodeURIComponent=1&firstin=true&id=&colorchg=&TYPEK=all&step=11&co_id=E0075&MONYR_REG=202003&BOND_ID=F09916&KIND=A
20260905,F09917,P20BNS5,The Bank Of Nova Scotia,20200326,20600326,40,USD,190000000,0,3.4,Applicable,5.000 x 1.000,Cathay United BankKGI Securities,KGI Securities,XS2134019632,https://mopsov.twse.com.tw/mops/web/t113sb02?encodeURIComponent=1&firstin=true&id=&colorchg=&TYPEK=all&step=11&co_id=E0075&MONYR_REG=202003&BOND_ID=F09917&KIND=A
20260905,F01132,P20CITI5,Citigroup Inc,20200327,20600327,40,USD,130000000,0,3.42,Applicable,5.000 x 1.000,KGI SecuritiesNational SecuritiesSinoPac Securities,SinoPac Securities,XS1273446127,https://mopsov.twse.com.tw/mops/web/t113sb02?encodeURIComponent=1&firstin=true&id=&colorchg=&TYPEK=all&step=11&co_id=E0004&MONYR_REG=202003&BOND_ID=F01132&KIND=A
20260905,F01133,P20CITI6,Citigroup Inc,20200330,20600330,40,USD,80000000,0,3.42,Applicable,6.000 x 1.000,Cathay United BankMasterLink,Cathay United Bank,XS1273447950,https://mopsov.twse.com.tw/mops/web/t113sb02?encodeURIComponent=1&firstin=true&id=&colorchg=&TYPEK=all&step=11&co_id=E0004&MONYR_REG=202003&BOND_ID=F01133&KIND=A
20260905,F08013,P20BAC2,Bank of America Corporation,20200331,20600331,40,USD,724000000,0,4.15,Applicable,5.000 x 1.000,Cathay United BankKGI Securities,KGI Securities,XS2141717244,https://mopsov.twse.com.tw/mops/web/t113sb02?encodeURIComponent=1&firstin=true&id=&colorchg=&TYPEK=all&step=11&co_id=E0057&MONYR_REG=202003&BOND_ID=F08013&KIND=A
20260905,F13724,P20MSF5,Morgan Stanley Finance LLC,20200401,20600401,40,USD,80000000,0,3.5,Applicable,5.000 x 5.000,MasterLinkYuanta Securities Co,Yuanta Securities Co,XS1906334039,https://mopsov.twse.com.tw/mops/web/t113sb02?encodeURIComponent=1&firstin=true&id=&colorchg=&TYPEK=all&step=11&co_id=E0111&MONYR_REG=202004&BOND_ID=F13724&KIND=A
20260905,F09918,P20BNS6,The Bank Of Nova Scotia,20200401,20600401,40,USD,155000000,0,3.4,Applicable,5.000 x 1.000,KGI Securities,KGI Securities,XS2138603563,https://mopsov.twse.com.tw/mops/web/t113sb02?encodeURIComponent=1&firstin=true&id=&colorchg=&TYPEK=all&step=11&co_id=E0075&MONYR_REG=202004&BOND_ID=F09918&KIND=A
20260905,F05815,P20RBCLB2,Royal Bank of Canada London Branch,20200407,20600407,40,USD,190000000,0,3.3,Applicable,5.000 x 1.000,Fubon SeuritiesYuanta Securities Co,Yuanta Securities Co,XS1991332336,https://mopsov.twse.com.tw/mops/web/t113sb02?encodeURIComponent=1&firstin=true&id=&colorchg=&TYPEK=all&step=11&co_id=E0040&MONYR_REG=202004&BOND_ID=F05815&KIND=A
20260905,F01134,P20CITI7,Citigroup Inc,20200408,20600408,40,USD,120000000,0,4.3,Applicable,5.000 x 1.000,Taishin InternatonalYuanta Securities Co,Yuanta Securities Co,XS1273452448,https://mopsov.twse.com.tw/mops/web/t113sb02?encodeURIComponent=1&firstin=true&id=&colorchg=&TYPEK=all&step=11&co_id=E0004&MONYR_REG=202004&BOND_ID=F01134&KIND=A
20260905,F09919,P20BNS7,The Bank Of Nova Scotia,20200414,20600414,40,USD,100000000,0,4.3,Applicable,5.000 x 1.000,KGI Securities,KGI Securities,XS2145070483,https://mopsov.twse.com.tw/mops/web/t113sb02?encodeURIComponent=1&firstin=true&id=&colorchg=&TYPEK=all&step=11&co_id=E0075&MONYR_REG=202004&BOND_ID=F09919&KIND=A
20260905,F10708,P20BMO1,Bank of Montreal,20200428,20600428,40,USD,120000000,0,4,Applicable,5.000 x 1.000,KGI SecuritiesYuanta Securities Co,KGI Securities,XS2156507407,https://mopsov.twse.com.tw/mops/web/t113sb02?encodeURIComponent=1&firstin=true&id=&colorchg=&TYPEK=all&step=11&co_id=E0084&MONYR_REG=202004&BOND_ID=F10708&KIND=A
20260905,F01135,P20CITI8,Citigroup Inc,20200513,20600513,40,USD,85000000,0,3.75,Applicable,5.000 x 1.000,E.SUN Bank,E.SUN Bank,XS1273454907,https://mopsov.twse.com.tw/mops/web/t113sb02?encodeURIComponent=1&firstin=true&id=&colorchg=&TYPEK=all&step=11&co_id=E0004&MONYR_REG=202005&BOND_ID=F01135&KIND=A
20260905,F16301,P20ISR1,State of Israel,20200513,20600513,40,USD,5000000000,3.800,0,Not Applicable,Not Applicable,DeutscheBankAGTPEGoldman Sachs Taipei,DeutscheBankAGTPE,XS2167193015,https://mopsov.twse.com.tw/mops/web/t113sb02?encodeURIComponent=1&firstin=true&id=&colorchg=&TYPEK=all&step=11&co_id=E0133&MONYR_REG=202005&BOND_ID=F16301&KIND=A
20260905,F04028,P20JPMC4,JPMorgan Chase &amp; Co.,20200513,20600513,40,USD,90000000,0,3.45,Applicable,5.000 x 1.000,E.SUN BankSinoPac Securities,E.SUN Bank,XS1450917304,https://mopsov.twse.com.tw/mops/web/t113sb02?encodeURIComponent=1&firstin=true&id=&colorchg=&TYPEK=all&step=11&co_id=E0027&MONYR_REG=202005&BOND_ID=F04028&KIND=A
20260905,F13746,P21MSF13,Morgan Stanley Finance LLC,20210524,20600524,39,USD,105000000,0,3.5,Applicable,6.000 x 5.000,MasterLinkMorgan StanleyYuanta Securities Co,Taishin Securities,XS2175205173,https://mopsov.twse.com.tw/mops/web/t113sb02?encodeURIComponent=1&firstin=true&id=&colorchg=&TYPEK=all&step=11&co_id=E0111&MONYR_REG=202105&BOND_ID=F13746&KIND=A
20260905,F10709,P20BMO2,Bank of Montreal,20200603,20600603,40,USD,65000000,0,3.57,Applicable,5.000 x 1.000,KGI SecuritiesYuanta Securities Co,Yuanta Securities Co,XS2174479761,https://mopsov.twse.com.tw/mops/web/t113sb02?encodeURIComponent=1&firstin=true&id=&colorchg=&TYPEK=all&step=11&co_id=E0084&MONYR_REG=202006&BOND_ID=F10709&KIND=A
20260905,F04030,P20JPMC6,JPMorgan Chase &amp; Co.,20200603,20600603,40,USD,185000000,0,3.57,Applicable,5.000 x 1.000,Cathay United BankE.SUN BankKGI SecuritiesYuanta Securities Co,Yuanta Securities Co,XS1450921165,https://mopsov.twse.com.tw/mops/web/t113sb02?encodeURIComponent=1&firstin=true&id=&colorchg=&TYPEK=all&step=11&co_id=E0027&MONYR_REG=202006&BOND_ID=F04030&KIND=A
20260905,F11008,P20SANTA4,Santander International Products PLC,20200623,20600623,40,USD,180000000,0,3.9,Applicable,5.000 x 1.000,KGI SecuritiesYuanta Securities Co,Yuanta Securities Co,XS2179939629,https://mopsov.twse.com.tw/mops/web/t113sb02?encodeURIComponent=1&firstin=true&id=&colorchg=&TYPEK=all&step=11&co_id=E0087&MONYR_REG=202006&BOND_ID=F11008&KIND=A
20260905,F05213,P20MBB2,Malayan Banking Berhad,20200630,20600630,40,USD,200000000,0,3.65,Applicable,5.000 x 5.000,SG Securities TaipeiSinoPac SecuritiesYuanta Securities Co,Yuanta Securities Co,XS2189569390,https://mopsov.twse.com.tw/mops/web/t113sb02?encodeURIComponent=1&firstin=true&id=&colorchg=&TYPEK=all&step=11&co_id=E0034&MONYR_REG=202006&BOND_ID=F05213&KIND=A
20260905,F13728,P20MSF9,Morgan Stanley Finance LLC,20200730,20600730,40,USD,165000000,0,3,Applicable,7.000 x 6.000,Cathay United BankE.SUN BankFubon SeuritiesMorgan StanleyYuanta Securities Co,Yuanta Securities Co,XS1906331951,https://mopsov.twse.com.tw/mops/web/t113sb02?encodeURIComponent=1&firstin=true&id=&colorchg=&TYPEK=all&step=11&co_id=E0111&MONYR_REG=202007&BOND_ID=F13728&KIND=A
20260905,F05214,P20MBB3,Malayan Banking Berhad,20200811,20600811,40,USD,300000000,0,3.07,Applicable,5.000 x 5.000,BNP PARIBAS TAIWANKGI Securities,BNP PARIBAS TAIWAN,XS2210177221,https://mopsov.twse.com.tw/mops/web/t113sb02?encodeURIComponent=1&firstin=true&id=&colorchg=&TYPEK=all&step=11&co_id=E0034&MONYR_REG=202008&BOND_ID=F05214&KIND=A
20260905,F09920,P20BNS8,The Bank Of Nova Scotia,20200812,20600812,40,USD,400000000,0,3,Applicable,5.000 x 1.000,Cathay United BankKGI Securities,KGI Securities,XS2208086707,https://mopsov.twse.com.tw/mops/web/t113sb02?encodeURIComponent=1&firstin=true&id=&colorchg=&TYPEK=all&step=11&co_id=E0075&MONYR_REG=202008&BOND_ID=F09920&KIND=A
20260905,F04032,P20JPMC8,JPMorgan Chase &amp; Co.,20200812,20600812,40,USD,610000000,0,3.1,Applicable,5.000 x 2.000,E.SUN BankKGI SecuritiesSinoPac SecuritiesTaipei Fubon BankYuanta Securities Co,E.SUN Bank,XS1450901050,https://mopsov.twse.com.tw/mops/web/t113sb02?encodeURIComponent=1&firstin=true&id=&colorchg=&TYPEK=all&step=11&co_id=E0027&MONYR_REG=202008&BOND_ID=F04032&KIND=A
20260905,F01138,P20CITI11,Citigroup Inc,20200825,20600825,40,USD,260000000,0,3.02,Applicable,5.000 x 1.000,E.SUN BankNational SecuritiesSinoPac SecuritiesTaipei Fubon BankTaishin Internatonal,SinoPac Securities,XS1273451044,https://mopsov.twse.com.tw/mops/web/t113sb02?encodeURIComponent=1&firstin=true&id=&colorchg=&TYPEK=all&step=11&co_id=E0004&MONYR_REG=202008&BOND_ID=F01138&KIND=A
20260905,F10710,P20BMO3,Bank of Montreal,20200827,20600827,40,USD,330000000,0,2.74,Applicable,5.000 x 1.000,Yuanta Securities Co,Yuanta Securities Co,XS2215046827,https://mopsov.twse.com.tw/mops/web/t113sb02?encodeURIComponent=1&firstin=true&id=&colorchg=&TYPEK=all&step=11&co_id=E0084&MONYR_REG=202008&BOND_ID=F10710&KIND=A
20260905,F10402,P20MFC1,Manulife Financial Corporation,20200827,20600827,40,USD,1155000000,3.050,0,Applicable,5.000 x 1.000,ANZ Banking Group TPBNP PARIBAS TAIWANDBS BANK(Taiwan)LtdHSBC Bank(Taiwan)LtdStandard Chartered,Standard Chartered,XS2219004137,https://mopsov.twse.com.tw/mops/web/t113sb02?encodeURIComponent=1&firstin=true&id=&colorchg=&TYPEK=all&step=11&co_id=E0081&MONYR_REG=202008&BOND_ID=F10402&KIND=A
20260905,F02633,P20CACIB6,CREDIT AGRICOLE CORPORATE AND INVESTMENT BANK,20200828,20600828,40,USD,100000000,0,2.74,Applicable,5.000 x 1.000,CACIB TaipeiE.SUN Bank,E.SUN Bank,XS1996643950,https://mopsov.twse.com.tw/mops/web/t113sb02?encodeURIComponent=1&firstin=true&id=&colorchg=&TYPEK=all&step=11&co_id=E0014&MONYR_REG=202008&BOND_ID=F02633&KIND=A
20260905,F11009,P20SANTA5,Santander International Products PLC,20200828,20600828,40,USD,80000000,0,3.03,Applicable,5.000 x 1.000,Yuanta Securities Co,Yuanta Securities Co,XS2214624673,https://mopsov.twse.com.tw/mops/web/t113sb02?encodeURIComponent=1&firstin=true&id=&colorchg=&TYPEK=all&step=11&co_id=E0087&MONYR_REG=202008&BOND_ID=F11009&KIND=A
20260905,F16601,P20ADCBU1,Abu Dhabi Commercial Bank PJSC,20200903,20600903,40,USD,270000000,0,3.3,Applicable,5.000 x 5.000,E.SUN BankMorgan Stanley,E.SUN Bank,XS2219378721,https://mopsov.twse.com.tw/mops/web/t113sb02?encodeURIComponent=1&firstin=true&id=&colorchg=&TYPEK=all&step=11&co_id=E0136&MONYR_REG=202009&BOND_ID=F16601&KIND=A
20260905,F10315,P20QNBF6,QNB Finance Ltd,20200908,20600908,40,USD,740000000,0,3.05,Applicable,6.000 x 5.000,ANZ Banking Group TPMorgan Stanley,Taishin Securities,XS2225365027,https://mopsov.twse.com.tw/mops/web/t113sb02?encodeURIComponent=1&firstin=true&id=&colorchg=&TYPEK=all&step=11&co_id=E0080&MONYR_REG=202009&BOND_ID=F10315&KIND=A
20260905,F10711,P20BMO4,Bank of Montreal,20200909,20600909,40,USD,550000000,0,2.85,Applicable,5.000 x 1.000,KGI SecuritiesYuanta Securities Co,KGI Securities,XS2219261885,https://mopsov.twse.com.tw/mops/web/t113sb02?encodeURIComponent=1&firstin=true&id=&colorchg=&TYPEK=all&step=11&co_id=E0084&MONYR_REG=202009&BOND_ID=F10711&KIND=A
20260905,F16801,P20TSMC1,台灣積體電路製造股份有限公司,20200922,20600922,40,USD,1000000000,2.700,0,Applicable,5.000 x 1.000,Goldman Sachs TaipeiKGI Securities,KGI Securities,TW000F168018,https://mopsov.twse.com.tw/mops/web/t120sg01?encodeURIComponent=1&firstin=true&tg=&pg=&step=0&TYPEK=&monyr_reg=202608&issuer_stock_code=2330&bond_kind=4&bond_yrn=109-1&bond_subn=%24M00000001&bond_id=F16801&come=2
20260905,F09921,P20BNS9,The Bank Of Nova Scotia,20200923,20600923,40,USD,425000000,0,2.92,Applicable,5.000 x 1.000,Cathay United BankKGI Securities,KGI Securities,XS2226707052,https://mopsov.twse.com.tw/mops/web/t113sb02?encodeURIComponent=1&firstin=true&id=&colorchg=&TYPEK=all&step=11&co_id=E0075&MONYR_REG=202009&BOND_ID=F09921&KIND=A
20260905,F03608,P20VZ2,Verizon Communications Inc.,20200929,20600929,40,USD,1123000000,3.000,0,Applicable,5.000 x 1.000,BNP PARIBAS TAIWANCitibank Taiwan Ltd.Goldman Sachs Taipei,BNP PARIBAS TAIWAN,XS2237315549,https://mopsov.twse.com.tw/mops/web/t113sb02?encodeURIComponent=1&firstin=true&id=&colorchg=&TYPEK=all&step=11&co_id=E0023&MONYR_REG=202009&BOND_ID=F03608&KIND=A
20260905,F09922,P20BNS10,The Bank Of Nova Scotia,20201014,20601014,40,USD,200000000,0,2.84,Applicable,5.000 x 1.000,Cathay United BankKGI Securities,KGI Securities,XS2234852437,https://mopsov.twse.com.tw/mops/web/t113sb02?encodeURIComponent=1&firstin=true&id=&colorchg=&TYPEK=all&step=11&co_id=E0075&MONYR_REG=202010&BOND_ID=F09922&KIND=A
20260905,F10318,P20QNBF9,QNB Finance Ltd,20201020,20601020,40,USD,175000000,0,3,Applicable,5.500 x 1.000,KGI SecuritiesYuanta Securities Co,KGI Securities,XS2241226914,https://mopsov.twse.com.tw/mops/web/t113sb02?encodeURIComponent=1&firstin=true&id=&colorchg=&TYPEK=all&step=11&co_id=E0080&MONYR_REG=202010&BOND_ID=F10318&KIND=A
20260905,F13731,P20MSF12,Morgan Stanley Finance LLC,20201021,20601021,40,USD,95000000,0,3.05,Applicable,5.000 x 7.000,MasterLinkMorgan Stanley,Taishin Securities,XS2175220560,https://mopsov.twse.com.tw/mops/web/t113sb02?encodeURIComponent=1&firstin=true&id=&colorchg=&TYPEK=all&step=11&co_id=E0111&MONYR_REG=202010&BOND_ID=F13731&KIND=A
20260905,F08412,P20NBC2,National Bank of Canada,20201027,20601027,40,USD,250000000,0,2.78,Applicable,5.000 x 1.000,KGI Securities,KGI Securities,XS2241392682,https://mopsov.twse.com.tw/mops/web/t113sb02?encodeURIComponent=1&firstin=true&id=&colorchg=&TYPEK=all&step=11&co_id=E0061&MONYR_REG=202010&BOND_ID=F08412&KIND=A
20260905,F13732,P20MSF13,Morgan Stanley Finance LLC,20201030,20601030,40,USD,110000000,0,3,Applicable,6.000 x 5.000,E.SUN BankMorgan Stanley,E.SUN Bank,XS2175206650,https://mopsov.twse.com.tw/mops/web/t113sb02?encodeURIComponent=1&firstin=true&id=&colorchg=&TYPEK=all&step=11&co_id=E0111&MONYR_REG=202010&BOND_ID=F13732&KIND=A
20260905,F09923,P20BNS11,The Bank Of Nova Scotia,20201109,20601109,40,USD,135000000,0,2.88,Applicable,5.000 x 1.000,KGI Securities,KGI Securities,XS2245800706,https://mopsov.twse.com.tw/mops/web/t113sb02?encodeURIComponent=1&firstin=true&id=&colorchg=&TYPEK=all&step=11&co_id=E0075&MONYR_REG=202011&BOND_ID=F09923&KIND=A
20260905,F08413,P20NBC3,National Bank of Canada,20201113,20601113,40,USD,280000000,0,2.82,Applicable,5.000 x 1.000,Cathay United BankKGI Securities,KGI Securities,XS2247612877,https://mopsov.twse.com.tw/mops/web/t113sb02?encodeURIComponent=1&firstin=true&id=&colorchg=&TYPEK=all&step=11&co_id=E0061&MONYR_REG=202011&BOND_ID=F08413&KIND=A
20260905,F01139,P20CITI12,Citigroup Inc,20201116,20601116,40,USD,100000000,0,3.28,Applicable,5.000 x 1.000,Yuanta Securities Co,Yuanta Securities Co,XS1273441599,https://mopsov.twse.com.tw/mops/web/t113sb02?encodeURIComponent=1&firstin=true&id=&colorchg=&TYPEK=all&step=11&co_id=E0004&MONYR_REG=202011&BOND_ID=F01139&KIND=A
20260905,F08414,P20NBC4,National Bank of Canada,20201117,20601117,40,USD,162250000,0,2.88,Applicable,5.000 x 1.000,Cathay United BankKGI Securities,Cathay United Bank,XS2251231952,https://mopsov.twse.com.tw/mops/web/t113sb02?encodeURIComponent=1&firstin=true&id=&colorchg=&TYPEK=all&step=11&co_id=E0061&MONYR_REG=202011&BOND_ID=F08414&KIND=A
20260905,F08415,P20NBC5,National Bank of Canada,20201123,20601123,40,USD,80000000,0,2.8,Applicable,5.000 x 1.000,Cathay United BankKGI Securities,Cathay United Bank,XS2258552855,https://mopsov.twse.com.tw/mops/web/t113sb02?encodeURIComponent=1&firstin=true&id=&colorchg=&TYPEK=all&step=11&co_id=E0061&MONYR_REG=202011&BOND_ID=F08415&KIND=A
20260905,F05817,P20RBCLB4,Royal Bank of Canada London Branch,20201130,20601130,40,USD,250000000,0,2.7,Applicable,5.000 x 1.000,KGI SecuritiesYuanta Securities Co,Yuanta Securities Co,XS1991331528,https://mopsov.twse.com.tw/mops/web/t113sb02?encodeURIComponent=1&firstin=true&id=&colorchg=&TYPEK=all&step=11&co_id=E0040&MONYR_REG=202011&BOND_ID=F05817&KIND=A
20260905,F09924,P20BNS12,The Bank Of Nova Scotia,20201202,20601202,40,USD,350000000,0,2.86,Applicable,5.000 x 1.000,KGI SecuritiesMasterLink,KGI Securities,XS2254278281,https://mopsov.twse.com.tw/mops/web/t113sb02?encodeURIComponent=1&firstin=true&id=&colorchg=&TYPEK=all&step=11&co_id=E0075&MONYR_REG=202012&BOND_ID=F09924&KIND=A
20260905,F05215,P20MBB4,Malayan Banking Berhad,20201221,20601221,40,USD,200000000,0,2.8,Applicable,5.000 x 5.000,ANZ Banking Group TPKGI Securities,KGI Securities,XS2269470196,https://mopsov.twse.com.tw/mops/web/t113sb02?encodeURIComponent=1&firstin=true&id=&colorchg=&TYPEK=all&step=11&co_id=E0034&MONYR_REG=202012&BOND_ID=F05215&KIND=A
20260905,F08416,P20NBC6,National Bank of Canada,20201230,20601230,40,USD,90000000,0,2.74,Applicable,5.000 x 1.000,Cathay United Bank,Cathay United Bank,XS2278090787,https://mopsov.twse.com.tw/mops/web/t113sb02?encodeURIComponent=1&firstin=true&id=&colorchg=&TYPEK=all&step=11&co_id=E0061&MONYR_REG=202012&BOND_ID=F08416&KIND=A
20260905,F10712,P21BMO1,Bank of Montreal,20210113,20610113,40,USD,250000000,0,2.7,Applicable,5.000 x 1.000,KGI SecuritiesYuanta Securities Co,Yuanta Securities Co,XS2277664335,https://mopsov.twse.com.tw/mops/web/t113sb02?encodeURIComponent=1&firstin=true&id=&colorchg=&TYPEK=all&step=11&co_id=E0084&MONYR_REG=202101&BOND_ID=F10712&KIND=A
20260905,F13734,P21MSF1,Morgan Stanley Finance LLC,20210120,20610120,40,USD,90000000,0,2.83,Applicable,6.000 x 5.000,E.SUN Bank,E.SUN Bank,XS2175204010,https://mopsov.twse.com.tw/mops/web/t113sb02?encodeURIComponent=1&firstin=true&id=&colorchg=&TYPEK=all&step=11&co_id=E0111&MONYR_REG=202101&BOND_ID=F13734&KIND=A
20260905,F01140,P21CITI1,Citigroup Inc,20210125,20610125,40,USD,275000000,0,2.98,Applicable,5.000 x 1.000,Chinatrust BankE.SUN BankNational SecuritiesSinoPac SecuritiesYuanta Securities Co,SinoPac Securities,XS1273446390,https://mopsov.twse.com.tw/mops/web/t113sb02?encodeURIComponent=1&firstin=true&id=&colorchg=&TYPEK=all&step=11&co_id=E0004&MONYR_REG=202101&BOND_ID=F01140&KIND=A
20260905,F02636,P21CACIB2,CREDIT AGRICOLE CORPORATE AND INVESTMENT BANK,20210125,20610125,40,USD,650000000,0,2.76,Applicable,5.000 x 1.000,CACIB TaipeiCATHAY SECURITIES COE.SUN BankFubon SeuritiesKGI SecuritiesSinoPac SecuritiesTaishin InternatonalYuanta Securities Co,KGI Securities,XS2185413643,https://mopsov.twse.com.tw/mops/web/t113sb02?encodeURIComponent=1&firstin=true&id=&colorchg=&TYPEK=all&step=11&co_id=E0014&MONYR_REG=202101&BOND_ID=F02636&KIND=A
20260905,F13736,P21MSF3,Morgan Stanley Finance LLC,20210125,20610125,40,USD,95000000,0,3,Applicable,6.000 x 7.000,MasterLinkMorgan Stanley,Taishin Securities,XS2175203806,https://mopsov.twse.com.tw/mops/web/t113sb02?encodeURIComponent=1&firstin=true&id=&colorchg=&TYPEK=all&step=11&co_id=E0111&MONYR_REG=202101&BOND_ID=F13736&KIND=A
20260905,F03917,P21DBS1,DBS Bank Ltd.,20210127,20610127,40,USD,300000000,0,2.7,Applicable,5.000 x 1.000,KGI SecuritiesNational SecuritiesSinoPac Securities,SinoPac Securities,XS2254829265,https://mopsov.twse.com.tw/mops/web/t113sb02?encodeURIComponent=1&firstin=true&id=&colorchg=&TYPEK=all&step=11&co_id=E0026&MONYR_REG=202101&BOND_ID=F03917&KIND=A
20260905,F11010,P21SANTA1,Santander International Products PLC,20210129,20610129,40,USD,350000000,0,3,Applicable,5.000 x 1.000,KGI SecuritiesYuanta Securities Co,Yuanta Securities Co,XS2281358288,https://mopsov.twse.com.tw/mops/web/t113sb02?encodeURIComponent=1&firstin=true&id=&colorchg=&TYPEK=all&step=11&co_id=E0087&MONYR_REG=202101&BOND_ID=F11010&KIND=A
20260905,F11011,P21SANTA2,Santander International Products PLC,20210201,20610201,40,USD,110000000,0,3.15,Applicable,5.000 x 1.000,Yuanta Securities Co,Yuanta Securities Co,XS2288911774,https://mopsov.twse.com.tw/mops/web/t113sb02?encodeURIComponent=1&firstin=true&id=&colorchg=&TYPEK=all&step=11&co_id=E0087&MONYR_REG=202102&BOND_ID=F11011&KIND=A
20260905,F02637,P21CACIB3,CREDIT AGRICOLE CORPORATE AND INVESTMENT BANK,20210202,20610202,40,USD,180000000,0,3,Applicable,5.000 x 1.000,CACIB TaipeiCapital SecuritiesTaishin Internatonal,Capital Securities,XS2185414617,https://mopsov.twse.com.tw/mops/web/t113sb02?encodeURIComponent=1&firstin=true&id=&colorchg=&TYPEK=all&step=11&co_id=E0014&MONYR_REG=202102&BOND_ID=F02637&KIND=A
20260905,F05216,P21MBB1,Malayan Banking Berhad,20210203,20610203,40,USD,175000000,0,2.78,Applicable,5.000 x 5.000,BNP PARIBAS TAIWANKGI Securities,KGI Securities,XS2289146909,https://mopsov.twse.com.tw/mops/web/t113sb02?encodeURIComponent=1&firstin=true&id=&colorchg=&TYPEK=all&step=11&co_id=E0034&MONYR_REG=202102&BOND_ID=F05216&KIND=A
20260905,F04033,P21JPMC1,JPMorgan Chase &amp; Co.,20210208,20610208,40,USD,620000000,0,2.95,Applicable,5.000 x 2.000,E.SUN BankKGI SecuritiesSinoPac SecuritiesTaipei Fubon BankTaishin InternatonalYuanta Securities Co,E.SUN Bank,XS1450861593,https://mopsov.twse.com.tw/mops/web/t113sb02?encodeURIComponent=1&firstin=true&id=&colorchg=&TYPEK=all&step=11&co_id=E0027&MONYR_REG=202102&BOND_ID=F04033&KIND=A
20260905,F05818,P21RBCLB1,Royal Bank of Canada London Branch,20210208,20610208,40,USD,200000000,0,2.75,Applicable,5.000 x 1.000,Yuanta Securities Co,Yuanta Securities Co,XS1991330710,https://mopsov.twse.com.tw/mops/web/t113sb02?encodeURIComponent=1&firstin=true&id=&colorchg=&TYPEK=all&step=11&co_id=E0040&MONYR_REG=202102&BOND_ID=F05818&KIND=A
20260905,F01141,P21CITI2,Citigroup Inc,20210223,20610223,40,USD,300000000,0,3.12,Applicable,5.000 x 1.000,Chinatrust BankFubon SeuritiesTaishin Internatonal,Chinatrust Bank,XS1273441755,https://mopsov.twse.com.tw/mops/web/t113sb02?encodeURIComponent=1&firstin=true&id=&colorchg=&TYPEK=all&step=11&co_id=E0004&MONYR_REG=202102&BOND_ID=F01141&KIND=A
20260905,F01142,P21CITI3,Citigroup Inc,20210223,20610223,40,USD,310000000,0,3.1,Applicable,6.000 x 1.000,Cathay United BankE.SUN BankSinoPac SecuritiesYuanta Securities Co,E.SUN Bank,XS1273444429,https://mopsov.twse.com.tw/mops/web/t113sb02?encodeURIComponent=1&firstin=true&id=&colorchg=&TYPEK=all&step=11&co_id=E0004&MONYR_REG=202102&BOND_ID=F01142&KIND=A
20260905,F02927,P21GS1,The Goldman Sachs Group Inc.,20210223,20610223,40,USD,522000000,0,3.03,Applicable,5.000 x 1.000,BANK SINOPACCapital SecuritiesCathay United BankE.SUN BankFubon SeuritiesGoldman Sachs TaipeiKGI SecuritiesYuanta Securities Co,KGI Securities,XS1970501448,https://mopsov.twse.com.tw/mops/web/t113sb02?encodeURIComponent=1&firstin=true&id=&colorchg=&TYPEK=all&step=11&co_id=E0016&MONYR_REG=202102&BOND_ID=F02927&KIND=A
20260905,F09925,P21BNS1,The Bank Of Nova Scotia,20210303,20610303,40,USD,330000000,0,2.95,Applicable,5.000 x 1.000,KGI SecuritiesMasterLink,KGI Securities,XS2297225141,https://mopsov.twse.com.tw/mops/web/t113sb02?encodeURIComponent=1&firstin=true&id=&colorchg=&TYPEK=all&step=11&co_id=E0075&MONYR_REG=202103&BOND_ID=F09925&KIND=A
20260905,F02928,P21GS2,The Goldman Sachs Group Inc.,20210303,20610303,40,USD,386000000,0,3.06,Applicable,5.000 x 1.000,Cathay United BankChinatrust BankKGI SecuritiesMasterLink,KGI Securities,XS1970501877,https://mopsov.twse.com.tw/mops/web/t113sb02?encodeURIComponent=1&firstin=true&id=&colorchg=&TYPEK=all&step=11&co_id=E0016&MONYR_REG=202103&BOND_ID=F02928&KIND=A
20260905,F02639,P21CACIB5,CREDIT AGRICOLE CORPORATE AND INVESTMENT BANK,20210305,20610305,40,USD,120000000,0,2.95,Applicable,5.000 x 1.000,CACIB TaipeiE.SUN BankYuanta Securities Co,Yuanta Securities Co,XS2185418873,https://mopsov.twse.com.tw/mops/web/t113sb02?encodeURIComponent=1&firstin=true&id=&colorchg=&TYPEK=all&step=11&co_id=E0014&MONYR_REG=202103&BOND_ID=F02639&KIND=A
20260905,F02640,P21CACIB6,CREDIT AGRICOLE CORPORATE AND INVESTMENT BANK,20210310,20610310,40,USD,160000000,0,3.2,Applicable,5.000 x 1.000,CACIB TaipeiE.SUN BankKGI SecuritiesYuanta Securities Co,KGI Securities,XS2185419251,https://mopsov.twse.com.tw/mops/web/t113sb02?encodeURIComponent=1&firstin=true&id=&colorchg=&TYPEK=all&step=11&co_id=E0014&MONYR_REG=202103&BOND_ID=F02640&KIND=A
20260905,F11012,P21SANTA3,Santander International Products PLC,20210316,20610316,40,USD,100000000,0,3.33,Applicable,5.000 x 1.000,Yuanta Securities Co,Yuanta Securities Co,XS2307309117,https://mopsov.twse.com.tw/mops/web/t113sb02?encodeURIComponent=1&firstin=true&id=&colorchg=&TYPEK=all&step=11&co_id=E0087&MONYR_REG=202103&BOND_ID=F11012&KIND=A
20260905,F04035,P21JPMC3,JPMorgan Chase &amp; Co.,20210323,20610323,40,USD,110000000,0,3.25,Applicable,5.000 x 2.000,E.SUN BankTaishin Internatonal,E.SUN Bank,XS1450843187,https://mopsov.twse.com.tw/mops/web/t113sb02?encodeURIComponent=1&firstin=true&id=&colorchg=&TYPEK=all&step=11&co_id=E0027&MONYR_REG=202103&BOND_ID=F04035&KIND=A
20260905,F04036,P21JPMC4,JPMorgan Chase &amp; Co.,20210324,20610324,40,USD,100000000,0,3.4,Applicable,5.000 x 2.000,KGI SecuritiesYuanta Securities Co,KGI Securities,XS1450848228,https://mopsov.twse.com.tw/mops/web/t113sb02?encodeURIComponent=1&firstin=true&id=&colorchg=&TYPEK=all&step=11&co_id=E0027&MONYR_REG=202103&BOND_ID=F04036&KIND=A
20260905,F05819,P21RBCLB2,Royal Bank of Canada London Branch,20210329,20610329,40,USD,155000000,0,3.37,Applicable,5.000 x 1.000,KGI SecuritiesYuanta Securities Co,KGI Securities,XS1991334548,https://mopsov.twse.com.tw/mops/web/t113sb02?encodeURIComponent=1&firstin=true&id=&colorchg=&TYPEK=all&step=11&co_id=E0040&MONYR_REG=202103&BOND_ID=F05819&KIND=A
20260905,F02929,P21GS3,The Goldman Sachs Group Inc.,20210330,20610330,40,USD,120000000,0,3.55,Applicable,5.000 x 1.000,Cathay United BankTaishin Internatonal,Cathay United Bank,XS1970502412,https://mopsov.twse.com.tw/mops/web/t113sb02?encodeURIComponent=1&firstin=true&id=&colorchg=&TYPEK=all&step=11&co_id=E0016&MONYR_REG=202103&BOND_ID=F02929&KIND=A
20260905,F13743,P21MSF10,Morgan Stanley Finance LLC,20210401,20610401,40,USD,135000000,0,3.36,Applicable,6.000 x 6.000,MasterLinkMorgan Stanley,Taishin Securities,XS2175209837,https://mopsov.twse.com.tw/mops/web/t113sb02?encodeURIComponent=1&firstin=true&id=&colorchg=&TYPEK=all&step=11&co_id=E0111&MONYR_REG=202104&BOND_ID=F13743&KIND=A
20260905,F10713,P21BMO2,Bank of Montreal,20210415,20610415,40,USD,170000000,0,3.55,Applicable,5.000 x 1.000,KGI SecuritiesYuanta Securities Co,KGI Securities,XS2324799654,https://mopsov.twse.com.tw/mops/web/t113sb02?encodeURIComponent=1&firstin=true&id=&colorchg=&TYPEK=all&step=11&co_id=E0084&MONYR_REG=202104&BOND_ID=F10713&KIND=A
20260905,F05217,P21MBB2,Malayan Banking Berhad,20210419,20610419,40,USD,160000000,0,3.5,Applicable,5.000 x 5.000,KGI SecuritiesSG Securities Taipei,KGI Securities,XS2328464701,https://mopsov.twse.com.tw/mops/web/t113sb02?encodeURIComponent=1&firstin=true&id=&colorchg=&TYPEK=all&step=11&co_id=E0034&MONYR_REG=202104&BOND_ID=F05217&KIND=A
20260905,F04037,P21JPMC5,JPMorgan Chase &amp; Co.,20210507,20610507,40,USD,380000000,0,3.55,Applicable,5.000 x 2.000,E.SUN BankSinoPac SecuritiesTaipei Fubon BankYuanta Securities Co,E.SUN Bank,XS1450846289,https://mopsov.twse.com.tw/mops/web/t113sb02?encodeURIComponent=1&firstin=true&id=&colorchg=&TYPEK=all&step=11&co_id=E0027&MONYR_REG=202105&BOND_ID=F04037&KIND=A
20260905,F11013,P21SANTA4,Santander International Products PLC,20210528,20610528,40,USD,100000000,0,3.65,Applicable,5.000 x 1.000,Yuanta Securities Co,Yuanta Securities Co,XS2342038606,https://mopsov.twse.com.tw/mops/web/t113sb02?encodeURIComponent=1&firstin=true&id=&colorchg=&TYPEK=all&step=11&co_id=E0087&MONYR_REG=202105&BOND_ID=F11013&KIND=A
20260905,F10714,P21BMO3,Bank of Montreal,20210609,20610609,40,USD,100000000,0,3.5,Applicable,5.000 x 1.000,KGI SecuritiesYuanta Securities Co,Yuanta Securities Co,XS2344466904,https://mopsov.twse.com.tw/mops/web/t113sb02?encodeURIComponent=1&firstin=true&id=&colorchg=&TYPEK=all&step=11&co_id=E0084&MONYR_REG=202106&BOND_ID=F10714&KIND=A
20260905,F09926,P21BNS2,The Bank Of Nova Scotia,20210615,20610615,40,USD,200000000,0,3.52,Applicable,5.000 x 1.000,KGI SecuritiesMasterLink,KGI Securities,XS2344478826,https://mopsov.twse.com.tw/mops/web/t113sb02?encodeURIComponent=1&firstin=true&id=&colorchg=&TYPEK=all&step=11&co_id=E0075&MONYR_REG=202106&BOND_ID=F09926&KIND=A
20260905,F04039,P21JPMC7,JPMorgan Chase &amp; Co.,20210616,20610616,40,USD,90000000,0,3.58,Applicable,5.000 x 2.000,E.SUN BankSinoPac Securities,E.SUN Bank,XS1450828030,https://mopsov.twse.com.tw/mops/web/t113sb02?encodeURIComponent=1&firstin=true&id=&colorchg=&TYPEK=all&step=11&co_id=E0027&MONYR_REG=202106&BOND_ID=F04039&KIND=A
20260905,F13757,P22MSF2,Morgan Stanley Finance LLC,20220119,20610719,39.5,USD,65000000,0,3.35,Applicable,5.000 x 1.000,Morgan StanleyYuanta Securities Co,Yuanta Securities Co,XS2175208607,https://mopsov.twse.com.tw/mops/web/t113sb02?encodeURIComponent=1&firstin=true&id=&colorchg=&TYPEK=all&step=11&co_id=E0111&MONYR_REG=202201&BOND_ID=F13757&KIND=A
20260905,F16602,P21ADCBU1,Abu Dhabi Commercial Bank PJSC,20210810,20610810,40,USD,175000000,0,3.615,Applicable,5.000 x 5.000,E.SUN BankKGI SecuritiesSinoPac SecuritiesYuanta Securities Co,Yuanta Securities Co,XS2366813603,https://mopsov.twse.com.tw/mops/web/t113sb02?encodeURIComponent=1&firstin=true&id=&colorchg=&TYPEK=all&step=11&co_id=E0136&MONYR_REG=202108&BOND_ID=F16602&KIND=A
20260905,F13748,P21MSF15,Morgan Stanley Finance LLC,20210824,20610824,40,USD,110000000,0,3.25,Applicable,5.000 x 5.000,E.SUN BankMasterLinkMorgan Stanley,E.SUN Bank,XS2175204523,https://mopsov.twse.com.tw/mops/web/t113sb02?encodeURIComponent=1&firstin=true&id=&colorchg=&TYPEK=all&step=11&co_id=E0111&MONYR_REG=202108&BOND_ID=F13748&KIND=A
20260905,F04042,P21JPMC10,JPMorgan Chase &amp; Co.,20210831,20610831,40,USD,80000000,0,3.3,Applicable,5.000 x 1.000,E.SUN BankKGI Securities,E.SUN Bank,XS1450817694,https://mopsov.twse.com.tw/mops/web/t113sb02?encodeURIComponent=1&firstin=true&id=&colorchg=&TYPEK=all&step=11&co_id=E0027&MONYR_REG=202108&BOND_ID=F04042&KIND=A
20260905,F09927,P21BNS3,The Bank Of Nova Scotia,20210908,20610908,40,USD,250000000,0,3.2,Applicable,5.000 x 1.000,KGI SecuritiesYuanta Securities Co,KGI Securities,XS2377129353,https://mopsov.twse.com.tw/mops/web/t113sb02?encodeURIComponent=1&firstin=true&id=&colorchg=&TYPEK=all&step=11&co_id=E0075&MONYR_REG=202109&BOND_ID=F09927&KIND=A
20260905,F10715,P21BMO4,Bank of Montreal,20210923,20610923,40,USD,250000000,0,3.2,Applicable,5.000 x 1.000,KGI SecuritiesYuanta Securities Co,KGI Securities,XS2383659377,https://mopsov.twse.com.tw/mops/web/t113sb02?encodeURIComponent=1&firstin=true&id=&colorchg=&TYPEK=all&step=11&co_id=E0084&MONYR_REG=202109&BOND_ID=F10715&KIND=A
20260905,F08417,P21NBC1,National Bank of Canada,20210924,20610924,40,USD,70000000,0,3.2,Applicable,5.000 x 1.000,KGI Securities,KGI Securities,XS2384046574,https://mopsov.twse.com.tw/mops/web/t113sb02?encodeURIComponent=1&firstin=true&id=&colorchg=&TYPEK=all&step=11&co_id=E0061&MONYR_REG=202109&BOND_ID=F08417&KIND=A
20260905,F10716,P21BMO5,Bank of Montreal,20210930,20610930,40,USD,100000000,0,3.2,Applicable,5.000 x 1.000,KGI SecuritiesYuanta Securities Co,Yuanta Securities Co,XS2386949064,https://mopsov.twse.com.tw/mops/web/t113sb02?encodeURIComponent=1&firstin=true&id=&colorchg=&TYPEK=all&step=11&co_id=E0084&MONYR_REG=202109&BOND_ID=F10716&KIND=A
20260905,F05218,P21MBB3,Malayan Banking Berhad,20211007,20611007,40,USD,255000000,0,3.2,Applicable,5.000 x 5.000,KGI SecuritiesSG Securities Taipei,KGI Securities,XS2389792776,https://mopsov.twse.com.tw/mops/web/t113sb02?encodeURIComponent=1&firstin=true&id=&colorchg=&TYPEK=all&step=11&co_id=E0034&MONYR_REG=202110&BOND_ID=F05218&KIND=A
20260905,F18001,P21UAE1,Federal Government of the United Arab Emirates acting through the Ministry of F,20211019,20611019,40,USD,2000000000,3.250,0,Not Applicable,Not Applicable,Citibank Taiwan Ltd.HSBC Bank(Taiwan)LtdJPMorganStandard Chartered,Standard Chartered,XS2397055703,https://mopsov.twse.com.tw/mops/web/t113sb02?encodeURIComponent=1&firstin=true&id=&colorchg=&TYPEK=all&step=11&co_id=E0148&MONYR_REG=202110&BOND_ID=F18001&KIND=A
20260905,F08418,P21NBC2,National Bank of Canada,20211020,20611020,40,USD,100000000,0,3.27,Applicable,5.000 x 1.000,Cathay United BankKGI Securities,Cathay United Bank,XS2393759449,https://mopsov.twse.com.tw/mops/web/t113sb02?encodeURIComponent=1&firstin=true&id=&colorchg=&TYPEK=all&step=11&co_id=E0061&MONYR_REG=202110&BOND_ID=F08418&KIND=A
20260905,F08419,P21NBC3,National Bank of Canada,20211028,20611028,40,USD,100000000,0,3.4,Applicable,5.000 x 1.000,Cathay United BankKGI Securities,KGI Securities,XS2399985006,https://mopsov.twse.com.tw/mops/web/t113sb02?encodeURIComponent=1&firstin=true&id=&colorchg=&TYPEK=all&step=11&co_id=E0061&MONYR_REG=202110&BOND_ID=F08419&KIND=A
20260905,F16604,P21ADCBU3,Abu Dhabi Commercial Bank PJSC,20211104,20611104,40,USD,100000000,0,3.7,Applicable,5.000 x 5.000,Morgan StanleyYuanta Securities Co,Yuanta Securities Co,XS2398764550,https://mopsov.twse.com.tw/mops/web/t113sb02?encodeURIComponent=1&firstin=true&id=&colorchg=&TYPEK=all&step=11&co_id=E0136&MONYR_REG=202111&BOND_ID=F16604&KIND=A
20260905,F13754,P21MSF21,Morgan Stanley Finance LLC,20211110,20611110,40,USD,100000000,0,3.4,Applicable,5.000 x 5.000,Cathay United BankKGI Securities,Cathay United Bank,XS2175201008,https://mopsov.twse.com.tw/mops/web/t113sb02?encodeURIComponent=1&firstin=true&id=&colorchg=&TYPEK=all&step=11&co_id=E0111&MONYR_REG=202111&BOND_ID=F13754&KIND=A
20260905,F04043,P21JPMC11,JPMorgan Chase &amp; Co.,20211112,20611112,40,USD,85000000,0,3.43,Applicable,5.000 x 2.000,E.SUN BankTaishin Internatonal,Taishin Internatonal,XS1450793812,https://mopsov.twse.com.tw/mops/web/t113sb02?encodeURIComponent=1&firstin=true&id=&colorchg=&TYPEK=all&step=11&co_id=E0027&MONYR_REG=202111&BOND_ID=F04043&KIND=A
20260905,F05820,P21RBCLB3,Royal Bank of Canada London Branch,20211206,20611206,40,USD,260000000,0,3.3,Applicable,5.000 x 1.000,E.SUN BankKGI SecuritiesYuanta Securities Co,Yuanta Securities Co,XS2393288571,https://mopsov.twse.com.tw/mops/web/t113sb02?encodeURIComponent=1&firstin=true&id=&colorchg=&TYPEK=all&step=11&co_id=E0040&MONYR_REG=202112&BOND_ID=F05820&KIND=A
20260905,F10717,P21BMO6,Bank of Montreal,20211214,20611214,40,USD,270000000,0,3.4,Applicable,5.000 x 1.000,Cathay United BankKGI SecuritiesYuanta Securities Co,KGI Securities,XS2412129129,https://mopsov.twse.com.tw/mops/web/t113sb02?encodeURIComponent=1&firstin=true&id=&colorchg=&TYPEK=all&step=11&co_id=E0084&MONYR_REG=202112&BOND_ID=F10717&KIND=A
20260905,F13756,P22MSF1,Morgan Stanley Finance LLC,20220119,20620119,40,USD,45000000,0,3.35,Applicable,5.000 x 1.000,Morgan Stanley,Yuanta Securities Co,XS2175203988,https://mopsov.twse.com.tw/mops/web/t113sb02?encodeURIComponent=1&firstin=true&id=&colorchg=&TYPEK=all&step=11&co_id=E0111&MONYR_REG=202201&BOND_ID=F13756&KIND=A
20260905,F01149,P22CITI2,Citigroup Inc,20220121,20620121,40,USD,110000000,0,3.45,Applicable,5.000 x 1.000,Cathay United BankKGI SecuritiesTaishin Internatonal,Cathay United Bank,XS2110105256,https://mopsov.twse.com.tw/mops/web/t113sb02?encodeURIComponent=1&firstin=true&id=&colorchg=&TYPEK=all&step=11&co_id=E0004&MONYR_REG=202201&BOND_ID=F01149&KIND=A
20260905,F16605,P22ADCBU1,Abu Dhabi Commercial Bank PJSC,20220125,20620125,40,USD,250000000,0,3.72,Applicable,5.000 x 5.000,E.SUN BankJPMorganTaishin Internatonal,E.SUN Bank,XS2431021620,https://mopsov.twse.com.tw/mops/web/t113sb02?encodeURIComponent=1&firstin=true&id=&colorchg=&TYPEK=all&step=11&co_id=E0136&MONYR_REG=202201&BOND_ID=F16605&KIND=A
20260905,F10607,P22CIBC1,Canadian Imperial Bank of Commerce,20220125,20620125,40,USD,150000000,0,3.43,Applicable,5.000 x 1.000,Yuanta Securities Co,Yuanta Securities Co,XS2432356264,https://mopsov.twse.com.tw/mops/web/t113sb02?encodeURIComponent=1&firstin=true&id=&colorchg=&TYPEK=all&step=11&co_id=E0083&MONYR_REG=202201&BOND_ID=F10607&KIND=A
20260905,F09928,P22BNS1,The Bank Of Nova Scotia,20220125,20620125,40,USD,250000000,0,3.3,Applicable,5.000 x 1.000,Cathay United BankKGI SecuritiesYuanta Securities Co,KGI Securities,XS2430578331,https://mopsov.twse.com.tw/mops/web/t113sb02?encodeURIComponent=1&firstin=true&id=&colorchg=&TYPEK=all&step=11&co_id=E0075&MONYR_REG=202201&BOND_ID=F09928&KIND=A
20260905,F13759,P22MSF4,Morgan Stanley Finance LLC,20220125,20620125,40,USD,70000000,0,3.42,Applicable,5.000 x 1.000,Cathay United BankTaipei Fubon Bank,Cathay United Bank,XS2175208433,https://mopsov.twse.com.tw/mops/web/t113sb02?encodeURIComponent=1&firstin=true&id=&colorchg=&TYPEK=all&step=11&co_id=E0111&MONYR_REG=202201&BOND_ID=F13759&KIND=A
20260905,F10718,P22BMO1,Bank of Montreal,20220125,20620125,40,USD,240000000,0,3.33,Applicable,5.000 x 1.000,KGI SecuritiesYuanta Securities Co,Yuanta Securities Co,XS2431000038,https://mopsov.twse.com.tw/mops/web/t113sb02?encodeURIComponent=1&firstin=true&id=&colorchg=&TYPEK=all&step=11&co_id=E0084&MONYR_REG=202201&BOND_ID=F10718&KIND=A
20260905,F02643,P22CACIB1,CREDIT AGRICOLE CORPORATE AND INVESTMENT BANK,20220125,20620125,40,USD,100000000,0,3.12,Applicable,5.000 x 1.000,CACIB TaipeiCATHAY SECURITIES CO,CATHAY SECURITIES CO,XS2317946973,https://mopsov.twse.com.tw/mops/web/t113sb02?encodeURIComponent=1&firstin=true&id=&colorchg=&TYPEK=all&step=11&co_id=E0014&MONYR_REG=202201&BOND_ID=F02643&KIND=A
20260905,F09929,P22BNS2,The Bank Of Nova Scotia,20220125,20620125,40,USD,150000000,0,3.32,Applicable,5.000 x 1.000,KGI SecuritiesMasterLink,KGI Securities,XS2431016547,https://mopsov.twse.com.tw/mops/web/t113sb02?encodeURIComponent=1&firstin=true&id=&colorchg=&TYPEK=all&step=11&co_id=E0075&MONYR_REG=202201&BOND_ID=F09929&KIND=A
20260905,F08420,P22NBC1,National Bank of Canada,20220126,20620126,40,USD,180000000,0,3.53,Applicable,5.000 x 1.000,Cathay United BankKGI Securities,KGI Securities,XS2433479479,https://mopsov.twse.com.tw/mops/web/t113sb02?encodeURIComponent=1&firstin=true&id=&colorchg=&TYPEK=all&step=11&co_id=E0061&MONYR_REG=202201&BOND_ID=F08420&KIND=A
20260905,F18201,P22BASAN1,Banco Santander S.A.,20220126,20620126,40,USD,150000000,0,3.52,Applicable,5.000 x 5.000,Yuanta Securities Co,Yuanta Securities Co,XS2431022438,https://mopsov.twse.com.tw/mops/web/t113sb02?encodeURIComponent=1&firstin=true&id=&colorchg=&TYPEK=all&step=11&co_id=E0150&MONYR_REG=202201&BOND_ID=F18201&KIND=A
20260905,F02644,P22CACIB2,CREDIT AGRICOLE CORPORATE AND INVESTMENT BANK,20220126,20620126,40,USD,95000000,0,3.15,Applicable,5.000 x 1.000,CACIB TaipeiTaishin InternatonalYuanta Securities Co,Yuanta Securities Co,XS2317947278,https://mopsov.twse.com.tw/mops/web/t113sb02?encodeURIComponent=1&firstin=true&id=&colorchg=&TYPEK=all&step=11&co_id=E0014&MONYR_REG=202201&BOND_ID=F02644&KIND=A
20260905,F01150,P22CITI3,Citigroup Inc,20220215,20620215,40,USD,270000000,0,3.66,Applicable,5.000 x 1.000,Chinatrust BankMasterLinkTaipei Fubon BankYuanta Securities Co,Chinatrust Bank,XS2110106064,https://mopsov.twse.com.tw/mops/web/t113sb02?encodeURIComponent=1&firstin=true&id=&colorchg=&TYPEK=all&step=11&co_id=E0004&MONYR_REG=202202&BOND_ID=F01150&KIND=A
20260905,F03919,P22DBS2,DBS Bank Ltd.,20220222,20620222,40,USD,100000000,0,3.22,Applicable,5.000 x 1.000,National SecuritiesSinoPac Securities,SinoPac Securities,XS2309282155,https://mopsov.twse.com.tw/mops/web/t113sb02?encodeURIComponent=1&firstin=true&id=&colorchg=&TYPEK=all&step=11&co_id=E0026&MONYR_REG=202202&BOND_ID=F03919&KIND=A
20260905,F16606,P22ADCBU2,Abu Dhabi Commercial Bank PJSC,20220223,20620223,40,USD,170000000,0,4,Applicable,5.000 x 5.000,Chinatrust BankE.SUN BankYuanta Securities Co,Yuanta Securities Co,XS2439731634,https://mopsov.twse.com.tw/mops/web/t113sb02?encodeURIComponent=1&firstin=true&id=&colorchg=&TYPEK=all&step=11&co_id=E0136&MONYR_REG=202202&BOND_ID=F16606&KIND=A
20260905,F08421,P22NBC2,National Bank of Canada,20220302,20620302,40,USD,100000000,0,3.9,Applicable,5.000 x 1.000,KGI Securities,KGI Securities,XS2446372729,https://mopsov.twse.com.tw/mops/web/t113sb02?encodeURIComponent=1&firstin=true&id=&colorchg=&TYPEK=all&step=11&co_id=E0061&MONYR_REG=202203&BOND_ID=F08421&KIND=A
20260905,F18401,P22NEECH1,NextEra Energy Capital Holdings Inc.,20220324,20620324,40,USD,275000000,4.300,0,Applicable,5.000 x 1.000,BNP PARIBAS TAIWANCACIB TaipeiJPMorganMorgan Stanley,BNP PARIBAS TAIWAN,XS2456252860,https://mopsov.twse.com.tw/mops/web/t113sb02?encodeURIComponent=1&firstin=true&id=&colorchg=&TYPEK=all&step=11&co_id=E0152&MONYR_REG=202203&BOND_ID=F18401&KIND=A
20260905,F09930,P22BNS3,The Bank Of Nova Scotia,20220407,20620407,40,USD,80000000,0,4.09,Applicable,5.000 x 1.000,KGI Securities,KGI Securities,XS2457268725,https://mopsov.twse.com.tw/mops/web/t113sb02?encodeURIComponent=1&firstin=true&id=&colorchg=&TYPEK=all&step=11&co_id=E0075&MONYR_REG=202204&BOND_ID=F09930&KIND=A
20260905,F17201,P21UMS1,United Mexican States,20210119,20710419,50.25,USD,3000000000,3.750,0,Applicable,Not a complete month or multiples.Please refer to the prospectus.,DeutscheBankAGTPEGoldman Sachs TaipeiHSBC Bank(Taiwan)LtdMorgan Stanley,DeutscheBankAGTPE,XS2280637039,https://mopsov.twse.com.tw/mops/web/t113sb02?encodeURIComponent=1&firstin=true&id=&colorchg=&TYPEK=all&step=11&co_id=E0140&MONYR_REG=202101&BOND_ID=F17201&KIND=A
20260905,F02805,P15ESUN4,玉山商業銀行股份有限公司,20151028,29101231,99.9,USD,43000000,5.100,0,Applicable,15.000 x 0.083,Yuanta Securities Cosell the bond itself,Not Applicatible,TW000F028055,https://mopsov.twse.com.tw/mops/web/t120sg01?TYPEK=&bond_id=F02805&bond_kind=3&bond_subn=%24M00000001&bond_yrn=104-4&come=2&encodeURIComponent=1&firstin=true&issuer_stock_code=5847&monyr_reg=202609&pg=&step=0&tg=
20260905,F02809,P16ESUN4,玉山商業銀行股份有限公司,20160606,29101231,99.9,USD,95000000,4.410,0,Applicable,15.000 x 0.083,HSBC Bank(Taiwan)LtdYuanta Securities Co,Yuanta Securities Co,TW000F028097,https://mopsov.twse.com.tw/mops/web/t120sg01?TYPEK=&bond_id=F02809&bond_kind=3&bond_subn=%24M00000001&bond_yrn=105-4&come=2&encodeURIComponent=1&firstin=true&issuer_stock_code=5847&monyr_reg=202609&pg=&step=0&tg=
20260905,F02807,P16ESUN2,玉山商業銀行股份有限公司,20160122,29101231,99.9,USD,240000000,5.100,0,Applicable,15.000 x 0.083,HSBC Bank(Taiwan)LtdPresident SecuritiesYuanta Securities Co,Not Applicatible,TW000F028071,https://mopsov.twse.com.tw/mops/web/t120sg01?TYPEK=&bond_id=F02807&bond_kind=3&bond_subn=%24M00000001&bond_yrn=105-2&come=2&encodeURIComponent=1&firstin=true&issuer_stock_code=5847&monyr_reg=202609&pg=&step=0&tg=
20260905,F02813,P18ESUN1,玉山商業銀行股份有限公司,20180212,29101231,99.9,USD,200000000,4.750,0,Applicable,15.000 x 0.083,HSBC Bank(Taiwan)LtdYuanta Securities Co,Yuanta Securities Co,TW000F028139,https://mopsov.twse.com.tw/mops/web/t120sg01?TYPEK=&bond_id=F02813&bond_kind=3&bond_subn=%24M00000001&bond_yrn=107-1&come=2&encodeURIComponent=1&firstin=true&issuer_stock_code=5847&monyr_reg=202609&pg=&step=0&tg=
20260905,F02803,P15ESUN2,玉山商業銀行股份有限公司,20150527,29101231,99.9,USD,85000000,4.970,0,Applicable,15.000 x 0.083,E.SUN Banksell the bond itself,Not Applicatible,TW000F028030,https://mopsov.twse.com.tw/mops/web/t120sg01?TYPEK=&bond_id=F02803&bond_kind=3&bond_subn=%24M00000001&bond_yrn=104-2&come=2&encodeURIComponent=1&firstin=true&issuer_stock_code=5847&monyr_reg=202609&pg=&step=0&tg=
20260905,F02810,P16ESUN5,玉山商業銀行股份有限公司,20161229,29101231,99.9,USD,90000000,4.850,0,Applicable,15.000 x 0.083,Yuanta Securities Co,Yuanta Securities Co,TW000F028105,https://mopsov.twse.com.tw/mops/web/t120sg01?TYPEK=&bond_id=F02810&bond_kind=3&bond_subn=%24M00000001&bond_yrn=105-5&come=2&encodeURIComponent=1&firstin=true&issuer_stock_code=5847&monyr_reg=202609&pg=&step=0&tg=
20260905,F02273,22SG8,Societe Generale,20220920,20270920,5,AUD,4000000,5.000,0,Not Applicable,Not Applicable,E.SUN BankSinoPac Securities,SinoPac Securities,XS2347721396,https://mopsov.twse.com.tw/mops/web/t113sb02?encodeURIComponent=1&firstin=true&id=&colorchg=&TYPEK=all&step=11&co_id=E0010&MONYR_REG=202209&BOND_ID=F02273&KIND=A
20260905,F02276,22SG11,Societe Generale,20221219,20281219,6,USD,668000,0,3.44,Not Applicable,Not Applicable,SinoPac Securities,SinoPac Securities,XS2508053811,https://mopsov.twse.com.tw/mops/web/t113sb02?encodeURIComponent=1&firstin=true&id=&colorchg=&TYPEK=all&step=11&co_id=E0010&MONYR_REG=202212&BOND_ID=F02276&KIND=A
20260905,F04202,14CUB2,國泰世華商業銀行股份有限公司,20141008,20291008,15,USD,330000000,4.000,0,Not Applicable,Not Applicable,CATHAY SECURITIES COE.SUN Banksell the bond itself,Not Applicatible,TW000F042023,https://mopsov.twse.com.tw/mops/web/t120sg01?TYPEK=&bond_id=F04202&bond_kind=3&bond_subn=%24M00000001&bond_yrn=103-3&come=2&encodeURIComponent=1&firstin=true&issuer_stock_code=5835&monyr_reg=202608&pg=&step=0&tg=
20260905,F02281,23SG4,Societe Generale,20231124,20311124,8,AUD,415150000,5.100,0,Not Applicable,Not Applicable,SinoPac Securities,SinoPac Securities,XS2659587880,https://mopsov.twse.com.tw/mops/web/t113sb02?encodeURIComponent=1&firstin=true&id=&colorchg=&TYPEK=all&step=11&co_id=E0010&MONYR_REG=202311&BOND_ID=F02281&KIND=A
20260905,F02660,24CACIB4,CREDIT AGRICOLE CORPORATE AND INVESTMENT BANK,20240814,20320814,8,NZD,11230000,4.850,0,Not Applicable,Not Applicable,SinoPac Securities,SinoPac Securities,XS2559722868,https://mopsov.twse.com.tw/mops/web/t113sb02?encodeURIComponent=1&firstin=true&id=&colorchg=&TYPEK=all&step=11&co_id=E0014&MONYR_REG=202408&BOND_ID=F02660&KIND=A
20260905,F02275,22SG10,Societe Generale,20221216,20321216,10,USD,4770000,0,4.21,Not Applicable,Not Applicable,SinoPac Securities,SinoPac Securities,XS2558057381,https://mopsov.twse.com.tw/mops/web/t113sb02?encodeURIComponent=1&firstin=true&id=&colorchg=&TYPEK=all&step=11&co_id=E0010&MONYR_REG=202212&BOND_ID=F02275&KIND=A
20260905,F04201,14CUB1,國泰世華商業銀行股份有限公司,20141008,29101231,99.9,USD,660000000,5.100,0,Applicable,12.000 x 0.083,Cathay United Banksell the bond itself,Not Applicatible,TW000F042015,https://mopsov.twse.com.tw/mops/web/t120sg01?TYPEK=&bond_id=F04201&bond_kind=3&bond_subn=%24M00000001&bond_yrn=103-2&come=2&encodeURIComponent=1&firstin=true&issuer_stock_code=5835&monyr_reg=202608&pg=&step=0&tg=
