line_code,line_label_en,line_label_zh,obs_month,retrieved_at,source_doc,source_url,value_ntd_mn,vintage
foreign_assets,Foreign assets,國外資產,2016-12-01,2026-09-04T00:19:01.524875+00:00,"CBC Financial Statistics Monthly, appendix table 8 (life insurance companies' balance sheet)",https://www.cbc.gov.tw/public/data/EBOOKXLS/065_EF67_A4L.csv,12076776,2026-07-01
loans,Loans,放款,2016-12-01,2026-09-04T00:19:01.524875+00:00,"CBC Financial Statistics Monthly, appendix table 8 (life insurance companies' balance sheet)",https://www.cbc.gov.tw/public/data/EBOOKXLS/065_EF67_A4L.csv,1495752,2026-07-01
portfolio_nonfin_total,"Portfolio investments in entities excluding financial institutions, subtotal",對非金融機構證券投資 計,2016-12-01,2026-09-04T00:19:01.524875+00:00,"CBC Financial Statistics Monthly, appendix table 8 (life insurance companies' balance sheet)",https://www.cbc.gov.tw/public/data/EBOOKXLS/065_EF67_A4L.csv,3688155,2026-07-01
portfolio_nonfin_govt,Government agencies,政府機關,2016-12-01,2026-09-04T00:19:01.524875+00:00,"CBC Financial Statistics Monthly, appendix table 8 (life insurance companies' balance sheet)",https://www.cbc.gov.tw/public/data/EBOOKXLS/065_EF67_A4L.csv,1754221,2026-07-01
portfolio_nonfin_govt_ent,Government enterprises,公營事業,2016-12-01,2026-09-04T00:19:01.524875+00:00,"CBC Financial Statistics Monthly, appendix table 8 (life insurance companies' balance sheet)",https://www.cbc.gov.tw/public/data/EBOOKXLS/065_EF67_A4L.csv,146988,2026-07-01
portfolio_nonfin_private,Private enterprises,民營企業,2016-12-01,2026-09-04T00:19:01.524875+00:00,"CBC Financial Statistics Monthly, appendix table 8 (life insurance companies' balance sheet)",https://www.cbc.gov.tw/public/data/EBOOKXLS/065_EF67_A4L.csv,1786946,2026-07-01
portfolio_fin,Portfolio investments in financial institutions,對金融機構證券投資,2016-12-01,2026-09-04T00:19:01.524875+00:00,"CBC Financial Statistics Monthly, appendix table 8 (life insurance companies' balance sheet)",https://www.cbc.gov.tw/public/data/EBOOKXLS/065_EF67_A4L.csv,779334,2026-07-01
real_estate,Real estate investments,不動產投資,2016-12-01,2026-09-04T00:19:01.524875+00:00,"CBC Financial Statistics Monthly, appendix table 8 (life insurance companies' balance sheet)",https://www.cbc.gov.tw/public/data/EBOOKXLS/065_EF67_A4L.csv,990245,2026-07-01
claims_on_fin,Claims on financial institutions,對金融機構債權,2016-12-01,2026-09-04T00:19:01.524875+00:00,"CBC Financial Statistics Monthly, appendix table 8 (life insurance companies' balance sheet)",https://www.cbc.gov.tw/public/data/EBOOKXLS/065_EF67_A4L.csv,665448,2026-07-01
cash_in_vaults,Cash in vaults,庫存現金,2016-12-01,2026-09-04T00:19:01.524875+00:00,"CBC Financial Statistics Monthly, appendix table 8 (life insurance companies' balance sheet)",https://www.cbc.gov.tw/public/data/EBOOKXLS/065_EF67_A4L.csv,322,2026-07-01
other_assets,Other assets,其他資產,2016-12-01,2026-09-04T00:19:01.524875+00:00,"CBC Financial Statistics Monthly, appendix table 8 (life insurance companies' balance sheet)",https://www.cbc.gov.tw/public/data/EBOOKXLS/065_EF67_A4L.csv,2552781,2026-07-01
total_assets,Total assets = total liabilities and equity,資產合計,2016-12-01,2026-09-04T00:19:01.524875+00:00,"CBC Financial Statistics Monthly, appendix table 8 (life insurance companies' balance sheet)",https://www.cbc.gov.tw/public/data/EBOOKXLS/065_EF67_A4L.csv,22248813,2026-07-01
life_and_ic_liabilities,Life insurance and investment contract liabilities,人壽保險與投資合約負債,2016-12-01,2026-09-04T00:19:01.524875+00:00,"CBC Financial Statistics Monthly, appendix table 8 (life insurance companies' balance sheet)",https://www.cbc.gov.tw/public/data/EBOOKXLS/065_EF67_A4L.csv,18944639,2026-07-01
other_liabilities,Other liabilities,其他負債,2016-12-01,2026-09-04T00:19:01.524875+00:00,"CBC Financial Statistics Monthly, appendix table 8 (life insurance companies' balance sheet)",https://www.cbc.gov.tw/public/data/EBOOKXLS/065_EF67_A4L.csv,2191014,2026-07-01
equity,Equity,權益,2016-12-01,2026-09-04T00:19:01.524875+00:00,"CBC Financial Statistics Monthly, appendix table 8 (life insurance companies' balance sheet)",https://www.cbc.gov.tw/public/data/EBOOKXLS/065_EF67_A4L.csv,1113160,2026-07-01
foreign_assets,Foreign assets,國外資產,2017-12-01,2026-09-04T00:19:01.524875+00:00,"CBC Financial Statistics Monthly, appendix table 8 (life insurance companies' balance sheet)",https://www.cbc.gov.tw/public/data/EBOOKXLS/065_EF67_A4L.csv,13532601,2026-07-01
loans,Loans,放款,2017-12-01,2026-09-04T00:19:01.524875+00:00,"CBC Financial Statistics Monthly, appendix table 8 (life insurance companies' balance sheet)",https://www.cbc.gov.tw/public/data/EBOOKXLS/065_EF67_A4L.csv,1476852,2026-07-01
portfolio_nonfin_total,"Portfolio investments in entities excluding financial institutions, subtotal",對非金融機構證券投資 計,2017-12-01,2026-09-04T00:19:01.524875+00:00,"CBC Financial Statistics Monthly, appendix table 8 (life insurance companies' balance sheet)",https://www.cbc.gov.tw/public/data/EBOOKXLS/065_EF67_A4L.csv,3973874,2026-07-01
portfolio_nonfin_govt,Government agencies,政府機關,2017-12-01,2026-09-04T00:19:01.524875+00:00,"CBC Financial Statistics Monthly, appendix table 8 (life insurance companies' balance sheet)",https://www.cbc.gov.tw/public/data/EBOOKXLS/065_EF67_A4L.csv,1724651,2026-07-01
portfolio_nonfin_govt_ent,Government enterprises,公營事業,2017-12-01,2026-09-04T00:19:01.524875+00:00,"CBC Financial Statistics Monthly, appendix table 8 (life insurance companies' balance sheet)",https://www.cbc.gov.tw/public/data/EBOOKXLS/065_EF67_A4L.csv,128723,2026-07-01
portfolio_nonfin_private,Private enterprises,民營企業,2017-12-01,2026-09-04T00:19:01.524875+00:00,"CBC Financial Statistics Monthly, appendix table 8 (life insurance companies' balance sheet)",https://www.cbc.gov.tw/public/data/EBOOKXLS/065_EF67_A4L.csv,2120500,2026-07-01
portfolio_fin,Portfolio investments in financial institutions,對金融機構證券投資,2017-12-01,2026-09-04T00:19:01.524875+00:00,"CBC Financial Statistics Monthly, appendix table 8 (life insurance companies' balance sheet)",https://www.cbc.gov.tw/public/data/EBOOKXLS/065_EF67_A4L.csv,761169,2026-07-01
real_estate,Real estate investments,不動產投資,2017-12-01,2026-09-04T00:19:01.524875+00:00,"CBC Financial Statistics Monthly, appendix table 8 (life insurance companies' balance sheet)",https://www.cbc.gov.tw/public/data/EBOOKXLS/065_EF67_A4L.csv,1018364,2026-07-01
claims_on_fin,Claims on financial institutions,對金融機構債權,2017-12-01,2026-09-04T00:19:01.524875+00:00,"CBC Financial Statistics Monthly, appendix table 8 (life insurance companies' balance sheet)",https://www.cbc.gov.tw/public/data/EBOOKXLS/065_EF67_A4L.csv,934271,2026-07-01
cash_in_vaults,Cash in vaults,庫存現金,2017-12-01,2026-09-04T00:19:01.524875+00:00,"CBC Financial Statistics Monthly, appendix table 8 (life insurance companies' balance sheet)",https://www.cbc.gov.tw/public/data/EBOOKXLS/065_EF67_A4L.csv,317,2026-07-01
other_assets,Other assets,其他資產,2017-12-01,2026-09-04T00:19:01.524875+00:00,"CBC Financial Statistics Monthly, appendix table 8 (life insurance companies' balance sheet)",https://www.cbc.gov.tw/public/data/EBOOKXLS/065_EF67_A4L.csv,2764329,2026-07-01
total_assets,Total assets = total liabilities and equity,資產合計,2017-12-01,2026-09-04T00:19:01.524875+00:00,"CBC Financial Statistics Monthly, appendix table 8 (life insurance companies' balance sheet)",https://www.cbc.gov.tw/public/data/EBOOKXLS/065_EF67_A4L.csv,24461777,2026-07-01
life_and_ic_liabilities,Life insurance and investment contract liabilities,人壽保險與投資合約負債,2017-12-01,2026-09-04T00:19:01.524875+00:00,"CBC Financial Statistics Monthly, appendix table 8 (life insurance companies' balance sheet)",https://www.cbc.gov.tw/public/data/EBOOKXLS/065_EF67_A4L.csv,20760292,2026-07-01
other_liabilities,Other liabilities,其他負債,2017-12-01,2026-09-04T00:19:01.524875+00:00,"CBC Financial Statistics Monthly, appendix table 8 (life insurance companies' balance sheet)",https://www.cbc.gov.tw/public/data/EBOOKXLS/065_EF67_A4L.csv,2337494,2026-07-01
equity,Equity,權益,2017-12-01,2026-09-04T00:19:01.524875+00:00,"CBC Financial Statistics Monthly, appendix table 8 (life insurance companies' balance sheet)",https://www.cbc.gov.tw/public/data/EBOOKXLS/065_EF67_A4L.csv,1363991,2026-07-01
foreign_assets,Foreign assets,國外資產,2018-12-01,2026-09-04T00:19:01.524875+00:00,"CBC Financial Statistics Monthly, appendix table 8 (life insurance companies' balance sheet)",https://www.cbc.gov.tw/public/data/EBOOKXLS/065_EF67_A4L.csv,15597241,2026-07-01
loans,Loans,放款,2018-12-01,2026-09-04T00:19:01.524875+00:00,"CBC Financial Statistics Monthly, appendix table 8 (life insurance companies' balance sheet)",https://www.cbc.gov.tw/public/data/EBOOKXLS/065_EF67_A4L.csv,1468548,2026-07-01
portfolio_nonfin_total,"Portfolio investments in entities excluding financial institutions, subtotal",對非金融機構證券投資 計,2018-12-01,2026-09-04T00:19:01.524875+00:00,"CBC Financial Statistics Monthly, appendix table 8 (life insurance companies' balance sheet)",https://www.cbc.gov.tw/public/data/EBOOKXLS/065_EF67_A4L.csv,3889983,2026-07-01
portfolio_nonfin_govt,Government agencies,政府機關,2018-12-01,2026-09-04T00:19:01.524875+00:00,"CBC Financial Statistics Monthly, appendix table 8 (life insurance companies' balance sheet)",https://www.cbc.gov.tw/public/data/EBOOKXLS/065_EF67_A4L.csv,1389912,2026-07-01
portfolio_nonfin_govt_ent,Government enterprises,公營事業,2018-12-01,2026-09-04T00:19:01.524875+00:00,"CBC Financial Statistics Monthly, appendix table 8 (life insurance companies' balance sheet)",https://www.cbc.gov.tw/public/data/EBOOKXLS/065_EF67_A4L.csv,113687,2026-07-01
portfolio_nonfin_private,Private enterprises,民營企業,2018-12-01,2026-09-04T00:19:01.524875+00:00,"CBC Financial Statistics Monthly, appendix table 8 (life insurance companies' balance sheet)",https://www.cbc.gov.tw/public/data/EBOOKXLS/065_EF67_A4L.csv,2386384,2026-07-01
portfolio_fin,Portfolio investments in financial institutions,對金融機構證券投資,2018-12-01,2026-09-04T00:19:01.524875+00:00,"CBC Financial Statistics Monthly, appendix table 8 (life insurance companies' balance sheet)",https://www.cbc.gov.tw/public/data/EBOOKXLS/065_EF67_A4L.csv,866781,2026-07-01
real_estate,Real estate investments,不動產投資,2018-12-01,2026-09-04T00:19:01.524875+00:00,"CBC Financial Statistics Monthly, appendix table 8 (life insurance companies' balance sheet)",https://www.cbc.gov.tw/public/data/EBOOKXLS/065_EF67_A4L.csv,1029180,2026-07-01
claims_on_fin,Claims on financial institutions,對金融機構債權,2018-12-01,2026-09-04T00:19:01.524875+00:00,"CBC Financial Statistics Monthly, appendix table 8 (life insurance companies' balance sheet)",https://www.cbc.gov.tw/public/data/EBOOKXLS/065_EF67_A4L.csv,583897,2026-07-01
cash_in_vaults,Cash in vaults,庫存現金,2018-12-01,2026-09-04T00:19:01.524875+00:00,"CBC Financial Statistics Monthly, appendix table 8 (life insurance companies' balance sheet)",https://www.cbc.gov.tw/public/data/EBOOKXLS/065_EF67_A4L.csv,380,2026-07-01
other_assets,Other assets,其他資產,2018-12-01,2026-09-04T00:19:01.524875+00:00,"CBC Financial Statistics Monthly, appendix table 8 (life insurance companies' balance sheet)",https://www.cbc.gov.tw/public/data/EBOOKXLS/065_EF67_A4L.csv,2883508,2026-07-01
total_assets,Total assets = total liabilities and equity,資產合計,2018-12-01,2026-09-04T00:19:01.524875+00:00,"CBC Financial Statistics Monthly, appendix table 8 (life insurance companies' balance sheet)",https://www.cbc.gov.tw/public/data/EBOOKXLS/065_EF67_A4L.csv,26319518,2026-07-01
life_and_ic_liabilities,Life insurance and investment contract liabilities,人壽保險與投資合約負債,2018-12-01,2026-09-04T00:19:01.524875+00:00,"CBC Financial Statistics Monthly, appendix table 8 (life insurance companies' balance sheet)",https://www.cbc.gov.tw/public/data/EBOOKXLS/065_EF67_A4L.csv,22706152,2026-07-01
other_liabilities,Other liabilities,其他負債,2018-12-01,2026-09-04T00:19:01.524875+00:00,"CBC Financial Statistics Monthly, appendix table 8 (life insurance companies' balance sheet)",https://www.cbc.gov.tw/public/data/EBOOKXLS/065_EF67_A4L.csv,2523616,2026-07-01
equity,Equity,權益,2018-12-01,2026-09-04T00:19:01.524875+00:00,"CBC Financial Statistics Monthly, appendix table 8 (life insurance companies' balance sheet)",https://www.cbc.gov.tw/public/data/EBOOKXLS/065_EF67_A4L.csv,1089750,2026-07-01
foreign_assets,Foreign assets,國外資產,2019-12-01,2026-09-04T00:19:01.524875+00:00,"CBC Financial Statistics Monthly, appendix table 8 (life insurance companies' balance sheet)",https://www.cbc.gov.tw/public/data/EBOOKXLS/065_EF67_A4L.csv,16611133,2026-07-01
loans,Loans,放款,2019-12-01,2026-09-04T00:19:01.524875+00:00,"CBC Financial Statistics Monthly, appendix table 8 (life insurance companies' balance sheet)",https://www.cbc.gov.tw/public/data/EBOOKXLS/065_EF67_A4L.csv,1414297,2026-07-01
portfolio_nonfin_total,"Portfolio investments in entities excluding financial institutions, subtotal",對非金融機構證券投資 計,2019-12-01,2026-09-04T00:19:01.524875+00:00,"CBC Financial Statistics Monthly, appendix table 8 (life insurance companies' balance sheet)",https://www.cbc.gov.tw/public/data/EBOOKXLS/065_EF67_A4L.csv,4833260,2026-07-01
portfolio_nonfin_govt,Government agencies,政府機關,2019-12-01,2026-09-04T00:19:01.524875+00:00,"CBC Financial Statistics Monthly, appendix table 8 (life insurance companies' balance sheet)",https://www.cbc.gov.tw/public/data/EBOOKXLS/065_EF67_A4L.csv,1280090,2026-07-01
portfolio_nonfin_govt_ent,Government enterprises,公營事業,2019-12-01,2026-09-04T00:19:01.524875+00:00,"CBC Financial Statistics Monthly, appendix table 8 (life insurance companies' balance sheet)",https://www.cbc.gov.tw/public/data/EBOOKXLS/065_EF67_A4L.csv,108257,2026-07-01
portfolio_nonfin_private,Private enterprises,民營企業,2019-12-01,2026-09-04T00:19:01.524875+00:00,"CBC Financial Statistics Monthly, appendix table 8 (life insurance companies' balance sheet)",https://www.cbc.gov.tw/public/data/EBOOKXLS/065_EF67_A4L.csv,3444913,2026-07-01
portfolio_fin,Portfolio investments in financial institutions,對金融機構證券投資,2019-12-01,2026-09-04T00:19:01.524875+00:00,"CBC Financial Statistics Monthly, appendix table 8 (life insurance companies' balance sheet)",https://www.cbc.gov.tw/public/data/EBOOKXLS/065_EF67_A4L.csv,870305,2026-07-01
real_estate,Real estate investments,不動產投資,2019-12-01,2026-09-04T00:19:01.524875+00:00,"CBC Financial Statistics Monthly, appendix table 8 (life insurance companies' balance sheet)",https://www.cbc.gov.tw/public/data/EBOOKXLS/065_EF67_A4L.csv,1179372,2026-07-01
claims_on_fin,Claims on financial institutions,對金融機構債權,2019-12-01,2026-09-04T00:19:01.524875+00:00,"CBC Financial Statistics Monthly, appendix table 8 (life insurance companies' balance sheet)",https://www.cbc.gov.tw/public/data/EBOOKXLS/065_EF67_A4L.csv,1105740,2026-07-01
cash_in_vaults,Cash in vaults,庫存現金,2019-12-01,2026-09-04T00:19:01.524875+00:00,"CBC Financial Statistics Monthly, appendix table 8 (life insurance companies' balance sheet)",https://www.cbc.gov.tw/public/data/EBOOKXLS/065_EF67_A4L.csv,368,2026-07-01
other_assets,Other assets,其他資產,2019-12-01,2026-09-04T00:19:01.524875+00:00,"CBC Financial Statistics Monthly, appendix table 8 (life insurance companies' balance sheet)",https://www.cbc.gov.tw/public/data/EBOOKXLS/065_EF67_A4L.csv,3374916,2026-07-01
total_assets,Total assets = total liabilities and equity,資產合計,2019-12-01,2026-09-04T00:19:01.524875+00:00,"CBC Financial Statistics Monthly, appendix table 8 (life insurance companies' balance sheet)",https://www.cbc.gov.tw/public/data/EBOOKXLS/065_EF67_A4L.csv,29389391,2026-07-01
life_and_ic_liabilities,Life insurance and investment contract liabilities,人壽保險與投資合約負債,2019-12-01,2026-09-04T00:19:01.524875+00:00,"CBC Financial Statistics Monthly, appendix table 8 (life insurance companies' balance sheet)",https://www.cbc.gov.tw/public/data/EBOOKXLS/065_EF67_A4L.csv,24454701,2026-07-01
other_liabilities,Other liabilities,其他負債,2019-12-01,2026-09-04T00:19:01.524875+00:00,"CBC Financial Statistics Monthly, appendix table 8 (life insurance companies' balance sheet)",https://www.cbc.gov.tw/public/data/EBOOKXLS/065_EF67_A4L.csv,3005038,2026-07-01
equity,Equity,權益,2019-12-01,2026-09-04T00:19:01.524875+00:00,"CBC Financial Statistics Monthly, appendix table 8 (life insurance companies' balance sheet)",https://www.cbc.gov.tw/public/data/EBOOKXLS/065_EF67_A4L.csv,1929652,2026-07-01
foreign_assets,Foreign assets,國外資產,2020-12-01,2026-09-04T00:19:01.524875+00:00,"CBC Financial Statistics Monthly, appendix table 8 (life insurance companies' balance sheet)",https://www.cbc.gov.tw/public/data/EBOOKXLS/065_EF67_A4L.csv,17704310,2026-07-01
loans,Loans,放款,2020-12-01,2026-09-04T00:19:01.524875+00:00,"CBC Financial Statistics Monthly, appendix table 8 (life insurance companies' balance sheet)",https://www.cbc.gov.tw/public/data/EBOOKXLS/065_EF67_A4L.csv,1354083,2026-07-01
portfolio_nonfin_total,"Portfolio investments in entities excluding financial institutions, subtotal",對非金融機構證券投資 計,2020-12-01,2026-09-04T00:19:01.524875+00:00,"CBC Financial Statistics Monthly, appendix table 8 (life insurance companies' balance sheet)",https://www.cbc.gov.tw/public/data/EBOOKXLS/065_EF67_A4L.csv,5565568,2026-07-01
portfolio_nonfin_govt,Government agencies,政府機關,2020-12-01,2026-09-04T00:19:01.524875+00:00,"CBC Financial Statistics Monthly, appendix table 8 (life insurance companies' balance sheet)",https://www.cbc.gov.tw/public/data/EBOOKXLS/065_EF67_A4L.csv,1488606,2026-07-01
portfolio_nonfin_govt_ent,Government enterprises,公營事業,2020-12-01,2026-09-04T00:19:01.524875+00:00,"CBC Financial Statistics Monthly, appendix table 8 (life insurance companies' balance sheet)",https://www.cbc.gov.tw/public/data/EBOOKXLS/065_EF67_A4L.csv,89281,2026-07-01
portfolio_nonfin_private,Private enterprises,民營企業,2020-12-01,2026-09-04T00:19:01.524875+00:00,"CBC Financial Statistics Monthly, appendix table 8 (life insurance companies' balance sheet)",https://www.cbc.gov.tw/public/data/EBOOKXLS/065_EF67_A4L.csv,3987681,2026-07-01
portfolio_fin,Portfolio investments in financial institutions,對金融機構證券投資,2020-12-01,2026-09-04T00:19:01.524875+00:00,"CBC Financial Statistics Monthly, appendix table 8 (life insurance companies' balance sheet)",https://www.cbc.gov.tw/public/data/EBOOKXLS/065_EF67_A4L.csv,887603,2026-07-01
real_estate,Real estate investments,不動產投資,2020-12-01,2026-09-04T00:19:01.524875+00:00,"CBC Financial Statistics Monthly, appendix table 8 (life insurance companies' balance sheet)",https://www.cbc.gov.tw/public/data/EBOOKXLS/065_EF67_A4L.csv,1382299,2026-07-01
claims_on_fin,Claims on financial institutions,對金融機構債權,2020-12-01,2026-09-04T00:19:01.524875+00:00,"CBC Financial Statistics Monthly, appendix table 8 (life insurance companies' balance sheet)",https://www.cbc.gov.tw/public/data/EBOOKXLS/065_EF67_A4L.csv,1285858,2026-07-01
cash_in_vaults,Cash in vaults,庫存現金,2020-12-01,2026-09-04T00:19:01.524875+00:00,"CBC Financial Statistics Monthly, appendix table 8 (life insurance companies' balance sheet)",https://www.cbc.gov.tw/public/data/EBOOKXLS/065_EF67_A4L.csv,372,2026-07-01
other_assets,Other assets,其他資產,2020-12-01,2026-09-04T00:19:01.524875+00:00,"CBC Financial Statistics Monthly, appendix table 8 (life insurance companies' balance sheet)",https://www.cbc.gov.tw/public/data/EBOOKXLS/065_EF67_A4L.csv,3570332,2026-07-01
total_assets,Total assets = total liabilities and equity,資產合計,2020-12-01,2026-09-04T00:19:01.524875+00:00,"CBC Financial Statistics Monthly, appendix table 8 (life insurance companies' balance sheet)",https://www.cbc.gov.tw/public/data/EBOOKXLS/065_EF67_A4L.csv,31750425,2026-07-01
life_and_ic_liabilities,Life insurance and investment contract liabilities,人壽保險與投資合約負債,2020-12-01,2026-09-04T00:19:01.524875+00:00,"CBC Financial Statistics Monthly, appendix table 8 (life insurance companies' balance sheet)",https://www.cbc.gov.tw/public/data/EBOOKXLS/065_EF67_A4L.csv,25979534,2026-07-01
other_liabilities,Other liabilities,其他負債,2020-12-01,2026-09-04T00:19:01.524875+00:00,"CBC Financial Statistics Monthly, appendix table 8 (life insurance companies' balance sheet)",https://www.cbc.gov.tw/public/data/EBOOKXLS/065_EF67_A4L.csv,3252171,2026-07-01
equity,Equity,權益,2020-12-01,2026-09-04T00:19:01.524875+00:00,"CBC Financial Statistics Monthly, appendix table 8 (life insurance companies' balance sheet)",https://www.cbc.gov.tw/public/data/EBOOKXLS/065_EF67_A4L.csv,2518720,2026-07-01
foreign_assets,Foreign assets,國外資產,2021-12-01,2026-09-04T00:19:01.524875+00:00,"CBC Financial Statistics Monthly, appendix table 8 (life insurance companies' balance sheet)",https://www.cbc.gov.tw/public/data/EBOOKXLS/065_EF67_A4L.csv,19046093,2026-07-01
loans,Loans,放款,2021-12-01,2026-09-04T00:19:01.524875+00:00,"CBC Financial Statistics Monthly, appendix table 8 (life insurance companies' balance sheet)",https://www.cbc.gov.tw/public/data/EBOOKXLS/065_EF67_A4L.csv,1339791,2026-07-01
portfolio_nonfin_total,"Portfolio investments in entities excluding financial institutions, subtotal",對非金融機構證券投資 計,2021-12-01,2026-09-04T00:19:01.524875+00:00,"CBC Financial Statistics Monthly, appendix table 8 (life insurance companies' balance sheet)",https://www.cbc.gov.tw/public/data/EBOOKXLS/065_EF67_A4L.csv,5811768,2026-07-01
portfolio_nonfin_govt,Government agencies,政府機關,2021-12-01,2026-09-04T00:19:01.524875+00:00,"CBC Financial Statistics Monthly, appendix table 8 (life insurance companies' balance sheet)",https://www.cbc.gov.tw/public/data/EBOOKXLS/065_EF67_A4L.csv,1481296,2026-07-01
portfolio_nonfin_govt_ent,Government enterprises,公營事業,2021-12-01,2026-09-04T00:19:01.524875+00:00,"CBC Financial Statistics Monthly, appendix table 8 (life insurance companies' balance sheet)",https://www.cbc.gov.tw/public/data/EBOOKXLS/065_EF67_A4L.csv,71272,2026-07-01
portfolio_nonfin_private,Private enterprises,民營企業,2021-12-01,2026-09-04T00:19:01.524875+00:00,"CBC Financial Statistics Monthly, appendix table 8 (life insurance companies' balance sheet)",https://www.cbc.gov.tw/public/data/EBOOKXLS/065_EF67_A4L.csv,4259200,2026-07-01
portfolio_fin,Portfolio investments in financial institutions,對金融機構證券投資,2021-12-01,2026-09-04T00:19:01.524875+00:00,"CBC Financial Statistics Monthly, appendix table 8 (life insurance companies' balance sheet)",https://www.cbc.gov.tw/public/data/EBOOKXLS/065_EF67_A4L.csv,890706,2026-07-01
real_estate,Real estate investments,不動產投資,2021-12-01,2026-09-04T00:19:01.524875+00:00,"CBC Financial Statistics Monthly, appendix table 8 (life insurance companies' balance sheet)",https://www.cbc.gov.tw/public/data/EBOOKXLS/065_EF67_A4L.csv,1416885,2026-07-01
claims_on_fin,Claims on financial institutions,對金融機構債權,2021-12-01,2026-09-04T00:19:01.524875+00:00,"CBC Financial Statistics Monthly, appendix table 8 (life insurance companies' balance sheet)",https://www.cbc.gov.tw/public/data/EBOOKXLS/065_EF67_A4L.csv,1083073,2026-07-01
cash_in_vaults,Cash in vaults,庫存現金,2021-12-01,2026-09-04T00:19:01.524875+00:00,"CBC Financial Statistics Monthly, appendix table 8 (life insurance companies' balance sheet)",https://www.cbc.gov.tw/public/data/EBOOKXLS/065_EF67_A4L.csv,133,2026-07-01
other_assets,Other assets,其他資產,2021-12-01,2026-09-04T00:19:01.524875+00:00,"CBC Financial Statistics Monthly, appendix table 8 (life insurance companies' balance sheet)",https://www.cbc.gov.tw/public/data/EBOOKXLS/065_EF67_A4L.csv,3751642,2026-07-01
total_assets,Total assets = total liabilities and equity,資產合計,2021-12-01,2026-09-04T00:19:01.524875+00:00,"CBC Financial Statistics Monthly, appendix table 8 (life insurance companies' balance sheet)",https://www.cbc.gov.tw/public/data/EBOOKXLS/065_EF67_A4L.csv,33340091,2026-07-01
life_and_ic_liabilities,Life insurance and investment contract liabilities,人壽保險與投資合約負債,2021-12-01,2026-09-04T00:19:01.524875+00:00,"CBC Financial Statistics Monthly, appendix table 8 (life insurance companies' balance sheet)",https://www.cbc.gov.tw/public/data/EBOOKXLS/065_EF67_A4L.csv,27185925,2026-07-01
other_liabilities,Other liabilities,其他負債,2021-12-01,2026-09-04T00:19:01.524875+00:00,"CBC Financial Statistics Monthly, appendix table 8 (life insurance companies' balance sheet)",https://www.cbc.gov.tw/public/data/EBOOKXLS/065_EF67_A4L.csv,3431784,2026-07-01
equity,Equity,權益,2021-12-01,2026-09-04T00:19:01.524875+00:00,"CBC Financial Statistics Monthly, appendix table 8 (life insurance companies' balance sheet)",https://www.cbc.gov.tw/public/data/EBOOKXLS/065_EF67_A4L.csv,2722382,2026-07-01
foreign_assets,Foreign assets,國外資產,2022-12-01,2026-09-04T00:19:01.524875+00:00,"CBC Financial Statistics Monthly, appendix table 8 (life insurance companies' balance sheet)",https://www.cbc.gov.tw/public/data/EBOOKXLS/065_EF67_A4L.csv,20510322,2026-07-01
loans,Loans,放款,2022-12-01,2026-09-04T00:19:01.524875+00:00,"CBC Financial Statistics Monthly, appendix table 8 (life insurance companies' balance sheet)",https://www.cbc.gov.tw/public/data/EBOOKXLS/065_EF67_A4L.csv,1296018,2026-07-01
portfolio_nonfin_total,"Portfolio investments in entities excluding financial institutions, subtotal",對非金融機構證券投資 計,2022-12-01,2026-09-04T00:19:01.524875+00:00,"CBC Financial Statistics Monthly, appendix table 8 (life insurance companies' balance sheet)",https://www.cbc.gov.tw/public/data/EBOOKXLS/065_EF67_A4L.csv,4920471,2026-07-01
portfolio_nonfin_govt,Government agencies,政府機關,2022-12-01,2026-09-04T00:19:01.524875+00:00,"CBC Financial Statistics Monthly, appendix table 8 (life insurance companies' balance sheet)",https://www.cbc.gov.tw/public/data/EBOOKXLS/065_EF67_A4L.csv,1220442,2026-07-01
portfolio_nonfin_govt_ent,Government enterprises,公營事業,2022-12-01,2026-09-04T00:19:01.524875+00:00,"CBC Financial Statistics Monthly, appendix table 8 (life insurance companies' balance sheet)",https://www.cbc.gov.tw/public/data/EBOOKXLS/065_EF67_A4L.csv,82491,2026-07-01
portfolio_nonfin_private,Private enterprises,民營企業,2022-12-01,2026-09-04T00:19:01.524875+00:00,"CBC Financial Statistics Monthly, appendix table 8 (life insurance companies' balance sheet)",https://www.cbc.gov.tw/public/data/EBOOKXLS/065_EF67_A4L.csv,3617538,2026-07-01
portfolio_fin,Portfolio investments in financial institutions,對金融機構證券投資,2022-12-01,2026-09-04T00:19:01.524875+00:00,"CBC Financial Statistics Monthly, appendix table 8 (life insurance companies' balance sheet)",https://www.cbc.gov.tw/public/data/EBOOKXLS/065_EF67_A4L.csv,954710,2026-07-01
real_estate,Real estate investments,不動產投資,2022-12-01,2026-09-04T00:19:01.524875+00:00,"CBC Financial Statistics Monthly, appendix table 8 (life insurance companies' balance sheet)",https://www.cbc.gov.tw/public/data/EBOOKXLS/065_EF67_A4L.csv,1471105,2026-07-01
claims_on_fin,Claims on financial institutions,對金融機構債權,2022-12-01,2026-09-04T00:19:01.524875+00:00,"CBC Financial Statistics Monthly, appendix table 8 (life insurance companies' balance sheet)",https://www.cbc.gov.tw/public/data/EBOOKXLS/065_EF67_A4L.csv,688269,2026-07-01
cash_in_vaults,Cash in vaults,庫存現金,2022-12-01,2026-09-04T00:19:01.524875+00:00,"CBC Financial Statistics Monthly, appendix table 8 (life insurance companies' balance sheet)",https://www.cbc.gov.tw/public/data/EBOOKXLS/065_EF67_A4L.csv,118,2026-07-01
other_assets,Other assets,其他資產,2022-12-01,2026-09-04T00:19:01.524875+00:00,"CBC Financial Statistics Monthly, appendix table 8 (life insurance companies' balance sheet)",https://www.cbc.gov.tw/public/data/EBOOKXLS/065_EF67_A4L.csv,3778462,2026-07-01
total_assets,Total assets = total liabilities and equity,資產合計,2022-12-01,2026-09-04T00:19:01.524875+00:00,"CBC Financial Statistics Monthly, appendix table 8 (life insurance companies' balance sheet)",https://www.cbc.gov.tw/public/data/EBOOKXLS/065_EF67_A4L.csv,33619475,2026-07-01
life_and_ic_liabilities,Life insurance and investment contract liabilities,人壽保險與投資合約負債,2022-12-01,2026-09-04T00:19:01.524875+00:00,"CBC Financial Statistics Monthly, appendix table 8 (life insurance companies' balance sheet)",https://www.cbc.gov.tw/public/data/EBOOKXLS/065_EF67_A4L.csv,28438888,2026-07-01
other_liabilities,Other liabilities,其他負債,2022-12-01,2026-09-04T00:19:01.524875+00:00,"CBC Financial Statistics Monthly, appendix table 8 (life insurance companies' balance sheet)",https://www.cbc.gov.tw/public/data/EBOOKXLS/065_EF67_A4L.csv,3590177,2026-07-01
equity,Equity,權益,2022-12-01,2026-09-04T00:19:01.524875+00:00,"CBC Financial Statistics Monthly, appendix table 8 (life insurance companies' balance sheet)",https://www.cbc.gov.tw/public/data/EBOOKXLS/065_EF67_A4L.csv,1590410,2026-07-01
foreign_assets,Foreign assets,國外資產,2023-12-01,2026-09-04T00:19:01.524875+00:00,"CBC Financial Statistics Monthly, appendix table 8 (life insurance companies' balance sheet)",https://www.cbc.gov.tw/public/data/EBOOKXLS/065_EF67_A4L.csv,21045823,2026-07-01
loans,Loans,放款,2023-12-01,2026-09-04T00:19:01.524875+00:00,"CBC Financial Statistics Monthly, appendix table 8 (life insurance companies' balance sheet)",https://www.cbc.gov.tw/public/data/EBOOKXLS/065_EF67_A4L.csv,1232646,2026-07-01
portfolio_nonfin_total,"Portfolio investments in entities excluding financial institutions, subtotal",對非金融機構證券投資 計,2023-12-01,2026-09-04T00:19:01.524875+00:00,"CBC Financial Statistics Monthly, appendix table 8 (life insurance companies' balance sheet)",https://www.cbc.gov.tw/public/data/EBOOKXLS/065_EF67_A4L.csv,5449475,2026-07-01
portfolio_nonfin_govt,Government agencies,政府機關,2023-12-01,2026-09-04T00:19:01.524875+00:00,"CBC Financial Statistics Monthly, appendix table 8 (life insurance companies' balance sheet)",https://www.cbc.gov.tw/public/data/EBOOKXLS/065_EF67_A4L.csv,1107281,2026-07-01
portfolio_nonfin_govt_ent,Government enterprises,公營事業,2023-12-01,2026-09-04T00:19:01.524875+00:00,"CBC Financial Statistics Monthly, appendix table 8 (life insurance companies' balance sheet)",https://www.cbc.gov.tw/public/data/EBOOKXLS/065_EF67_A4L.csv,73407,2026-07-01
portfolio_nonfin_private,Private enterprises,民營企業,2023-12-01,2026-09-04T00:19:01.524875+00:00,"CBC Financial Statistics Monthly, appendix table 8 (life insurance companies' balance sheet)",https://www.cbc.gov.tw/public/data/EBOOKXLS/065_EF67_A4L.csv,4268787,2026-07-01
portfolio_fin,Portfolio investments in financial institutions,對金融機構證券投資,2023-12-01,2026-09-04T00:19:01.524875+00:00,"CBC Financial Statistics Monthly, appendix table 8 (life insurance companies' balance sheet)",https://www.cbc.gov.tw/public/data/EBOOKXLS/065_EF67_A4L.csv,925925,2026-07-01
real_estate,Real estate investments,不動產投資,2023-12-01,2026-09-04T00:19:01.524875+00:00,"CBC Financial Statistics Monthly, appendix table 8 (life insurance companies' balance sheet)",https://www.cbc.gov.tw/public/data/EBOOKXLS/065_EF67_A4L.csv,1517777,2026-07-01
claims_on_fin,Claims on financial institutions,對金融機構債權,2023-12-01,2026-09-04T00:19:01.524875+00:00,"CBC Financial Statistics Monthly, appendix table 8 (life insurance companies' balance sheet)",https://www.cbc.gov.tw/public/data/EBOOKXLS/065_EF67_A4L.csv,618814,2026-07-01
cash_in_vaults,Cash in vaults,庫存現金,2023-12-01,2026-09-04T00:19:01.524875+00:00,"CBC Financial Statistics Monthly, appendix table 8 (life insurance companies' balance sheet)",https://www.cbc.gov.tw/public/data/EBOOKXLS/065_EF67_A4L.csv,92,2026-07-01
other_assets,Other assets,其他資產,2023-12-01,2026-09-04T00:19:01.524875+00:00,"CBC Financial Statistics Monthly, appendix table 8 (life insurance companies' balance sheet)",https://www.cbc.gov.tw/public/data/EBOOKXLS/065_EF67_A4L.csv,4115255,2026-07-01
total_assets,Total assets = total liabilities and equity,資產合計,2023-12-01,2026-09-04T00:19:01.524875+00:00,"CBC Financial Statistics Monthly, appendix table 8 (life insurance companies' balance sheet)",https://www.cbc.gov.tw/public/data/EBOOKXLS/065_EF67_A4L.csv,34905807,2026-07-01
life_and_ic_liabilities,Life insurance and investment contract liabilities,人壽保險與投資合約負債,2023-12-01,2026-09-04T00:19:01.524875+00:00,"CBC Financial Statistics Monthly, appendix table 8 (life insurance companies' balance sheet)",https://www.cbc.gov.tw/public/data/EBOOKXLS/065_EF67_A4L.csv,28864042,2026-07-01
other_liabilities,Other liabilities,其他負債,2023-12-01,2026-09-04T00:19:01.524875+00:00,"CBC Financial Statistics Monthly, appendix table 8 (life insurance companies' balance sheet)",https://www.cbc.gov.tw/public/data/EBOOKXLS/065_EF67_A4L.csv,3796175,2026-07-01
equity,Equity,權益,2023-12-01,2026-09-04T00:19:01.524875+00:00,"CBC Financial Statistics Monthly, appendix table 8 (life insurance companies' balance sheet)",https://www.cbc.gov.tw/public/data/EBOOKXLS/065_EF67_A4L.csv,2245590,2026-07-01
foreign_assets,Foreign assets,國外資產,2024-10-01,2026-09-04T00:19:01.524875+00:00,"CBC Financial Statistics Monthly, appendix table 8 (life insurance companies' balance sheet)",https://www.cbc.gov.tw/public/data/EBOOKXLS/065_EF67_A4L.csv,21986980,2026-07-01
loans,Loans,放款,2024-10-01,2026-09-04T00:19:01.524875+00:00,"CBC Financial Statistics Monthly, appendix table 8 (life insurance companies' balance sheet)",https://www.cbc.gov.tw/public/data/EBOOKXLS/065_EF67_A4L.csv,1217091,2026-07-01
portfolio_nonfin_total,"Portfolio investments in entities excluding financial institutions, subtotal",對非金融機構證券投資 計,2024-10-01,2026-09-04T00:19:01.524875+00:00,"CBC Financial Statistics Monthly, appendix table 8 (life insurance companies' balance sheet)",https://www.cbc.gov.tw/public/data/EBOOKXLS/065_EF67_A4L.csv,5652398,2026-07-01
portfolio_nonfin_govt,Government agencies,政府機關,2024-10-01,2026-09-04T00:19:01.524875+00:00,"CBC Financial Statistics Monthly, appendix table 8 (life insurance companies' balance sheet)",https://www.cbc.gov.tw/public/data/EBOOKXLS/065_EF67_A4L.csv,1056662,2026-07-01
portfolio_nonfin_govt_ent,Government enterprises,公營事業,2024-10-01,2026-09-04T00:19:01.524875+00:00,"CBC Financial Statistics Monthly, appendix table 8 (life insurance companies' balance sheet)",https://www.cbc.gov.tw/public/data/EBOOKXLS/065_EF67_A4L.csv,69760,2026-07-01
portfolio_nonfin_private,Private enterprises,民營企業,2024-10-01,2026-09-04T00:19:01.524875+00:00,"CBC Financial Statistics Monthly, appendix table 8 (life insurance companies' balance sheet)",https://www.cbc.gov.tw/public/data/EBOOKXLS/065_EF67_A4L.csv,4525976,2026-07-01
portfolio_fin,Portfolio investments in financial institutions,對金融機構證券投資,2024-10-01,2026-09-04T00:19:01.524875+00:00,"CBC Financial Statistics Monthly, appendix table 8 (life insurance companies' balance sheet)",https://www.cbc.gov.tw/public/data/EBOOKXLS/065_EF67_A4L.csv,887688,2026-07-01
real_estate,Real estate investments,不動產投資,2024-10-01,2026-09-04T00:19:01.524875+00:00,"CBC Financial Statistics Monthly, appendix table 8 (life insurance companies' balance sheet)",https://www.cbc.gov.tw/public/data/EBOOKXLS/065_EF67_A4L.csv,1541432,2026-07-01
claims_on_fin,Claims on financial institutions,對金融機構債權,2024-10-01,2026-09-04T00:19:01.524875+00:00,"CBC Financial Statistics Monthly, appendix table 8 (life insurance companies' balance sheet)",https://www.cbc.gov.tw/public/data/EBOOKXLS/065_EF67_A4L.csv,792452,2026-07-01
cash_in_vaults,Cash in vaults,庫存現金,2024-10-01,2026-09-04T00:19:01.524875+00:00,"CBC Financial Statistics Monthly, appendix table 8 (life insurance companies' balance sheet)",https://www.cbc.gov.tw/public/data/EBOOKXLS/065_EF67_A4L.csv,91,2026-07-01
other_assets,Other assets,其他資產,2024-10-01,2026-09-04T00:19:01.524875+00:00,"CBC Financial Statistics Monthly, appendix table 8 (life insurance companies' balance sheet)",https://www.cbc.gov.tw/public/data/EBOOKXLS/065_EF67_A4L.csv,4241898,2026-07-01
total_assets,Total assets = total liabilities and equity,資產合計,2024-10-01,2026-09-04T00:19:01.524875+00:00,"CBC Financial Statistics Monthly, appendix table 8 (life insurance companies' balance sheet)",https://www.cbc.gov.tw/public/data/EBOOKXLS/065_EF67_A4L.csv,36320030,2026-07-01
life_and_ic_liabilities,Life insurance and investment contract liabilities,人壽保險與投資合約負債,2024-10-01,2026-09-04T00:19:01.524875+00:00,"CBC Financial Statistics Monthly, appendix table 8 (life insurance companies' balance sheet)",https://www.cbc.gov.tw/public/data/EBOOKXLS/065_EF67_A4L.csv,29413891,2026-07-01
other_liabilities,Other liabilities,其他負債,2024-10-01,2026-09-04T00:19:01.524875+00:00,"CBC Financial Statistics Monthly, appendix table 8 (life insurance companies' balance sheet)",https://www.cbc.gov.tw/public/data/EBOOKXLS/065_EF67_A4L.csv,4326547,2026-07-01
equity,Equity,權益,2024-10-01,2026-09-04T00:19:01.524875+00:00,"CBC Financial Statistics Monthly, appendix table 8 (life insurance companies' balance sheet)",https://www.cbc.gov.tw/public/data/EBOOKXLS/065_EF67_A4L.csv,2579592,2026-07-01
foreign_assets,Foreign assets,國外資產,2024-11-01,2026-09-04T00:19:01.524875+00:00,"CBC Financial Statistics Monthly, appendix table 8 (life insurance companies' balance sheet)",https://www.cbc.gov.tw/public/data/EBOOKXLS/065_EF67_A4L.csv,22327515,2026-07-01
loans,Loans,放款,2024-11-01,2026-09-04T00:19:01.524875+00:00,"CBC Financial Statistics Monthly, appendix table 8 (life insurance companies' balance sheet)",https://www.cbc.gov.tw/public/data/EBOOKXLS/065_EF67_A4L.csv,1227690,2026-07-01
portfolio_nonfin_total,"Portfolio investments in entities excluding financial institutions, subtotal",對非金融機構證券投資 計,2024-11-01,2026-09-04T00:19:01.524875+00:00,"CBC Financial Statistics Monthly, appendix table 8 (life insurance companies' balance sheet)",https://www.cbc.gov.tw/public/data/EBOOKXLS/065_EF67_A4L.csv,5725674,2026-07-01
portfolio_nonfin_govt,Government agencies,政府機關,2024-11-01,2026-09-04T00:19:01.524875+00:00,"CBC Financial Statistics Monthly, appendix table 8 (life insurance companies' balance sheet)",https://www.cbc.gov.tw/public/data/EBOOKXLS/065_EF67_A4L.csv,1048182,2026-07-01
portfolio_nonfin_govt_ent,Government enterprises,公營事業,2024-11-01,2026-09-04T00:19:01.524875+00:00,"CBC Financial Statistics Monthly, appendix table 8 (life insurance companies' balance sheet)",https://www.cbc.gov.tw/public/data/EBOOKXLS/065_EF67_A4L.csv,69516,2026-07-01
portfolio_nonfin_private,Private enterprises,民營企業,2024-11-01,2026-09-04T00:19:01.524875+00:00,"CBC Financial Statistics Monthly, appendix table 8 (life insurance companies' balance sheet)",https://www.cbc.gov.tw/public/data/EBOOKXLS/065_EF67_A4L.csv,4607976,2026-07-01
portfolio_fin,Portfolio investments in financial institutions,對金融機構證券投資,2024-11-01,2026-09-04T00:19:01.524875+00:00,"CBC Financial Statistics Monthly, appendix table 8 (life insurance companies' balance sheet)",https://www.cbc.gov.tw/public/data/EBOOKXLS/065_EF67_A4L.csv,872201,2026-07-01
real_estate,Real estate investments,不動產投資,2024-11-01,2026-09-04T00:19:01.524875+00:00,"CBC Financial Statistics Monthly, appendix table 8 (life insurance companies' balance sheet)",https://www.cbc.gov.tw/public/data/EBOOKXLS/065_EF67_A4L.csv,1540475,2026-07-01
claims_on_fin,Claims on financial institutions,對金融機構債權,2024-11-01,2026-09-04T00:19:01.524875+00:00,"CBC Financial Statistics Monthly, appendix table 8 (life insurance companies' balance sheet)",https://www.cbc.gov.tw/public/data/EBOOKXLS/065_EF67_A4L.csv,716371,2026-07-01
cash_in_vaults,Cash in vaults,庫存現金,2024-11-01,2026-09-04T00:19:01.524875+00:00,"CBC Financial Statistics Monthly, appendix table 8 (life insurance companies' balance sheet)",https://www.cbc.gov.tw/public/data/EBOOKXLS/065_EF67_A4L.csv,93,2026-07-01
other_assets,Other assets,其他資產,2024-11-01,2026-09-04T00:19:01.524875+00:00,"CBC Financial Statistics Monthly, appendix table 8 (life insurance companies' balance sheet)",https://www.cbc.gov.tw/public/data/EBOOKXLS/065_EF67_A4L.csv,4271658,2026-07-01
total_assets,Total assets = total liabilities and equity,資產合計,2024-11-01,2026-09-04T00:19:01.524875+00:00,"CBC Financial Statistics Monthly, appendix table 8 (life insurance companies' balance sheet)",https://www.cbc.gov.tw/public/data/EBOOKXLS/065_EF67_A4L.csv,36681677,2026-07-01
life_and_ic_liabilities,Life insurance and investment contract liabilities,人壽保險與投資合約負債,2024-11-01,2026-09-04T00:19:01.524875+00:00,"CBC Financial Statistics Monthly, appendix table 8 (life insurance companies' balance sheet)",https://www.cbc.gov.tw/public/data/EBOOKXLS/065_EF67_A4L.csv,29547696,2026-07-01
other_liabilities,Other liabilities,其他負債,2024-11-01,2026-09-04T00:19:01.524875+00:00,"CBC Financial Statistics Monthly, appendix table 8 (life insurance companies' balance sheet)",https://www.cbc.gov.tw/public/data/EBOOKXLS/065_EF67_A4L.csv,4503338,2026-07-01
equity,Equity,權益,2024-11-01,2026-09-04T00:19:01.524875+00:00,"CBC Financial Statistics Monthly, appendix table 8 (life insurance companies' balance sheet)",https://www.cbc.gov.tw/public/data/EBOOKXLS/065_EF67_A4L.csv,2630643,2026-07-01
foreign_assets,Foreign assets,國外資產,2024-12-01,2026-09-04T00:19:01.524875+00:00,"CBC Financial Statistics Monthly, appendix table 8 (life insurance companies' balance sheet)",https://www.cbc.gov.tw/public/data/EBOOKXLS/065_EF67_A4L.csv,22471627,2026-07-01
loans,Loans,放款,2024-12-01,2026-09-04T00:19:01.524875+00:00,"CBC Financial Statistics Monthly, appendix table 8 (life insurance companies' balance sheet)",https://www.cbc.gov.tw/public/data/EBOOKXLS/065_EF67_A4L.csv,1234778,2026-07-01
portfolio_nonfin_total,"Portfolio investments in entities excluding financial institutions, subtotal",對非金融機構證券投資 計,2024-12-01,2026-09-04T00:19:01.524875+00:00,"CBC Financial Statistics Monthly, appendix table 8 (life insurance companies' balance sheet)",https://www.cbc.gov.tw/public/data/EBOOKXLS/065_EF67_A4L.csv,5810769,2026-07-01
portfolio_nonfin_govt,Government agencies,政府機關,2024-12-01,2026-09-04T00:19:01.524875+00:00,"CBC Financial Statistics Monthly, appendix table 8 (life insurance companies' balance sheet)",https://www.cbc.gov.tw/public/data/EBOOKXLS/065_EF67_A4L.csv,1045485,2026-07-01
portfolio_nonfin_govt_ent,Government enterprises,公營事業,2024-12-01,2026-09-04T00:19:01.524875+00:00,"CBC Financial Statistics Monthly, appendix table 8 (life insurance companies' balance sheet)",https://www.cbc.gov.tw/public/data/EBOOKXLS/065_EF67_A4L.csv,69431,2026-07-01
portfolio_nonfin_private,Private enterprises,民營企業,2024-12-01,2026-09-04T00:19:01.524875+00:00,"CBC Financial Statistics Monthly, appendix table 8 (life insurance companies' balance sheet)",https://www.cbc.gov.tw/public/data/EBOOKXLS/065_EF67_A4L.csv,4695853,2026-07-01
portfolio_fin,Portfolio investments in financial institutions,對金融機構證券投資,2024-12-01,2026-09-04T00:19:01.524875+00:00,"CBC Financial Statistics Monthly, appendix table 8 (life insurance companies' balance sheet)",https://www.cbc.gov.tw/public/data/EBOOKXLS/065_EF67_A4L.csv,853409,2026-07-01
real_estate,Real estate investments,不動產投資,2024-12-01,2026-09-04T00:19:01.524875+00:00,"CBC Financial Statistics Monthly, appendix table 8 (life insurance companies' balance sheet)",https://www.cbc.gov.tw/public/data/EBOOKXLS/065_EF67_A4L.csv,1555121,2026-07-01
claims_on_fin,Claims on financial institutions,對金融機構債權,2024-12-01,2026-09-04T00:19:01.524875+00:00,"CBC Financial Statistics Monthly, appendix table 8 (life insurance companies' balance sheet)",https://www.cbc.gov.tw/public/data/EBOOKXLS/065_EF67_A4L.csv,649712,2026-07-01
cash_in_vaults,Cash in vaults,庫存現金,2024-12-01,2026-09-04T00:19:01.524875+00:00,"CBC Financial Statistics Monthly, appendix table 8 (life insurance companies' balance sheet)",https://www.cbc.gov.tw/public/data/EBOOKXLS/065_EF67_A4L.csv,95,2026-07-01
other_assets,Other assets,其他資產,2024-12-01,2026-09-04T00:19:01.524875+00:00,"CBC Financial Statistics Monthly, appendix table 8 (life insurance companies' balance sheet)",https://www.cbc.gov.tw/public/data/EBOOKXLS/065_EF67_A4L.csv,4323374,2026-07-01
total_assets,Total assets = total liabilities and equity,資產合計,2024-12-01,2026-09-04T00:19:01.524875+00:00,"CBC Financial Statistics Monthly, appendix table 8 (life insurance companies' balance sheet)",https://www.cbc.gov.tw/public/data/EBOOKXLS/065_EF67_A4L.csv,36898885,2026-07-01
life_and_ic_liabilities,Life insurance and investment contract liabilities,人壽保險與投資合約負債,2024-12-01,2026-09-04T00:19:01.524875+00:00,"CBC Financial Statistics Monthly, appendix table 8 (life insurance companies' balance sheet)",https://www.cbc.gov.tw/public/data/EBOOKXLS/065_EF67_A4L.csv,29649849,2026-07-01
other_liabilities,Other liabilities,其他負債,2024-12-01,2026-09-04T00:19:01.524875+00:00,"CBC Financial Statistics Monthly, appendix table 8 (life insurance companies' balance sheet)",https://www.cbc.gov.tw/public/data/EBOOKXLS/065_EF67_A4L.csv,4663008,2026-07-01
equity,Equity,權益,2024-12-01,2026-09-04T00:19:01.524875+00:00,"CBC Financial Statistics Monthly, appendix table 8 (life insurance companies' balance sheet)",https://www.cbc.gov.tw/public/data/EBOOKXLS/065_EF67_A4L.csv,2586028,2026-07-01
foreign_assets,Foreign assets,國外資產,2025-01-01,2026-09-04T00:19:01.524875+00:00,"CBC Financial Statistics Monthly, appendix table 8 (life insurance companies' balance sheet)",https://www.cbc.gov.tw/public/data/EBOOKXLS/065_EF67_A4L.csv,22463042,2026-07-01
loans,Loans,放款,2025-01-01,2026-09-04T00:19:01.524875+00:00,"CBC Financial Statistics Monthly, appendix table 8 (life insurance companies' balance sheet)",https://www.cbc.gov.tw/public/data/EBOOKXLS/065_EF67_A4L.csv,1234915,2026-07-01
portfolio_nonfin_total,"Portfolio investments in entities excluding financial institutions, subtotal",對非金融機構證券投資 計,2025-01-01,2026-09-04T00:19:01.524875+00:00,"CBC Financial Statistics Monthly, appendix table 8 (life insurance companies' balance sheet)",https://www.cbc.gov.tw/public/data/EBOOKXLS/065_EF67_A4L.csv,5826915,2026-07-01
portfolio_nonfin_govt,Government agencies,政府機關,2025-01-01,2026-09-04T00:19:01.524875+00:00,"CBC Financial Statistics Monthly, appendix table 8 (life insurance companies' balance sheet)",https://www.cbc.gov.tw/public/data/EBOOKXLS/065_EF67_A4L.csv,1044498,2026-07-01
portfolio_nonfin_govt_ent,Government enterprises,公營事業,2025-01-01,2026-09-04T00:19:01.524875+00:00,"CBC Financial Statistics Monthly, appendix table 8 (life insurance companies' balance sheet)",https://www.cbc.gov.tw/public/data/EBOOKXLS/065_EF67_A4L.csv,69447,2026-07-01
portfolio_nonfin_private,Private enterprises,民營企業,2025-01-01,2026-09-04T00:19:01.524875+00:00,"CBC Financial Statistics Monthly, appendix table 8 (life insurance companies' balance sheet)",https://www.cbc.gov.tw/public/data/EBOOKXLS/065_EF67_A4L.csv,4712970,2026-07-01
portfolio_fin,Portfolio investments in financial institutions,對金融機構證券投資,2025-01-01,2026-09-04T00:19:01.524875+00:00,"CBC Financial Statistics Monthly, appendix table 8 (life insurance companies' balance sheet)",https://www.cbc.gov.tw/public/data/EBOOKXLS/065_EF67_A4L.csv,853909,2026-07-01
real_estate,Real estate investments,不動產投資,2025-01-01,2026-09-04T00:19:01.524875+00:00,"CBC Financial Statistics Monthly, appendix table 8 (life insurance companies' balance sheet)",https://www.cbc.gov.tw/public/data/EBOOKXLS/065_EF67_A4L.csv,1558932,2026-07-01
claims_on_fin,Claims on financial institutions,對金融機構債權,2025-01-01,2026-09-04T00:19:01.524875+00:00,"CBC Financial Statistics Monthly, appendix table 8 (life insurance companies' balance sheet)",https://www.cbc.gov.tw/public/data/EBOOKXLS/065_EF67_A4L.csv,582557,2026-07-01
cash_in_vaults,Cash in vaults,庫存現金,2025-01-01,2026-09-04T00:19:01.524875+00:00,"CBC Financial Statistics Monthly, appendix table 8 (life insurance companies' balance sheet)",https://www.cbc.gov.tw/public/data/EBOOKXLS/065_EF67_A4L.csv,107,2026-07-01
other_assets,Other assets,其他資產,2025-01-01,2026-09-04T00:19:01.524875+00:00,"CBC Financial Statistics Monthly, appendix table 8 (life insurance companies' balance sheet)",https://www.cbc.gov.tw/public/data/EBOOKXLS/065_EF67_A4L.csv,4344528,2026-07-01
total_assets,Total assets = total liabilities and equity,資產合計,2025-01-01,2026-09-04T00:19:01.524875+00:00,"CBC Financial Statistics Monthly, appendix table 8 (life insurance companies' balance sheet)",https://www.cbc.gov.tw/public/data/EBOOKXLS/065_EF67_A4L.csv,36864905,2026-07-01
life_and_ic_liabilities,Life insurance and investment contract liabilities,人壽保險與投資合約負債,2025-01-01,2026-09-04T00:19:01.524875+00:00,"CBC Financial Statistics Monthly, appendix table 8 (life insurance companies' balance sheet)",https://www.cbc.gov.tw/public/data/EBOOKXLS/065_EF67_A4L.csv,29691979,2026-07-01
other_liabilities,Other liabilities,其他負債,2025-01-01,2026-09-04T00:19:01.524875+00:00,"CBC Financial Statistics Monthly, appendix table 8 (life insurance companies' balance sheet)",https://www.cbc.gov.tw/public/data/EBOOKXLS/065_EF67_A4L.csv,4578270,2026-07-01
equity,Equity,權益,2025-01-01,2026-09-04T00:19:01.524875+00:00,"CBC Financial Statistics Monthly, appendix table 8 (life insurance companies' balance sheet)",https://www.cbc.gov.tw/public/data/EBOOKXLS/065_EF67_A4L.csv,2594656,2026-07-01
foreign_assets,Foreign assets,國外資產,2025-02-01,2026-09-04T00:19:01.524875+00:00,"CBC Financial Statistics Monthly, appendix table 8 (life insurance companies' balance sheet)",https://www.cbc.gov.tw/public/data/EBOOKXLS/065_EF67_A4L.csv,22481392,2026-07-01
loans,Loans,放款,2025-02-01,2026-09-04T00:19:01.524875+00:00,"CBC Financial Statistics Monthly, appendix table 8 (life insurance companies' balance sheet)",https://www.cbc.gov.tw/public/data/EBOOKXLS/065_EF67_A4L.csv,1239111,2026-07-01
portfolio_nonfin_total,"Portfolio investments in entities excluding financial institutions, subtotal",對非金融機構證券投資 計,2025-02-01,2026-09-04T00:19:01.524875+00:00,"CBC Financial Statistics Monthly, appendix table 8 (life insurance companies' balance sheet)",https://www.cbc.gov.tw/public/data/EBOOKXLS/065_EF67_A4L.csv,5879972,2026-07-01
portfolio_nonfin_govt,Government agencies,政府機關,2025-02-01,2026-09-04T00:19:01.524875+00:00,"CBC Financial Statistics Monthly, appendix table 8 (life insurance companies' balance sheet)",https://www.cbc.gov.tw/public/data/EBOOKXLS/065_EF67_A4L.csv,1026649,2026-07-01
portfolio_nonfin_govt_ent,Government enterprises,公營事業,2025-02-01,2026-09-04T00:19:01.524875+00:00,"CBC Financial Statistics Monthly, appendix table 8 (life insurance companies' balance sheet)",https://www.cbc.gov.tw/public/data/EBOOKXLS/065_EF67_A4L.csv,67170,2026-07-01
portfolio_nonfin_private,Private enterprises,民營企業,2025-02-01,2026-09-04T00:19:01.524875+00:00,"CBC Financial Statistics Monthly, appendix table 8 (life insurance companies' balance sheet)",https://www.cbc.gov.tw/public/data/EBOOKXLS/065_EF67_A4L.csv,4786153,2026-07-01
portfolio_fin,Portfolio investments in financial institutions,對金融機構證券投資,2025-02-01,2026-09-04T00:19:01.524875+00:00,"CBC Financial Statistics Monthly, appendix table 8 (life insurance companies' balance sheet)",https://www.cbc.gov.tw/public/data/EBOOKXLS/065_EF67_A4L.csv,864516,2026-07-01
real_estate,Real estate investments,不動產投資,2025-02-01,2026-09-04T00:19:01.524875+00:00,"CBC Financial Statistics Monthly, appendix table 8 (life insurance companies' balance sheet)",https://www.cbc.gov.tw/public/data/EBOOKXLS/065_EF67_A4L.csv,1559404,2026-07-01
claims_on_fin,Claims on financial institutions,對金融機構債權,2025-02-01,2026-09-04T00:19:01.524875+00:00,"CBC Financial Statistics Monthly, appendix table 8 (life insurance companies' balance sheet)",https://www.cbc.gov.tw/public/data/EBOOKXLS/065_EF67_A4L.csv,613299,2026-07-01
cash_in_vaults,Cash in vaults,庫存現金,2025-02-01,2026-09-04T00:19:01.524875+00:00,"CBC Financial Statistics Monthly, appendix table 8 (life insurance companies' balance sheet)",https://www.cbc.gov.tw/public/data/EBOOKXLS/065_EF67_A4L.csv,90,2026-07-01
other_assets,Other assets,其他資產,2025-02-01,2026-09-04T00:19:01.524875+00:00,"CBC Financial Statistics Monthly, appendix table 8 (life insurance companies' balance sheet)",https://www.cbc.gov.tw/public/data/EBOOKXLS/065_EF67_A4L.csv,4371274,2026-07-01
total_assets,Total assets = total liabilities and equity,資產合計,2025-02-01,2026-09-04T00:19:01.524875+00:00,"CBC Financial Statistics Monthly, appendix table 8 (life insurance companies' balance sheet)",https://www.cbc.gov.tw/public/data/EBOOKXLS/065_EF67_A4L.csv,37009058,2026-07-01
life_and_ic_liabilities,Life insurance and investment contract liabilities,人壽保險與投資合約負債,2025-02-01,2026-09-04T00:19:01.524875+00:00,"CBC Financial Statistics Monthly, appendix table 8 (life insurance companies' balance sheet)",https://www.cbc.gov.tw/public/data/EBOOKXLS/065_EF67_A4L.csv,29798719,2026-07-01
other_liabilities,Other liabilities,其他負債,2025-02-01,2026-09-04T00:19:01.524875+00:00,"CBC Financial Statistics Monthly, appendix table 8 (life insurance companies' balance sheet)",https://www.cbc.gov.tw/public/data/EBOOKXLS/065_EF67_A4L.csv,4570414,2026-07-01
equity,Equity,權益,2025-02-01,2026-09-04T00:19:01.524875+00:00,"CBC Financial Statistics Monthly, appendix table 8 (life insurance companies' balance sheet)",https://www.cbc.gov.tw/public/data/EBOOKXLS/065_EF67_A4L.csv,2639925,2026-07-01
foreign_assets,Foreign assets,國外資產,2025-03-01,2026-09-04T00:19:01.524875+00:00,"CBC Financial Statistics Monthly, appendix table 8 (life insurance companies' balance sheet)",https://www.cbc.gov.tw/public/data/EBOOKXLS/065_EF67_A4L.csv,22644220,2026-07-01
loans,Loans,放款,2025-03-01,2026-09-04T00:19:01.524875+00:00,"CBC Financial Statistics Monthly, appendix table 8 (life insurance companies' balance sheet)",https://www.cbc.gov.tw/public/data/EBOOKXLS/065_EF67_A4L.csv,1249201,2026-07-01
portfolio_nonfin_total,"Portfolio investments in entities excluding financial institutions, subtotal",對非金融機構證券投資 計,2025-03-01,2026-09-04T00:19:01.524875+00:00,"CBC Financial Statistics Monthly, appendix table 8 (life insurance companies' balance sheet)",https://www.cbc.gov.tw/public/data/EBOOKXLS/065_EF67_A4L.csv,5712442,2026-07-01
portfolio_nonfin_govt,Government agencies,政府機關,2025-03-01,2026-09-04T00:19:01.524875+00:00,"CBC Financial Statistics Monthly, appendix table 8 (life insurance companies' balance sheet)",https://www.cbc.gov.tw/public/data/EBOOKXLS/065_EF67_A4L.csv,1012589,2026-07-01
portfolio_nonfin_govt_ent,Government enterprises,公營事業,2025-03-01,2026-09-04T00:19:01.524875+00:00,"CBC Financial Statistics Monthly, appendix table 8 (life insurance companies' balance sheet)",https://www.cbc.gov.tw/public/data/EBOOKXLS/065_EF67_A4L.csv,66623,2026-07-01
portfolio_nonfin_private,Private enterprises,民營企業,2025-03-01,2026-09-04T00:19:01.524875+00:00,"CBC Financial Statistics Monthly, appendix table 8 (life insurance companies' balance sheet)",https://www.cbc.gov.tw/public/data/EBOOKXLS/065_EF67_A4L.csv,4633230,2026-07-01
portfolio_fin,Portfolio investments in financial institutions,對金融機構證券投資,2025-03-01,2026-09-04T00:19:01.524875+00:00,"CBC Financial Statistics Monthly, appendix table 8 (life insurance companies' balance sheet)",https://www.cbc.gov.tw/public/data/EBOOKXLS/065_EF67_A4L.csv,880159,2026-07-01
real_estate,Real estate investments,不動產投資,2025-03-01,2026-09-04T00:19:01.524875+00:00,"CBC Financial Statistics Monthly, appendix table 8 (life insurance companies' balance sheet)",https://www.cbc.gov.tw/public/data/EBOOKXLS/065_EF67_A4L.csv,1561034,2026-07-01
claims_on_fin,Claims on financial institutions,對金融機構債權,2025-03-01,2026-09-04T00:19:01.524875+00:00,"CBC Financial Statistics Monthly, appendix table 8 (life insurance companies' balance sheet)",https://www.cbc.gov.tw/public/data/EBOOKXLS/065_EF67_A4L.csv,625859,2026-07-01
cash_in_vaults,Cash in vaults,庫存現金,2025-03-01,2026-09-04T00:19:01.524875+00:00,"CBC Financial Statistics Monthly, appendix table 8 (life insurance companies' balance sheet)",https://www.cbc.gov.tw/public/data/EBOOKXLS/065_EF67_A4L.csv,89,2026-07-01
other_assets,Other assets,其他資產,2025-03-01,2026-09-04T00:19:01.524875+00:00,"CBC Financial Statistics Monthly, appendix table 8 (life insurance companies' balance sheet)",https://www.cbc.gov.tw/public/data/EBOOKXLS/065_EF67_A4L.csv,4294548,2026-07-01
total_assets,Total assets = total liabilities and equity,資產合計,2025-03-01,2026-09-04T00:19:01.524875+00:00,"CBC Financial Statistics Monthly, appendix table 8 (life insurance companies' balance sheet)",https://www.cbc.gov.tw/public/data/EBOOKXLS/065_EF67_A4L.csv,36967552,2026-07-01
life_and_ic_liabilities,Life insurance and investment contract liabilities,人壽保險與投資合約負債,2025-03-01,2026-09-04T00:19:01.524875+00:00,"CBC Financial Statistics Monthly, appendix table 8 (life insurance companies' balance sheet)",https://www.cbc.gov.tw/public/data/EBOOKXLS/065_EF67_A4L.csv,29912950,2026-07-01
other_liabilities,Other liabilities,其他負債,2025-03-01,2026-09-04T00:19:01.524875+00:00,"CBC Financial Statistics Monthly, appendix table 8 (life insurance companies' balance sheet)",https://www.cbc.gov.tw/public/data/EBOOKXLS/065_EF67_A4L.csv,4637497,2026-07-01
equity,Equity,權益,2025-03-01,2026-09-04T00:19:01.524875+00:00,"CBC Financial Statistics Monthly, appendix table 8 (life insurance companies' balance sheet)",https://www.cbc.gov.tw/public/data/EBOOKXLS/065_EF67_A4L.csv,2417105,2026-07-01
foreign_assets,Foreign assets,國外資產,2025-04-01,2026-09-04T00:19:01.524875+00:00,"CBC Financial Statistics Monthly, appendix table 8 (life insurance companies' balance sheet)",https://www.cbc.gov.tw/public/data/EBOOKXLS/065_EF67_A4L.csv,21756913,2026-07-01
loans,Loans,放款,2025-04-01,2026-09-04T00:19:01.524875+00:00,"CBC Financial Statistics Monthly, appendix table 8 (life insurance companies' balance sheet)",https://www.cbc.gov.tw/public/data/EBOOKXLS/065_EF67_A4L.csv,1259345,2026-07-01
portfolio_nonfin_total,"Portfolio investments in entities excluding financial institutions, subtotal",對非金融機構證券投資 計,2025-04-01,2026-09-04T00:19:01.524875+00:00,"CBC Financial Statistics Monthly, appendix table 8 (life insurance companies' balance sheet)",https://www.cbc.gov.tw/public/data/EBOOKXLS/065_EF67_A4L.csv,5580691,2026-07-01
portfolio_nonfin_govt,Government agencies,政府機關,2025-04-01,2026-09-04T00:19:01.524875+00:00,"CBC Financial Statistics Monthly, appendix table 8 (life insurance companies' balance sheet)",https://www.cbc.gov.tw/public/data/EBOOKXLS/065_EF67_A4L.csv,1011506,2026-07-01
portfolio_nonfin_govt_ent,Government enterprises,公營事業,2025-04-01,2026-09-04T00:19:01.524875+00:00,"CBC Financial Statistics Monthly, appendix table 8 (life insurance companies' balance sheet)",https://www.cbc.gov.tw/public/data/EBOOKXLS/065_EF67_A4L.csv,67534,2026-07-01
portfolio_nonfin_private,Private enterprises,民營企業,2025-04-01,2026-09-04T00:19:01.524875+00:00,"CBC Financial Statistics Monthly, appendix table 8 (life insurance companies' balance sheet)",https://www.cbc.gov.tw/public/data/EBOOKXLS/065_EF67_A4L.csv,4501651,2026-07-01
portfolio_fin,Portfolio investments in financial institutions,對金融機構證券投資,2025-04-01,2026-09-04T00:19:01.524875+00:00,"CBC Financial Statistics Monthly, appendix table 8 (life insurance companies' balance sheet)",https://www.cbc.gov.tw/public/data/EBOOKXLS/065_EF67_A4L.csv,870907,2026-07-01
real_estate,Real estate investments,不動產投資,2025-04-01,2026-09-04T00:19:01.524875+00:00,"CBC Financial Statistics Monthly, appendix table 8 (life insurance companies' balance sheet)",https://www.cbc.gov.tw/public/data/EBOOKXLS/065_EF67_A4L.csv,1563112,2026-07-01
claims_on_fin,Claims on financial institutions,對金融機構債權,2025-04-01,2026-09-04T00:19:01.524875+00:00,"CBC Financial Statistics Monthly, appendix table 8 (life insurance companies' balance sheet)",https://www.cbc.gov.tw/public/data/EBOOKXLS/065_EF67_A4L.csv,775609,2026-07-01
cash_in_vaults,Cash in vaults,庫存現金,2025-04-01,2026-09-04T00:19:01.524875+00:00,"CBC Financial Statistics Monthly, appendix table 8 (life insurance companies' balance sheet)",https://www.cbc.gov.tw/public/data/EBOOKXLS/065_EF67_A4L.csv,96,2026-07-01
other_assets,Other assets,其他資產,2025-04-01,2026-09-04T00:19:01.524875+00:00,"CBC Financial Statistics Monthly, appendix table 8 (life insurance companies' balance sheet)",https://www.cbc.gov.tw/public/data/EBOOKXLS/065_EF67_A4L.csv,4258553,2026-07-01
total_assets,Total assets = total liabilities and equity,資產合計,2025-04-01,2026-09-04T00:19:01.524875+00:00,"CBC Financial Statistics Monthly, appendix table 8 (life insurance companies' balance sheet)",https://www.cbc.gov.tw/public/data/EBOOKXLS/065_EF67_A4L.csv,36065226,2026-07-01
life_and_ic_liabilities,Life insurance and investment contract liabilities,人壽保險與投資合約負債,2025-04-01,2026-09-04T00:19:01.524875+00:00,"CBC Financial Statistics Monthly, appendix table 8 (life insurance companies' balance sheet)",https://www.cbc.gov.tw/public/data/EBOOKXLS/065_EF67_A4L.csv,29660645,2026-07-01
other_liabilities,Other liabilities,其他負債,2025-04-01,2026-09-04T00:19:01.524875+00:00,"CBC Financial Statistics Monthly, appendix table 8 (life insurance companies' balance sheet)",https://www.cbc.gov.tw/public/data/EBOOKXLS/065_EF67_A4L.csv,4187055,2026-07-01
equity,Equity,權益,2025-04-01,2026-09-04T00:19:01.524875+00:00,"CBC Financial Statistics Monthly, appendix table 8 (life insurance companies' balance sheet)",https://www.cbc.gov.tw/public/data/EBOOKXLS/065_EF67_A4L.csv,2217526,2026-07-01
foreign_assets,Foreign assets,國外資產,2025-05-01,2026-09-04T00:19:01.524875+00:00,"CBC Financial Statistics Monthly, appendix table 8 (life insurance companies' balance sheet)",https://www.cbc.gov.tw/public/data/EBOOKXLS/065_EF67_A4L.csv,20461637,2026-07-01
loans,Loans,放款,2025-05-01,2026-09-04T00:19:01.524875+00:00,"CBC Financial Statistics Monthly, appendix table 8 (life insurance companies' balance sheet)",https://www.cbc.gov.tw/public/data/EBOOKXLS/065_EF67_A4L.csv,1259786,2026-07-01
portfolio_nonfin_total,"Portfolio investments in entities excluding financial institutions, subtotal",對非金融機構證券投資 計,2025-05-01,2026-09-04T00:19:01.524875+00:00,"CBC Financial Statistics Monthly, appendix table 8 (life insurance companies' balance sheet)",https://www.cbc.gov.tw/public/data/EBOOKXLS/065_EF67_A4L.csv,5548952,2026-07-01
portfolio_nonfin_govt,Government agencies,政府機關,2025-05-01,2026-09-04T00:19:01.524875+00:00,"CBC Financial Statistics Monthly, appendix table 8 (life insurance companies' balance sheet)",https://www.cbc.gov.tw/public/data/EBOOKXLS/065_EF67_A4L.csv,1012268,2026-07-01
portfolio_nonfin_govt_ent,Government enterprises,公營事業,2025-05-01,2026-09-04T00:19:01.524875+00:00,"CBC Financial Statistics Monthly, appendix table 8 (life insurance companies' balance sheet)",https://www.cbc.gov.tw/public/data/EBOOKXLS/065_EF67_A4L.csv,67031,2026-07-01
portfolio_nonfin_private,Private enterprises,民營企業,2025-05-01,2026-09-04T00:19:01.524875+00:00,"CBC Financial Statistics Monthly, appendix table 8 (life insurance companies' balance sheet)",https://www.cbc.gov.tw/public/data/EBOOKXLS/065_EF67_A4L.csv,4469653,2026-07-01
portfolio_fin,Portfolio investments in financial institutions,對金融機構證券投資,2025-05-01,2026-09-04T00:19:01.524875+00:00,"CBC Financial Statistics Monthly, appendix table 8 (life insurance companies' balance sheet)",https://www.cbc.gov.tw/public/data/EBOOKXLS/065_EF67_A4L.csv,859898,2026-07-01
real_estate,Real estate investments,不動產投資,2025-05-01,2026-09-04T00:19:01.524875+00:00,"CBC Financial Statistics Monthly, appendix table 8 (life insurance companies' balance sheet)",https://www.cbc.gov.tw/public/data/EBOOKXLS/065_EF67_A4L.csv,1563152,2026-07-01
claims_on_fin,Claims on financial institutions,對金融機構債權,2025-05-01,2026-09-04T00:19:01.524875+00:00,"CBC Financial Statistics Monthly, appendix table 8 (life insurance companies' balance sheet)",https://www.cbc.gov.tw/public/data/EBOOKXLS/065_EF67_A4L.csv,1015302,2026-07-01
cash_in_vaults,Cash in vaults,庫存現金,2025-05-01,2026-09-04T00:19:01.524875+00:00,"CBC Financial Statistics Monthly, appendix table 8 (life insurance companies' balance sheet)",https://www.cbc.gov.tw/public/data/EBOOKXLS/065_EF67_A4L.csv,94,2026-07-01
other_assets,Other assets,其他資產,2025-05-01,2026-09-04T00:19:01.524875+00:00,"CBC Financial Statistics Monthly, appendix table 8 (life insurance companies' balance sheet)",https://www.cbc.gov.tw/public/data/EBOOKXLS/065_EF67_A4L.csv,4621470,2026-07-01
total_assets,Total assets = total liabilities and equity,資產合計,2025-05-01,2026-09-04T00:19:01.524875+00:00,"CBC Financial Statistics Monthly, appendix table 8 (life insurance companies' balance sheet)",https://www.cbc.gov.tw/public/data/EBOOKXLS/065_EF67_A4L.csv,35330291,2026-07-01
life_and_ic_liabilities,Life insurance and investment contract liabilities,人壽保險與投資合約負債,2025-05-01,2026-09-04T00:19:01.524875+00:00,"CBC Financial Statistics Monthly, appendix table 8 (life insurance companies' balance sheet)",https://www.cbc.gov.tw/public/data/EBOOKXLS/065_EF67_A4L.csv,29181296,2026-07-01
other_liabilities,Other liabilities,其他負債,2025-05-01,2026-09-04T00:19:01.524875+00:00,"CBC Financial Statistics Monthly, appendix table 8 (life insurance companies' balance sheet)",https://www.cbc.gov.tw/public/data/EBOOKXLS/065_EF67_A4L.csv,4114536,2026-07-01
equity,Equity,權益,2025-05-01,2026-09-04T00:19:01.524875+00:00,"CBC Financial Statistics Monthly, appendix table 8 (life insurance companies' balance sheet)",https://www.cbc.gov.tw/public/data/EBOOKXLS/065_EF67_A4L.csv,2034459,2026-07-01
foreign_assets,Foreign assets,國外資產,2025-06-01,2026-09-04T00:19:01.524875+00:00,"CBC Financial Statistics Monthly, appendix table 8 (life insurance companies' balance sheet)",https://www.cbc.gov.tw/public/data/EBOOKXLS/065_EF67_A4L.csv,20549800,2026-07-01
loans,Loans,放款,2025-06-01,2026-09-04T00:19:01.524875+00:00,"CBC Financial Statistics Monthly, appendix table 8 (life insurance companies' balance sheet)",https://www.cbc.gov.tw/public/data/EBOOKXLS/065_EF67_A4L.csv,1265402,2026-07-01
portfolio_nonfin_total,"Portfolio investments in entities excluding financial institutions, subtotal",對非金融機構證券投資 計,2025-06-01,2026-09-04T00:19:01.524875+00:00,"CBC Financial Statistics Monthly, appendix table 8 (life insurance companies' balance sheet)",https://www.cbc.gov.tw/public/data/EBOOKXLS/065_EF67_A4L.csv,5669740,2026-07-01
portfolio_nonfin_govt,Government agencies,政府機關,2025-06-01,2026-09-04T00:19:01.524875+00:00,"CBC Financial Statistics Monthly, appendix table 8 (life insurance companies' balance sheet)",https://www.cbc.gov.tw/public/data/EBOOKXLS/065_EF67_A4L.csv,995478,2026-07-01
portfolio_nonfin_govt_ent,Government enterprises,公營事業,2025-06-01,2026-09-04T00:19:01.524875+00:00,"CBC Financial Statistics Monthly, appendix table 8 (life insurance companies' balance sheet)",https://www.cbc.gov.tw/public/data/EBOOKXLS/065_EF67_A4L.csv,65750,2026-07-01
portfolio_nonfin_private,Private enterprises,民營企業,2025-06-01,2026-09-04T00:19:01.524875+00:00,"CBC Financial Statistics Monthly, appendix table 8 (life insurance companies' balance sheet)",https://www.cbc.gov.tw/public/data/EBOOKXLS/065_EF67_A4L.csv,4608512,2026-07-01
portfolio_fin,Portfolio investments in financial institutions,對金融機構證券投資,2025-06-01,2026-09-04T00:19:01.524875+00:00,"CBC Financial Statistics Monthly, appendix table 8 (life insurance companies' balance sheet)",https://www.cbc.gov.tw/public/data/EBOOKXLS/065_EF67_A4L.csv,870829,2026-07-01
real_estate,Real estate investments,不動產投資,2025-06-01,2026-09-04T00:19:01.524875+00:00,"CBC Financial Statistics Monthly, appendix table 8 (life insurance companies' balance sheet)",https://www.cbc.gov.tw/public/data/EBOOKXLS/065_EF67_A4L.csv,1595380,2026-07-01
claims_on_fin,Claims on financial institutions,對金融機構債權,2025-06-01,2026-09-04T00:19:01.524875+00:00,"CBC Financial Statistics Monthly, appendix table 8 (life insurance companies' balance sheet)",https://www.cbc.gov.tw/public/data/EBOOKXLS/065_EF67_A4L.csv,1122720,2026-07-01
cash_in_vaults,Cash in vaults,庫存現金,2025-06-01,2026-09-04T00:19:01.524875+00:00,"CBC Financial Statistics Monthly, appendix table 8 (life insurance companies' balance sheet)",https://www.cbc.gov.tw/public/data/EBOOKXLS/065_EF67_A4L.csv,86,2026-07-01
other_assets,Other assets,其他資產,2025-06-01,2026-09-04T00:19:01.524875+00:00,"CBC Financial Statistics Monthly, appendix table 8 (life insurance companies' balance sheet)",https://www.cbc.gov.tw/public/data/EBOOKXLS/065_EF67_A4L.csv,4567652,2026-07-01
total_assets,Total assets = total liabilities and equity,資產合計,2025-06-01,2026-09-04T00:19:01.524875+00:00,"CBC Financial Statistics Monthly, appendix table 8 (life insurance companies' balance sheet)",https://www.cbc.gov.tw/public/data/EBOOKXLS/065_EF67_A4L.csv,35641609,2026-07-01
life_and_ic_liabilities,Life insurance and investment contract liabilities,人壽保險與投資合約負債,2025-06-01,2026-09-04T00:19:01.524875+00:00,"CBC Financial Statistics Monthly, appendix table 8 (life insurance companies' balance sheet)",https://www.cbc.gov.tw/public/data/EBOOKXLS/065_EF67_A4L.csv,29011152,2026-07-01
other_liabilities,Other liabilities,其他負債,2025-06-01,2026-09-04T00:19:01.524875+00:00,"CBC Financial Statistics Monthly, appendix table 8 (life insurance companies' balance sheet)",https://www.cbc.gov.tw/public/data/EBOOKXLS/065_EF67_A4L.csv,4415263,2026-07-01
equity,Equity,權益,2025-06-01,2026-09-04T00:19:01.524875+00:00,"CBC Financial Statistics Monthly, appendix table 8 (life insurance companies' balance sheet)",https://www.cbc.gov.tw/public/data/EBOOKXLS/065_EF67_A4L.csv,2215194,2026-07-01
foreign_assets,Foreign assets,國外資產,2025-07-01,2026-09-04T00:19:01.524875+00:00,"CBC Financial Statistics Monthly, appendix table 8 (life insurance companies' balance sheet)",https://www.cbc.gov.tw/public/data/EBOOKXLS/065_EF67_A4L.csv,20647956,2026-07-01
loans,Loans,放款,2025-07-01,2026-09-04T00:19:01.524875+00:00,"CBC Financial Statistics Monthly, appendix table 8 (life insurance companies' balance sheet)",https://www.cbc.gov.tw/public/data/EBOOKXLS/065_EF67_A4L.csv,1268581,2026-07-01
portfolio_nonfin_total,"Portfolio investments in entities excluding financial institutions, subtotal",對非金融機構證券投資 計,2025-07-01,2026-09-04T00:19:01.524875+00:00,"CBC Financial Statistics Monthly, appendix table 8 (life insurance companies' balance sheet)",https://www.cbc.gov.tw/public/data/EBOOKXLS/065_EF67_A4L.csv,5837490,2026-07-01
portfolio_nonfin_govt,Government agencies,政府機關,2025-07-01,2026-09-04T00:19:01.524875+00:00,"CBC Financial Statistics Monthly, appendix table 8 (life insurance companies' balance sheet)",https://www.cbc.gov.tw/public/data/EBOOKXLS/065_EF67_A4L.csv,1004128,2026-07-01
portfolio_nonfin_govt_ent,Government enterprises,公營事業,2025-07-01,2026-09-04T00:19:01.524875+00:00,"CBC Financial Statistics Monthly, appendix table 8 (life insurance companies' balance sheet)",https://www.cbc.gov.tw/public/data/EBOOKXLS/065_EF67_A4L.csv,72743,2026-07-01
portfolio_nonfin_private,Private enterprises,民營企業,2025-07-01,2026-09-04T00:19:01.524875+00:00,"CBC Financial Statistics Monthly, appendix table 8 (life insurance companies' balance sheet)",https://www.cbc.gov.tw/public/data/EBOOKXLS/065_EF67_A4L.csv,4760619,2026-07-01
portfolio_fin,Portfolio investments in financial institutions,對金融機構證券投資,2025-07-01,2026-09-04T00:19:01.524875+00:00,"CBC Financial Statistics Monthly, appendix table 8 (life insurance companies' balance sheet)",https://www.cbc.gov.tw/public/data/EBOOKXLS/065_EF67_A4L.csv,875795,2026-07-01
real_estate,Real estate investments,不動產投資,2025-07-01,2026-09-04T00:19:01.524875+00:00,"CBC Financial Statistics Monthly, appendix table 8 (life insurance companies' balance sheet)",https://www.cbc.gov.tw/public/data/EBOOKXLS/065_EF67_A4L.csv,1598240,2026-07-01
claims_on_fin,Claims on financial institutions,對金融機構債權,2025-07-01,2026-09-04T00:19:01.524875+00:00,"CBC Financial Statistics Monthly, appendix table 8 (life insurance companies' balance sheet)",https://www.cbc.gov.tw/public/data/EBOOKXLS/065_EF67_A4L.csv,1079642,2026-07-01
cash_in_vaults,Cash in vaults,庫存現金,2025-07-01,2026-09-04T00:19:01.524875+00:00,"CBC Financial Statistics Monthly, appendix table 8 (life insurance companies' balance sheet)",https://www.cbc.gov.tw/public/data/EBOOKXLS/065_EF67_A4L.csv,87,2026-07-01
other_assets,Other assets,其他資產,2025-07-01,2026-09-04T00:19:01.524875+00:00,"CBC Financial Statistics Monthly, appendix table 8 (life insurance companies' balance sheet)",https://www.cbc.gov.tw/public/data/EBOOKXLS/065_EF67_A4L.csv,4462089,2026-07-01
total_assets,Total assets = total liabilities and equity,資產合計,2025-07-01,2026-09-04T00:19:01.524875+00:00,"CBC Financial Statistics Monthly, appendix table 8 (life insurance companies' balance sheet)",https://www.cbc.gov.tw/public/data/EBOOKXLS/065_EF67_A4L.csv,35769880,2026-07-01
life_and_ic_liabilities,Life insurance and investment contract liabilities,人壽保險與投資合約負債,2025-07-01,2026-09-04T00:19:01.524875+00:00,"CBC Financial Statistics Monthly, appendix table 8 (life insurance companies' balance sheet)",https://www.cbc.gov.tw/public/data/EBOOKXLS/065_EF67_A4L.csv,29056649,2026-07-01
other_liabilities,Other liabilities,其他負債,2025-07-01,2026-09-04T00:19:01.524875+00:00,"CBC Financial Statistics Monthly, appendix table 8 (life insurance companies' balance sheet)",https://www.cbc.gov.tw/public/data/EBOOKXLS/065_EF67_A4L.csv,4370427,2026-07-01
equity,Equity,權益,2025-07-01,2026-09-04T00:19:01.524875+00:00,"CBC Financial Statistics Monthly, appendix table 8 (life insurance companies' balance sheet)",https://www.cbc.gov.tw/public/data/EBOOKXLS/065_EF67_A4L.csv,2342804,2026-07-01
foreign_assets,Foreign assets,國外資產,2025-08-01,2026-09-04T00:19:01.524875+00:00,"CBC Financial Statistics Monthly, appendix table 8 (life insurance companies' balance sheet)",https://www.cbc.gov.tw/public/data/EBOOKXLS/065_EF67_A4L.csv,21273886,2026-07-01
loans,Loans,放款,2025-08-01,2026-09-04T00:19:01.524875+00:00,"CBC Financial Statistics Monthly, appendix table 8 (life insurance companies' balance sheet)",https://www.cbc.gov.tw/public/data/EBOOKXLS/065_EF67_A4L.csv,1276902,2026-07-01
portfolio_nonfin_total,"Portfolio investments in entities excluding financial institutions, subtotal",對非金融機構證券投資 計,2025-08-01,2026-09-04T00:19:01.524875+00:00,"CBC Financial Statistics Monthly, appendix table 8 (life insurance companies' balance sheet)",https://www.cbc.gov.tw/public/data/EBOOKXLS/065_EF67_A4L.csv,5973505,2026-07-01
portfolio_nonfin_govt,Government agencies,政府機關,2025-08-01,2026-09-04T00:19:01.524875+00:00,"CBC Financial Statistics Monthly, appendix table 8 (life insurance companies' balance sheet)",https://www.cbc.gov.tw/public/data/EBOOKXLS/065_EF67_A4L.csv,1019799,2026-07-01
portfolio_nonfin_govt_ent,Government enterprises,公營事業,2025-08-01,2026-09-04T00:19:01.524875+00:00,"CBC Financial Statistics Monthly, appendix table 8 (life insurance companies' balance sheet)",https://www.cbc.gov.tw/public/data/EBOOKXLS/065_EF67_A4L.csv,72918,2026-07-01
portfolio_nonfin_private,Private enterprises,民營企業,2025-08-01,2026-09-04T00:19:01.524875+00:00,"CBC Financial Statistics Monthly, appendix table 8 (life insurance companies' balance sheet)",https://www.cbc.gov.tw/public/data/EBOOKXLS/065_EF67_A4L.csv,4880788,2026-07-01
portfolio_fin,Portfolio investments in financial institutions,對金融機構證券投資,2025-08-01,2026-09-04T00:19:01.524875+00:00,"CBC Financial Statistics Monthly, appendix table 8 (life insurance companies' balance sheet)",https://www.cbc.gov.tw/public/data/EBOOKXLS/065_EF67_A4L.csv,879785,2026-07-01
real_estate,Real estate investments,不動產投資,2025-08-01,2026-09-04T00:19:01.524875+00:00,"CBC Financial Statistics Monthly, appendix table 8 (life insurance companies' balance sheet)",https://www.cbc.gov.tw/public/data/EBOOKXLS/065_EF67_A4L.csv,1604529,2026-07-01
claims_on_fin,Claims on financial institutions,對金融機構債權,2025-08-01,2026-09-04T00:19:01.524875+00:00,"CBC Financial Statistics Monthly, appendix table 8 (life insurance companies' balance sheet)",https://www.cbc.gov.tw/public/data/EBOOKXLS/065_EF67_A4L.csv,966392,2026-07-01
cash_in_vaults,Cash in vaults,庫存現金,2025-08-01,2026-09-04T00:19:01.524875+00:00,"CBC Financial Statistics Monthly, appendix table 8 (life insurance companies' balance sheet)",https://www.cbc.gov.tw/public/data/EBOOKXLS/065_EF67_A4L.csv,93,2026-07-01
other_assets,Other assets,其他資產,2025-08-01,2026-09-04T00:19:01.524875+00:00,"CBC Financial Statistics Monthly, appendix table 8 (life insurance companies' balance sheet)",https://www.cbc.gov.tw/public/data/EBOOKXLS/065_EF67_A4L.csv,4415491,2026-07-01
total_assets,Total assets = total liabilities and equity,資產合計,2025-08-01,2026-09-04T00:19:01.524875+00:00,"CBC Financial Statistics Monthly, appendix table 8 (life insurance companies' balance sheet)",https://www.cbc.gov.tw/public/data/EBOOKXLS/065_EF67_A4L.csv,36390583,2026-07-01
life_and_ic_liabilities,Life insurance and investment contract liabilities,人壽保險與投資合約負債,2025-08-01,2026-09-04T00:19:01.524875+00:00,"CBC Financial Statistics Monthly, appendix table 8 (life insurance companies' balance sheet)",https://www.cbc.gov.tw/public/data/EBOOKXLS/065_EF67_A4L.csv,29265149,2026-07-01
other_liabilities,Other liabilities,其他負債,2025-08-01,2026-09-04T00:19:01.524875+00:00,"CBC Financial Statistics Monthly, appendix table 8 (life insurance companies' balance sheet)",https://www.cbc.gov.tw/public/data/EBOOKXLS/065_EF67_A4L.csv,4648010,2026-07-01
equity,Equity,權益,2025-08-01,2026-09-04T00:19:01.524875+00:00,"CBC Financial Statistics Monthly, appendix table 8 (life insurance companies' balance sheet)",https://www.cbc.gov.tw/public/data/EBOOKXLS/065_EF67_A4L.csv,2477424,2026-07-01
foreign_assets,Foreign assets,國外資產,2025-09-01,2026-09-04T00:19:01.524875+00:00,"CBC Financial Statistics Monthly, appendix table 8 (life insurance companies' balance sheet)",https://www.cbc.gov.tw/public/data/EBOOKXLS/065_EF67_A4L.csv,21298308,2026-07-01
loans,Loans,放款,2025-09-01,2026-09-04T00:19:01.524875+00:00,"CBC Financial Statistics Monthly, appendix table 8 (life insurance companies' balance sheet)",https://www.cbc.gov.tw/public/data/EBOOKXLS/065_EF67_A4L.csv,1285764,2026-07-01
portfolio_nonfin_total,"Portfolio investments in entities excluding financial institutions, subtotal",對非金融機構證券投資 計,2025-09-01,2026-09-04T00:19:01.524875+00:00,"CBC Financial Statistics Monthly, appendix table 8 (life insurance companies' balance sheet)",https://www.cbc.gov.tw/public/data/EBOOKXLS/065_EF67_A4L.csv,6105613,2026-07-01
portfolio_nonfin_govt,Government agencies,政府機關,2025-09-01,2026-09-04T00:19:01.524875+00:00,"CBC Financial Statistics Monthly, appendix table 8 (life insurance companies' balance sheet)",https://www.cbc.gov.tw/public/data/EBOOKXLS/065_EF67_A4L.csv,1017256,2026-07-01
portfolio_nonfin_govt_ent,Government enterprises,公營事業,2025-09-01,2026-09-04T00:19:01.524875+00:00,"CBC Financial Statistics Monthly, appendix table 8 (life insurance companies' balance sheet)",https://www.cbc.gov.tw/public/data/EBOOKXLS/065_EF67_A4L.csv,80223,2026-07-01
portfolio_nonfin_private,Private enterprises,民營企業,2025-09-01,2026-09-04T00:19:01.524875+00:00,"CBC Financial Statistics Monthly, appendix table 8 (life insurance companies' balance sheet)",https://www.cbc.gov.tw/public/data/EBOOKXLS/065_EF67_A4L.csv,5008134,2026-07-01
portfolio_fin,Portfolio investments in financial institutions,對金融機構證券投資,2025-09-01,2026-09-04T00:19:01.524875+00:00,"CBC Financial Statistics Monthly, appendix table 8 (life insurance companies' balance sheet)",https://www.cbc.gov.tw/public/data/EBOOKXLS/065_EF67_A4L.csv,904715,2026-07-01
real_estate,Real estate investments,不動產投資,2025-09-01,2026-09-04T00:19:01.524875+00:00,"CBC Financial Statistics Monthly, appendix table 8 (life insurance companies' balance sheet)",https://www.cbc.gov.tw/public/data/EBOOKXLS/065_EF67_A4L.csv,1611712,2026-07-01
claims_on_fin,Claims on financial institutions,對金融機構債權,2025-09-01,2026-09-04T00:19:01.524875+00:00,"CBC Financial Statistics Monthly, appendix table 8 (life insurance companies' balance sheet)",https://www.cbc.gov.tw/public/data/EBOOKXLS/065_EF67_A4L.csv,935946,2026-07-01
cash_in_vaults,Cash in vaults,庫存現金,2025-09-01,2026-09-04T00:19:01.524875+00:00,"CBC Financial Statistics Monthly, appendix table 8 (life insurance companies' balance sheet)",https://www.cbc.gov.tw/public/data/EBOOKXLS/065_EF67_A4L.csv,94,2026-07-01
other_assets,Other assets,其他資產,2025-09-01,2026-09-04T00:19:01.524875+00:00,"CBC Financial Statistics Monthly, appendix table 8 (life insurance companies' balance sheet)",https://www.cbc.gov.tw/public/data/EBOOKXLS/065_EF67_A4L.csv,4462441,2026-07-01
total_assets,Total assets = total liabilities and equity,資產合計,2025-09-01,2026-09-04T00:19:01.524875+00:00,"CBC Financial Statistics Monthly, appendix table 8 (life insurance companies' balance sheet)",https://www.cbc.gov.tw/public/data/EBOOKXLS/065_EF67_A4L.csv,36604593,2026-07-01
life_and_ic_liabilities,Life insurance and investment contract liabilities,人壽保險與投資合約負債,2025-09-01,2026-09-04T00:19:01.524875+00:00,"CBC Financial Statistics Monthly, appendix table 8 (life insurance companies' balance sheet)",https://www.cbc.gov.tw/public/data/EBOOKXLS/065_EF67_A4L.csv,29317000,2026-07-01
other_liabilities,Other liabilities,其他負債,2025-09-01,2026-09-04T00:19:01.524875+00:00,"CBC Financial Statistics Monthly, appendix table 8 (life insurance companies' balance sheet)",https://www.cbc.gov.tw/public/data/EBOOKXLS/065_EF67_A4L.csv,4642618,2026-07-01
equity,Equity,權益,2025-09-01,2026-09-04T00:19:01.524875+00:00,"CBC Financial Statistics Monthly, appendix table 8 (life insurance companies' balance sheet)",https://www.cbc.gov.tw/public/data/EBOOKXLS/065_EF67_A4L.csv,2644975,2026-07-01
foreign_assets,Foreign assets,國外資產,2025-10-01,2026-09-04T00:19:01.524875+00:00,"CBC Financial Statistics Monthly, appendix table 8 (life insurance companies' balance sheet)",https://www.cbc.gov.tw/public/data/EBOOKXLS/065_EF67_A4L.csv,21524862,2026-07-01
loans,Loans,放款,2025-10-01,2026-09-04T00:19:01.524875+00:00,"CBC Financial Statistics Monthly, appendix table 8 (life insurance companies' balance sheet)",https://www.cbc.gov.tw/public/data/EBOOKXLS/065_EF67_A4L.csv,1296439,2026-07-01
portfolio_nonfin_total,"Portfolio investments in entities excluding financial institutions, subtotal",對非金融機構證券投資 計,2025-10-01,2026-09-04T00:19:01.524875+00:00,"CBC Financial Statistics Monthly, appendix table 8 (life insurance companies' balance sheet)",https://www.cbc.gov.tw/public/data/EBOOKXLS/065_EF67_A4L.csv,6230654,2026-07-01
portfolio_nonfin_govt,Government agencies,政府機關,2025-10-01,2026-09-04T00:19:01.524875+00:00,"CBC Financial Statistics Monthly, appendix table 8 (life insurance companies' balance sheet)",https://www.cbc.gov.tw/public/data/EBOOKXLS/065_EF67_A4L.csv,1029640,2026-07-01
portfolio_nonfin_govt_ent,Government enterprises,公營事業,2025-10-01,2026-09-04T00:19:01.524875+00:00,"CBC Financial Statistics Monthly, appendix table 8 (life insurance companies' balance sheet)",https://www.cbc.gov.tw/public/data/EBOOKXLS/065_EF67_A4L.csv,79873,2026-07-01
portfolio_nonfin_private,Private enterprises,民營企業,2025-10-01,2026-09-04T00:19:01.524875+00:00,"CBC Financial Statistics Monthly, appendix table 8 (life insurance companies' balance sheet)",https://www.cbc.gov.tw/public/data/EBOOKXLS/065_EF67_A4L.csv,5121141,2026-07-01
portfolio_fin,Portfolio investments in financial institutions,對金融機構證券投資,2025-10-01,2026-09-04T00:19:01.524875+00:00,"CBC Financial Statistics Monthly, appendix table 8 (life insurance companies' balance sheet)",https://www.cbc.gov.tw/public/data/EBOOKXLS/065_EF67_A4L.csv,909010,2026-07-01
real_estate,Real estate investments,不動產投資,2025-10-01,2026-09-04T00:19:01.524875+00:00,"CBC Financial Statistics Monthly, appendix table 8 (life insurance companies' balance sheet)",https://www.cbc.gov.tw/public/data/EBOOKXLS/065_EF67_A4L.csv,1617718,2026-07-01
claims_on_fin,Claims on financial institutions,對金融機構債權,2025-10-01,2026-09-04T00:19:01.524875+00:00,"CBC Financial Statistics Monthly, appendix table 8 (life insurance companies' balance sheet)",https://www.cbc.gov.tw/public/data/EBOOKXLS/065_EF67_A4L.csv,995113,2026-07-01
cash_in_vaults,Cash in vaults,庫存現金,2025-10-01,2026-09-04T00:19:01.524875+00:00,"CBC Financial Statistics Monthly, appendix table 8 (life insurance companies' balance sheet)",https://www.cbc.gov.tw/public/data/EBOOKXLS/065_EF67_A4L.csv,94,2026-07-01
other_assets,Other assets,其他資產,2025-10-01,2026-09-04T00:19:01.524875+00:00,"CBC Financial Statistics Monthly, appendix table 8 (life insurance companies' balance sheet)",https://www.cbc.gov.tw/public/data/EBOOKXLS/065_EF67_A4L.csv,4456215,2026-07-01
total_assets,Total assets = total liabilities and equity,資產合計,2025-10-01,2026-09-04T00:19:01.524875+00:00,"CBC Financial Statistics Monthly, appendix table 8 (life insurance companies' balance sheet)",https://www.cbc.gov.tw/public/data/EBOOKXLS/065_EF67_A4L.csv,37030105,2026-07-01
life_and_ic_liabilities,Life insurance and investment contract liabilities,人壽保險與投資合約負債,2025-10-01,2026-09-04T00:19:01.524875+00:00,"CBC Financial Statistics Monthly, appendix table 8 (life insurance companies' balance sheet)",https://www.cbc.gov.tw/public/data/EBOOKXLS/065_EF67_A4L.csv,29438872,2026-07-01
other_liabilities,Other liabilities,其他負債,2025-10-01,2026-09-04T00:19:01.524875+00:00,"CBC Financial Statistics Monthly, appendix table 8 (life insurance companies' balance sheet)",https://www.cbc.gov.tw/public/data/EBOOKXLS/065_EF67_A4L.csv,4789046,2026-07-01
equity,Equity,權益,2025-10-01,2026-09-04T00:19:01.524875+00:00,"CBC Financial Statistics Monthly, appendix table 8 (life insurance companies' balance sheet)",https://www.cbc.gov.tw/public/data/EBOOKXLS/065_EF67_A4L.csv,2802187,2026-07-01
foreign_assets,Foreign assets,國外資產,2025-11-01,2026-09-04T00:19:01.524875+00:00,"CBC Financial Statistics Monthly, appendix table 8 (life insurance companies' balance sheet)",https://www.cbc.gov.tw/public/data/EBOOKXLS/065_EF67_A4L.csv,21921270,2026-07-01
loans,Loans,放款,2025-11-01,2026-09-04T00:19:01.524875+00:00,"CBC Financial Statistics Monthly, appendix table 8 (life insurance companies' balance sheet)",https://www.cbc.gov.tw/public/data/EBOOKXLS/065_EF67_A4L.csv,1313565,2026-07-01
portfolio_nonfin_total,"Portfolio investments in entities excluding financial institutions, subtotal",對非金融機構證券投資 計,2025-11-01,2026-09-04T00:19:01.524875+00:00,"CBC Financial Statistics Monthly, appendix table 8 (life insurance companies' balance sheet)",https://www.cbc.gov.tw/public/data/EBOOKXLS/065_EF67_A4L.csv,6141708,2026-07-01
portfolio_nonfin_govt,Government agencies,政府機關,2025-11-01,2026-09-04T00:19:01.524875+00:00,"CBC Financial Statistics Monthly, appendix table 8 (life insurance companies' balance sheet)",https://www.cbc.gov.tw/public/data/EBOOKXLS/065_EF67_A4L.csv,1026963,2026-07-01
portfolio_nonfin_govt_ent,Government enterprises,公營事業,2025-11-01,2026-09-04T00:19:01.524875+00:00,"CBC Financial Statistics Monthly, appendix table 8 (life insurance companies' balance sheet)",https://www.cbc.gov.tw/public/data/EBOOKXLS/065_EF67_A4L.csv,80012,2026-07-01
portfolio_nonfin_private,Private enterprises,民營企業,2025-11-01,2026-09-04T00:19:01.524875+00:00,"CBC Financial Statistics Monthly, appendix table 8 (life insurance companies' balance sheet)",https://www.cbc.gov.tw/public/data/EBOOKXLS/065_EF67_A4L.csv,5034733,2026-07-01
portfolio_fin,Portfolio investments in financial institutions,對金融機構證券投資,2025-11-01,2026-09-04T00:19:01.524875+00:00,"CBC Financial Statistics Monthly, appendix table 8 (life insurance companies' balance sheet)",https://www.cbc.gov.tw/public/data/EBOOKXLS/065_EF67_A4L.csv,904817,2026-07-01
real_estate,Real estate investments,不動產投資,2025-11-01,2026-09-04T00:19:01.524875+00:00,"CBC Financial Statistics Monthly, appendix table 8 (life insurance companies' balance sheet)",https://www.cbc.gov.tw/public/data/EBOOKXLS/065_EF67_A4L.csv,1614797,2026-07-01
claims_on_fin,Claims on financial institutions,對金融機構債權,2025-11-01,2026-09-04T00:19:01.524875+00:00,"CBC Financial Statistics Monthly, appendix table 8 (life insurance companies' balance sheet)",https://www.cbc.gov.tw/public/data/EBOOKXLS/065_EF67_A4L.csv,1149990,2026-07-01
cash_in_vaults,Cash in vaults,庫存現金,2025-11-01,2026-09-04T00:19:01.524875+00:00,"CBC Financial Statistics Monthly, appendix table 8 (life insurance companies' balance sheet)",https://www.cbc.gov.tw/public/data/EBOOKXLS/065_EF67_A4L.csv,90,2026-07-01
other_assets,Other assets,其他資產,2025-11-01,2026-09-04T00:19:01.524875+00:00,"CBC Financial Statistics Monthly, appendix table 8 (life insurance companies' balance sheet)",https://www.cbc.gov.tw/public/data/EBOOKXLS/065_EF67_A4L.csv,4446591,2026-07-01
total_assets,Total assets = total liabilities and equity,資產合計,2025-11-01,2026-09-04T00:19:01.524875+00:00,"CBC Financial Statistics Monthly, appendix table 8 (life insurance companies' balance sheet)",https://www.cbc.gov.tw/public/data/EBOOKXLS/065_EF67_A4L.csv,37492828,2026-07-01
life_and_ic_liabilities,Life insurance and investment contract liabilities,人壽保險與投資合約負債,2025-11-01,2026-09-04T00:19:01.524875+00:00,"CBC Financial Statistics Monthly, appendix table 8 (life insurance companies' balance sheet)",https://www.cbc.gov.tw/public/data/EBOOKXLS/065_EF67_A4L.csv,29638986,2026-07-01
other_liabilities,Other liabilities,其他負債,2025-11-01,2026-09-04T00:19:01.524875+00:00,"CBC Financial Statistics Monthly, appendix table 8 (life insurance companies' balance sheet)",https://www.cbc.gov.tw/public/data/EBOOKXLS/065_EF67_A4L.csv,5044031,2026-07-01
equity,Equity,權益,2025-11-01,2026-09-04T00:19:01.524875+00:00,"CBC Financial Statistics Monthly, appendix table 8 (life insurance companies' balance sheet)",https://www.cbc.gov.tw/public/data/EBOOKXLS/065_EF67_A4L.csv,2809811,2026-07-01
foreign_assets,Foreign assets,國外資產,2025-12-01,2026-09-04T00:19:01.524875+00:00,"CBC Financial Statistics Monthly, appendix table 8 (life insurance companies' balance sheet)",https://www.cbc.gov.tw/public/data/EBOOKXLS/065_EF67_A4L.csv,22009067,2026-07-01
loans,Loans,放款,2025-12-01,2026-09-04T00:19:01.524875+00:00,"CBC Financial Statistics Monthly, appendix table 8 (life insurance companies' balance sheet)",https://www.cbc.gov.tw/public/data/EBOOKXLS/065_EF67_A4L.csv,1333843,2026-07-01
portfolio_nonfin_total,"Portfolio investments in entities excluding financial institutions, subtotal",對非金融機構證券投資 計,2025-12-01,2026-09-04T00:19:01.524875+00:00,"CBC Financial Statistics Monthly, appendix table 8 (life insurance companies' balance sheet)",https://www.cbc.gov.tw/public/data/EBOOKXLS/065_EF67_A4L.csv,6141379,2026-07-01
portfolio_nonfin_govt,Government agencies,政府機關,2025-12-01,2026-09-04T00:19:01.524875+00:00,"CBC Financial Statistics Monthly, appendix table 8 (life insurance companies' balance sheet)",https://www.cbc.gov.tw/public/data/EBOOKXLS/065_EF67_A4L.csv,1012996,2026-07-01
portfolio_nonfin_govt_ent,Government enterprises,公營事業,2025-12-01,2026-09-04T00:19:01.524875+00:00,"CBC Financial Statistics Monthly, appendix table 8 (life insurance companies' balance sheet)",https://www.cbc.gov.tw/public/data/EBOOKXLS/065_EF67_A4L.csv,79985,2026-07-01
portfolio_nonfin_private,Private enterprises,民營企業,2025-12-01,2026-09-04T00:19:01.524875+00:00,"CBC Financial Statistics Monthly, appendix table 8 (life insurance companies' balance sheet)",https://www.cbc.gov.tw/public/data/EBOOKXLS/065_EF67_A4L.csv,5048398,2026-07-01
portfolio_fin,Portfolio investments in financial institutions,對金融機構證券投資,2025-12-01,2026-09-04T00:19:01.524875+00:00,"CBC Financial Statistics Monthly, appendix table 8 (life insurance companies' balance sheet)",https://www.cbc.gov.tw/public/data/EBOOKXLS/065_EF67_A4L.csv,921840,2026-07-01
real_estate,Real estate investments,不動產投資,2025-12-01,2026-09-04T00:19:01.524875+00:00,"CBC Financial Statistics Monthly, appendix table 8 (life insurance companies' balance sheet)",https://www.cbc.gov.tw/public/data/EBOOKXLS/065_EF67_A4L.csv,1621941,2026-07-01
claims_on_fin,Claims on financial institutions,對金融機構債權,2025-12-01,2026-09-04T00:19:01.524875+00:00,"CBC Financial Statistics Monthly, appendix table 8 (life insurance companies' balance sheet)",https://www.cbc.gov.tw/public/data/EBOOKXLS/065_EF67_A4L.csv,1107004,2026-07-01
cash_in_vaults,Cash in vaults,庫存現金,2025-12-01,2026-09-04T00:19:01.524875+00:00,"CBC Financial Statistics Monthly, appendix table 8 (life insurance companies' balance sheet)",https://www.cbc.gov.tw/public/data/EBOOKXLS/065_EF67_A4L.csv,94,2026-07-01
other_assets,Other assets,其他資產,2025-12-01,2026-09-04T00:19:01.524875+00:00,"CBC Financial Statistics Monthly, appendix table 8 (life insurance companies' balance sheet)",https://www.cbc.gov.tw/public/data/EBOOKXLS/065_EF67_A4L.csv,4542495,2026-07-01
total_assets,Total assets = total liabilities and equity,資產合計,2025-12-01,2026-09-04T00:19:01.524875+00:00,"CBC Financial Statistics Monthly, appendix table 8 (life insurance companies' balance sheet)",https://www.cbc.gov.tw/public/data/EBOOKXLS/065_EF67_A4L.csv,37677663,2026-07-01
life_and_ic_liabilities,Life insurance and investment contract liabilities,人壽保險與投資合約負債,2025-12-01,2026-09-04T00:19:01.524875+00:00,"CBC Financial Statistics Monthly, appendix table 8 (life insurance companies' balance sheet)",https://www.cbc.gov.tw/public/data/EBOOKXLS/065_EF67_A4L.csv,29723653,2026-07-01
other_liabilities,Other liabilities,其他負債,2025-12-01,2026-09-04T00:19:01.524875+00:00,"CBC Financial Statistics Monthly, appendix table 8 (life insurance companies' balance sheet)",https://www.cbc.gov.tw/public/data/EBOOKXLS/065_EF67_A4L.csv,5241696,2026-07-01
equity,Equity,權益,2025-12-01,2026-09-04T00:19:01.524875+00:00,"CBC Financial Statistics Monthly, appendix table 8 (life insurance companies' balance sheet)",https://www.cbc.gov.tw/public/data/EBOOKXLS/065_EF67_A4L.csv,2712314,2026-07-01
foreign_assets,Foreign assets,國外資產,2026-01-01,2026-09-04T00:19:01.524875+00:00,"CBC Financial Statistics Monthly, appendix table 8 (life insurance companies' balance sheet)",https://www.cbc.gov.tw/public/data/EBOOKXLS/065_EF67_A4L.csv,21186345,2026-07-01
loans,Loans,放款,2026-01-01,2026-09-04T00:19:01.524875+00:00,"CBC Financial Statistics Monthly, appendix table 8 (life insurance companies' balance sheet)",https://www.cbc.gov.tw/public/data/EBOOKXLS/065_EF67_A4L.csv,654449,2026-07-01
portfolio_nonfin_total,"Portfolio investments in entities excluding financial institutions, subtotal",對非金融機構證券投資 計,2026-01-01,2026-09-04T00:19:01.524875+00:00,"CBC Financial Statistics Monthly, appendix table 8 (life insurance companies' balance sheet)",https://www.cbc.gov.tw/public/data/EBOOKXLS/065_EF67_A4L.csv,6437271,2026-07-01
portfolio_nonfin_govt,Government agencies,政府機關,2026-01-01,2026-09-04T00:19:01.524875+00:00,"CBC Financial Statistics Monthly, appendix table 8 (life insurance companies' balance sheet)",https://www.cbc.gov.tw/public/data/EBOOKXLS/065_EF67_A4L.csv,999410,2026-07-01
portfolio_nonfin_govt_ent,Government enterprises,公營事業,2026-01-01,2026-09-04T00:19:01.524875+00:00,"CBC Financial Statistics Monthly, appendix table 8 (life insurance companies' balance sheet)",https://www.cbc.gov.tw/public/data/EBOOKXLS/065_EF67_A4L.csv,77761,2026-07-01
portfolio_nonfin_private,Private enterprises,民營企業,2026-01-01,2026-09-04T00:19:01.524875+00:00,"CBC Financial Statistics Monthly, appendix table 8 (life insurance companies' balance sheet)",https://www.cbc.gov.tw/public/data/EBOOKXLS/065_EF67_A4L.csv,5360100,2026-07-01
portfolio_fin,Portfolio investments in financial institutions,對金融機構證券投資,2026-01-01,2026-09-04T00:19:01.524875+00:00,"CBC Financial Statistics Monthly, appendix table 8 (life insurance companies' balance sheet)",https://www.cbc.gov.tw/public/data/EBOOKXLS/065_EF67_A4L.csv,897354,2026-07-01
real_estate,Real estate investments,不動產投資,2026-01-01,2026-09-04T00:19:01.524875+00:00,"CBC Financial Statistics Monthly, appendix table 8 (life insurance companies' balance sheet)",https://www.cbc.gov.tw/public/data/EBOOKXLS/065_EF67_A4L.csv,1654122,2026-07-01
claims_on_fin,Claims on financial institutions,對金融機構債權,2026-01-01,2026-09-04T00:19:01.524875+00:00,"CBC Financial Statistics Monthly, appendix table 8 (life insurance companies' balance sheet)",https://www.cbc.gov.tw/public/data/EBOOKXLS/065_EF67_A4L.csv,973533,2026-07-01
cash_in_vaults,Cash in vaults,庫存現金,2026-01-01,2026-09-04T00:19:01.524875+00:00,"CBC Financial Statistics Monthly, appendix table 8 (life insurance companies' balance sheet)",https://www.cbc.gov.tw/public/data/EBOOKXLS/065_EF67_A4L.csv,90,2026-07-01
other_assets,Other assets,其他資產,2026-01-01,2026-09-04T00:19:01.524875+00:00,"CBC Financial Statistics Monthly, appendix table 8 (life insurance companies' balance sheet)",https://www.cbc.gov.tw/public/data/EBOOKXLS/065_EF67_A4L.csv,5084569,2026-07-01
total_assets,Total assets = total liabilities and equity,資產合計,2026-01-01,2026-09-04T00:19:01.524875+00:00,"CBC Financial Statistics Monthly, appendix table 8 (life insurance companies' balance sheet)",https://www.cbc.gov.tw/public/data/EBOOKXLS/065_EF67_A4L.csv,36887733,2026-07-01
life_and_ic_liabilities,Life insurance and investment contract liabilities,人壽保險與投資合約負債,2026-01-01,2026-09-04T00:19:01.524875+00:00,"CBC Financial Statistics Monthly, appendix table 8 (life insurance companies' balance sheet)",https://www.cbc.gov.tw/public/data/EBOOKXLS/065_EF67_A4L.csv,31847846,2026-07-01
other_liabilities,Other liabilities,其他負債,2026-01-01,2026-09-04T00:19:01.524875+00:00,"CBC Financial Statistics Monthly, appendix table 8 (life insurance companies' balance sheet)",https://www.cbc.gov.tw/public/data/EBOOKXLS/065_EF67_A4L.csv,2906382,2026-07-01
equity,Equity,權益,2026-01-01,2026-09-04T00:19:01.524875+00:00,"CBC Financial Statistics Monthly, appendix table 8 (life insurance companies' balance sheet)",https://www.cbc.gov.tw/public/data/EBOOKXLS/065_EF67_A4L.csv,2133505,2026-07-01
foreign_assets,Foreign assets,國外資產,2026-02-01,2026-09-04T00:19:01.524875+00:00,"CBC Financial Statistics Monthly, appendix table 8 (life insurance companies' balance sheet)",https://www.cbc.gov.tw/public/data/EBOOKXLS/065_EF67_A4L.csv,21217917,2026-07-01
loans,Loans,放款,2026-02-01,2026-09-04T00:19:01.524875+00:00,"CBC Financial Statistics Monthly, appendix table 8 (life insurance companies' balance sheet)",https://www.cbc.gov.tw/public/data/EBOOKXLS/065_EF67_A4L.csv,660326,2026-07-01
portfolio_nonfin_total,"Portfolio investments in entities excluding financial institutions, subtotal",對非金融機構證券投資 計,2026-02-01,2026-09-04T00:19:01.524875+00:00,"CBC Financial Statistics Monthly, appendix table 8 (life insurance companies' balance sheet)",https://www.cbc.gov.tw/public/data/EBOOKXLS/065_EF67_A4L.csv,6619362,2026-07-01
portfolio_nonfin_govt,Government agencies,政府機關,2026-02-01,2026-09-04T00:19:01.524875+00:00,"CBC Financial Statistics Monthly, appendix table 8 (life insurance companies' balance sheet)",https://www.cbc.gov.tw/public/data/EBOOKXLS/065_EF67_A4L.csv,971629,2026-07-01
portfolio_nonfin_govt_ent,Government enterprises,公營事業,2026-02-01,2026-09-04T00:19:01.524875+00:00,"CBC Financial Statistics Monthly, appendix table 8 (life insurance companies' balance sheet)",https://www.cbc.gov.tw/public/data/EBOOKXLS/065_EF67_A4L.csv,77687,2026-07-01
portfolio_nonfin_private,Private enterprises,民營企業,2026-02-01,2026-09-04T00:19:01.524875+00:00,"CBC Financial Statistics Monthly, appendix table 8 (life insurance companies' balance sheet)",https://www.cbc.gov.tw/public/data/EBOOKXLS/065_EF67_A4L.csv,5570046,2026-07-01
portfolio_fin,Portfolio investments in financial institutions,對金融機構證券投資,2026-02-01,2026-09-04T00:19:01.524875+00:00,"CBC Financial Statistics Monthly, appendix table 8 (life insurance companies' balance sheet)",https://www.cbc.gov.tw/public/data/EBOOKXLS/065_EF67_A4L.csv,888009,2026-07-01
real_estate,Real estate investments,不動產投資,2026-02-01,2026-09-04T00:19:01.524875+00:00,"CBC Financial Statistics Monthly, appendix table 8 (life insurance companies' balance sheet)",https://www.cbc.gov.tw/public/data/EBOOKXLS/065_EF67_A4L.csv,1656599,2026-07-01
claims_on_fin,Claims on financial institutions,對金融機構債權,2026-02-01,2026-09-04T00:19:01.524875+00:00,"CBC Financial Statistics Monthly, appendix table 8 (life insurance companies' balance sheet)",https://www.cbc.gov.tw/public/data/EBOOKXLS/065_EF67_A4L.csv,927517,2026-07-01
cash_in_vaults,Cash in vaults,庫存現金,2026-02-01,2026-09-04T00:19:01.524875+00:00,"CBC Financial Statistics Monthly, appendix table 8 (life insurance companies' balance sheet)",https://www.cbc.gov.tw/public/data/EBOOKXLS/065_EF67_A4L.csv,98,2026-07-01
other_assets,Other assets,其他資產,2026-02-01,2026-09-04T00:19:01.524875+00:00,"CBC Financial Statistics Monthly, appendix table 8 (life insurance companies' balance sheet)",https://www.cbc.gov.tw/public/data/EBOOKXLS/065_EF67_A4L.csv,5183797,2026-07-01
total_assets,Total assets = total liabilities and equity,資產合計,2026-02-01,2026-09-04T00:19:01.524875+00:00,"CBC Financial Statistics Monthly, appendix table 8 (life insurance companies' balance sheet)",https://www.cbc.gov.tw/public/data/EBOOKXLS/065_EF67_A4L.csv,37153625,2026-07-01
life_and_ic_liabilities,Life insurance and investment contract liabilities,人壽保險與投資合約負債,2026-02-01,2026-09-04T00:19:01.524875+00:00,"CBC Financial Statistics Monthly, appendix table 8 (life insurance companies' balance sheet)",https://www.cbc.gov.tw/public/data/EBOOKXLS/065_EF67_A4L.csv,31873368,2026-07-01
other_liabilities,Other liabilities,其他負債,2026-02-01,2026-09-04T00:19:01.524875+00:00,"CBC Financial Statistics Monthly, appendix table 8 (life insurance companies' balance sheet)",https://www.cbc.gov.tw/public/data/EBOOKXLS/065_EF67_A4L.csv,2800591,2026-07-01
equity,Equity,權益,2026-02-01,2026-09-04T00:19:01.524875+00:00,"CBC Financial Statistics Monthly, appendix table 8 (life insurance companies' balance sheet)",https://www.cbc.gov.tw/public/data/EBOOKXLS/065_EF67_A4L.csv,2479666,2026-07-01
foreign_assets,Foreign assets,國外資產,2026-03-01,2026-09-04T00:19:01.524875+00:00,"CBC Financial Statistics Monthly, appendix table 8 (life insurance companies' balance sheet)",https://www.cbc.gov.tw/public/data/EBOOKXLS/065_EF67_A4L.csv,21292358,2026-07-01
loans,Loans,放款,2026-03-01,2026-09-04T00:19:01.524875+00:00,"CBC Financial Statistics Monthly, appendix table 8 (life insurance companies' balance sheet)",https://www.cbc.gov.tw/public/data/EBOOKXLS/065_EF67_A4L.csv,673647,2026-07-01
portfolio_nonfin_total,"Portfolio investments in entities excluding financial institutions, subtotal",對非金融機構證券投資 計,2026-03-01,2026-09-04T00:19:01.524875+00:00,"CBC Financial Statistics Monthly, appendix table 8 (life insurance companies' balance sheet)",https://www.cbc.gov.tw/public/data/EBOOKXLS/065_EF67_A4L.csv,6365585,2026-07-01
portfolio_nonfin_govt,Government agencies,政府機關,2026-03-01,2026-09-04T00:19:01.524875+00:00,"CBC Financial Statistics Monthly, appendix table 8 (life insurance companies' balance sheet)",https://www.cbc.gov.tw/public/data/EBOOKXLS/065_EF67_A4L.csv,948476,2026-07-01
portfolio_nonfin_govt_ent,Government enterprises,公營事業,2026-03-01,2026-09-04T00:19:01.524875+00:00,"CBC Financial Statistics Monthly, appendix table 8 (life insurance companies' balance sheet)",https://www.cbc.gov.tw/public/data/EBOOKXLS/065_EF67_A4L.csv,76346,2026-07-01
portfolio_nonfin_private,Private enterprises,民營企業,2026-03-01,2026-09-04T00:19:01.524875+00:00,"CBC Financial Statistics Monthly, appendix table 8 (life insurance companies' balance sheet)",https://www.cbc.gov.tw/public/data/EBOOKXLS/065_EF67_A4L.csv,5340763,2026-07-01
portfolio_fin,Portfolio investments in financial institutions,對金融機構證券投資,2026-03-01,2026-09-04T00:19:01.524875+00:00,"CBC Financial Statistics Monthly, appendix table 8 (life insurance companies' balance sheet)",https://www.cbc.gov.tw/public/data/EBOOKXLS/065_EF67_A4L.csv,902523,2026-07-01
real_estate,Real estate investments,不動產投資,2026-03-01,2026-09-04T00:19:01.524875+00:00,"CBC Financial Statistics Monthly, appendix table 8 (life insurance companies' balance sheet)",https://www.cbc.gov.tw/public/data/EBOOKXLS/065_EF67_A4L.csv,1660677,2026-07-01
claims_on_fin,Claims on financial institutions,對金融機構債權,2026-03-01,2026-09-04T00:19:01.524875+00:00,"CBC Financial Statistics Monthly, appendix table 8 (life insurance companies' balance sheet)",https://www.cbc.gov.tw/public/data/EBOOKXLS/065_EF67_A4L.csv,1018368,2026-07-01
cash_in_vaults,Cash in vaults,庫存現金,2026-03-01,2026-09-04T00:19:01.524875+00:00,"CBC Financial Statistics Monthly, appendix table 8 (life insurance companies' balance sheet)",https://www.cbc.gov.tw/public/data/EBOOKXLS/065_EF67_A4L.csv,87,2026-07-01
other_assets,Other assets,其他資產,2026-03-01,2026-09-04T00:19:01.524875+00:00,"CBC Financial Statistics Monthly, appendix table 8 (life insurance companies' balance sheet)",https://www.cbc.gov.tw/public/data/EBOOKXLS/065_EF67_A4L.csv,4930439,2026-07-01
total_assets,Total assets = total liabilities and equity,資產合計,2026-03-01,2026-09-04T00:19:01.524875+00:00,"CBC Financial Statistics Monthly, appendix table 8 (life insurance companies' balance sheet)",https://www.cbc.gov.tw/public/data/EBOOKXLS/065_EF67_A4L.csv,36843684,2026-07-01
life_and_ic_liabilities,Life insurance and investment contract liabilities,人壽保險與投資合約負債,2026-03-01,2026-09-04T00:19:01.524875+00:00,"CBC Financial Statistics Monthly, appendix table 8 (life insurance companies' balance sheet)",https://www.cbc.gov.tw/public/data/EBOOKXLS/065_EF67_A4L.csv,31503257,2026-07-01
other_liabilities,Other liabilities,其他負債,2026-03-01,2026-09-04T00:19:01.524875+00:00,"CBC Financial Statistics Monthly, appendix table 8 (life insurance companies' balance sheet)",https://www.cbc.gov.tw/public/data/EBOOKXLS/065_EF67_A4L.csv,2918930,2026-07-01
equity,Equity,權益,2026-03-01,2026-09-04T00:19:01.524875+00:00,"CBC Financial Statistics Monthly, appendix table 8 (life insurance companies' balance sheet)",https://www.cbc.gov.tw/public/data/EBOOKXLS/065_EF67_A4L.csv,2421497,2026-07-01
foreign_assets,Foreign assets,國外資產,2026-04-01,2026-09-04T00:19:01.524875+00:00,"CBC Financial Statistics Monthly, appendix table 8 (life insurance companies' balance sheet)",https://www.cbc.gov.tw/public/data/EBOOKXLS/065_EF67_A4L.csv,21467143,2026-07-01
loans,Loans,放款,2026-04-01,2026-09-04T00:19:01.524875+00:00,"CBC Financial Statistics Monthly, appendix table 8 (life insurance companies' balance sheet)",https://www.cbc.gov.tw/public/data/EBOOKXLS/065_EF67_A4L.csv,685988,2026-07-01
portfolio_nonfin_total,"Portfolio investments in entities excluding financial institutions, subtotal",對非金融機構證券投資 計,2026-04-01,2026-09-04T00:19:01.524875+00:00,"CBC Financial Statistics Monthly, appendix table 8 (life insurance companies' balance sheet)",https://www.cbc.gov.tw/public/data/EBOOKXLS/065_EF67_A4L.csv,6922739,2026-07-01
portfolio_nonfin_govt,Government agencies,政府機關,2026-04-01,2026-09-04T00:19:01.524875+00:00,"CBC Financial Statistics Monthly, appendix table 8 (life insurance companies' balance sheet)",https://www.cbc.gov.tw/public/data/EBOOKXLS/065_EF67_A4L.csv,973211,2026-07-01
portfolio_nonfin_govt_ent,Government enterprises,公營事業,2026-04-01,2026-09-04T00:19:01.524875+00:00,"CBC Financial Statistics Monthly, appendix table 8 (life insurance companies' balance sheet)",https://www.cbc.gov.tw/public/data/EBOOKXLS/065_EF67_A4L.csv,74314,2026-07-01
portfolio_nonfin_private,Private enterprises,民營企業,2026-04-01,2026-09-04T00:19:01.524875+00:00,"CBC Financial Statistics Monthly, appendix table 8 (life insurance companies' balance sheet)",https://www.cbc.gov.tw/public/data/EBOOKXLS/065_EF67_A4L.csv,5875214,2026-07-01
portfolio_fin,Portfolio investments in financial institutions,對金融機構證券投資,2026-04-01,2026-09-04T00:19:01.524875+00:00,"CBC Financial Statistics Monthly, appendix table 8 (life insurance companies' balance sheet)",https://www.cbc.gov.tw/public/data/EBOOKXLS/065_EF67_A4L.csv,892589,2026-07-01
real_estate,Real estate investments,不動產投資,2026-04-01,2026-09-04T00:19:01.524875+00:00,"CBC Financial Statistics Monthly, appendix table 8 (life insurance companies' balance sheet)",https://www.cbc.gov.tw/public/data/EBOOKXLS/065_EF67_A4L.csv,1697113,2026-07-01
claims_on_fin,Claims on financial institutions,對金融機構債權,2026-04-01,2026-09-04T00:19:01.524875+00:00,"CBC Financial Statistics Monthly, appendix table 8 (life insurance companies' balance sheet)",https://www.cbc.gov.tw/public/data/EBOOKXLS/065_EF67_A4L.csv,929776,2026-07-01
cash_in_vaults,Cash in vaults,庫存現金,2026-04-01,2026-09-04T00:19:01.524875+00:00,"CBC Financial Statistics Monthly, appendix table 8 (life insurance companies' balance sheet)",https://www.cbc.gov.tw/public/data/EBOOKXLS/065_EF67_A4L.csv,91,2026-07-01
other_assets,Other assets,其他資產,2026-04-01,2026-09-04T00:19:01.524875+00:00,"CBC Financial Statistics Monthly, appendix table 8 (life insurance companies' balance sheet)",https://www.cbc.gov.tw/public/data/EBOOKXLS/065_EF67_A4L.csv,5618868,2026-07-01
total_assets,Total assets = total liabilities and equity,資產合計,2026-04-01,2026-09-04T00:19:01.524875+00:00,"CBC Financial Statistics Monthly, appendix table 8 (life insurance companies' balance sheet)",https://www.cbc.gov.tw/public/data/EBOOKXLS/065_EF67_A4L.csv,38214307,2026-07-01
life_and_ic_liabilities,Life insurance and investment contract liabilities,人壽保險與投資合約負債,2026-04-01,2026-09-04T00:19:01.524875+00:00,"CBC Financial Statistics Monthly, appendix table 8 (life insurance companies' balance sheet)",https://www.cbc.gov.tw/public/data/EBOOKXLS/065_EF67_A4L.csv,31988810,2026-07-01
other_liabilities,Other liabilities,其他負債,2026-04-01,2026-09-04T00:19:01.524875+00:00,"CBC Financial Statistics Monthly, appendix table 8 (life insurance companies' balance sheet)",https://www.cbc.gov.tw/public/data/EBOOKXLS/065_EF67_A4L.csv,2892463,2026-07-01
equity,Equity,權益,2026-04-01,2026-09-04T00:19:01.524875+00:00,"CBC Financial Statistics Monthly, appendix table 8 (life insurance companies' balance sheet)",https://www.cbc.gov.tw/public/data/EBOOKXLS/065_EF67_A4L.csv,3333034,2026-07-01
foreign_assets,Foreign assets,國外資產,2026-05-01,2026-09-04T00:19:01.524875+00:00,"CBC Financial Statistics Monthly, appendix table 8 (life insurance companies' balance sheet)",https://www.cbc.gov.tw/public/data/EBOOKXLS/065_EF67_A4L.csv,21395547,2026-07-01
loans,Loans,放款,2026-05-01,2026-09-04T00:19:01.524875+00:00,"CBC Financial Statistics Monthly, appendix table 8 (life insurance companies' balance sheet)",https://www.cbc.gov.tw/public/data/EBOOKXLS/065_EF67_A4L.csv,695481,2026-07-01
portfolio_nonfin_total,"Portfolio investments in entities excluding financial institutions, subtotal",對非金融機構證券投資 計,2026-05-01,2026-09-04T00:19:01.524875+00:00,"CBC Financial Statistics Monthly, appendix table 8 (life insurance companies' balance sheet)",https://www.cbc.gov.tw/public/data/EBOOKXLS/065_EF67_A4L.csv,7288703,2026-07-01
portfolio_nonfin_govt,Government agencies,政府機關,2026-05-01,2026-09-04T00:19:01.524875+00:00,"CBC Financial Statistics Monthly, appendix table 8 (life insurance companies' balance sheet)",https://www.cbc.gov.tw/public/data/EBOOKXLS/065_EF67_A4L.csv,985939,2026-07-01
portfolio_nonfin_govt_ent,Government enterprises,公營事業,2026-05-01,2026-09-04T00:19:01.524875+00:00,"CBC Financial Statistics Monthly, appendix table 8 (life insurance companies' balance sheet)",https://www.cbc.gov.tw/public/data/EBOOKXLS/065_EF67_A4L.csv,73717,2026-07-01
portfolio_nonfin_private,Private enterprises,民營企業,2026-05-01,2026-09-04T00:19:01.524875+00:00,"CBC Financial Statistics Monthly, appendix table 8 (life insurance companies' balance sheet)",https://www.cbc.gov.tw/public/data/EBOOKXLS/065_EF67_A4L.csv,6229047,2026-07-01
portfolio_fin,Portfolio investments in financial institutions,對金融機構證券投資,2026-05-01,2026-09-04T00:19:01.524875+00:00,"CBC Financial Statistics Monthly, appendix table 8 (life insurance companies' balance sheet)",https://www.cbc.gov.tw/public/data/EBOOKXLS/065_EF67_A4L.csv,907695,2026-07-01
real_estate,Real estate investments,不動產投資,2026-05-01,2026-09-04T00:19:01.524875+00:00,"CBC Financial Statistics Monthly, appendix table 8 (life insurance companies' balance sheet)",https://www.cbc.gov.tw/public/data/EBOOKXLS/065_EF67_A4L.csv,1699485,2026-07-01
claims_on_fin,Claims on financial institutions,對金融機構債權,2026-05-01,2026-09-04T00:19:01.524875+00:00,"CBC Financial Statistics Monthly, appendix table 8 (life insurance companies' balance sheet)",https://www.cbc.gov.tw/public/data/EBOOKXLS/065_EF67_A4L.csv,920433,2026-07-01
cash_in_vaults,Cash in vaults,庫存現金,2026-05-01,2026-09-04T00:19:01.524875+00:00,"CBC Financial Statistics Monthly, appendix table 8 (life insurance companies' balance sheet)",https://www.cbc.gov.tw/public/data/EBOOKXLS/065_EF67_A4L.csv,92,2026-07-01
other_assets,Other assets,其他資產,2026-05-01,2026-09-04T00:19:01.524875+00:00,"CBC Financial Statistics Monthly, appendix table 8 (life insurance companies' balance sheet)",https://www.cbc.gov.tw/public/data/EBOOKXLS/065_EF67_A4L.csv,5782734,2026-07-01
total_assets,Total assets = total liabilities and equity,資產合計,2026-05-01,2026-09-04T00:19:01.524875+00:00,"CBC Financial Statistics Monthly, appendix table 8 (life insurance companies' balance sheet)",https://www.cbc.gov.tw/public/data/EBOOKXLS/065_EF67_A4L.csv,38690170,2026-07-01
life_and_ic_liabilities,Life insurance and investment contract liabilities,人壽保險與投資合約負債,2026-05-01,2026-09-04T00:19:01.524875+00:00,"CBC Financial Statistics Monthly, appendix table 8 (life insurance companies' balance sheet)",https://www.cbc.gov.tw/public/data/EBOOKXLS/065_EF67_A4L.csv,31932593,2026-07-01
other_liabilities,Other liabilities,其他負債,2026-05-01,2026-09-04T00:19:01.524875+00:00,"CBC Financial Statistics Monthly, appendix table 8 (life insurance companies' balance sheet)",https://www.cbc.gov.tw/public/data/EBOOKXLS/065_EF67_A4L.csv,2847412,2026-07-01
equity,Equity,權益,2026-05-01,2026-09-04T00:19:01.524875+00:00,"CBC Financial Statistics Monthly, appendix table 8 (life insurance companies' balance sheet)",https://www.cbc.gov.tw/public/data/EBOOKXLS/065_EF67_A4L.csv,3910165,2026-07-01
foreign_assets,Foreign assets,國外資產,2026-06-01,2026-09-04T00:19:01.524875+00:00,"CBC Financial Statistics Monthly, appendix table 8 (life insurance companies' balance sheet)",https://www.cbc.gov.tw/public/data/EBOOKXLS/065_EF67_A4L.csv,21714806,2026-07-01
loans,Loans,放款,2026-06-01,2026-09-04T00:19:01.524875+00:00,"CBC Financial Statistics Monthly, appendix table 8 (life insurance companies' balance sheet)",https://www.cbc.gov.tw/public/data/EBOOKXLS/065_EF67_A4L.csv,698406,2026-07-01
portfolio_nonfin_total,"Portfolio investments in entities excluding financial institutions, subtotal",對非金融機構證券投資 計,2026-06-01,2026-09-04T00:19:01.524875+00:00,"CBC Financial Statistics Monthly, appendix table 8 (life insurance companies' balance sheet)",https://www.cbc.gov.tw/public/data/EBOOKXLS/065_EF67_A4L.csv,7347981,2026-07-01
portfolio_nonfin_govt,Government agencies,政府機關,2026-06-01,2026-09-04T00:19:01.524875+00:00,"CBC Financial Statistics Monthly, appendix table 8 (life insurance companies' balance sheet)",https://www.cbc.gov.tw/public/data/EBOOKXLS/065_EF67_A4L.csv,984813,2026-07-01
portfolio_nonfin_govt_ent,Government enterprises,公營事業,2026-06-01,2026-09-04T00:19:01.524875+00:00,"CBC Financial Statistics Monthly, appendix table 8 (life insurance companies' balance sheet)",https://www.cbc.gov.tw/public/data/EBOOKXLS/065_EF67_A4L.csv,71735,2026-07-01
portfolio_nonfin_private,Private enterprises,民營企業,2026-06-01,2026-09-04T00:19:01.524875+00:00,"CBC Financial Statistics Monthly, appendix table 8 (life insurance companies' balance sheet)",https://www.cbc.gov.tw/public/data/EBOOKXLS/065_EF67_A4L.csv,6291433,2026-07-01
portfolio_fin,Portfolio investments in financial institutions,對金融機構證券投資,2026-06-01,2026-09-04T00:19:01.524875+00:00,"CBC Financial Statistics Monthly, appendix table 8 (life insurance companies' balance sheet)",https://www.cbc.gov.tw/public/data/EBOOKXLS/065_EF67_A4L.csv,906709,2026-07-01
real_estate,Real estate investments,不動產投資,2026-06-01,2026-09-04T00:19:01.524875+00:00,"CBC Financial Statistics Monthly, appendix table 8 (life insurance companies' balance sheet)",https://www.cbc.gov.tw/public/data/EBOOKXLS/065_EF67_A4L.csv,1707414,2026-07-01
claims_on_fin,Claims on financial institutions,對金融機構債權,2026-06-01,2026-09-04T00:19:01.524875+00:00,"CBC Financial Statistics Monthly, appendix table 8 (life insurance companies' balance sheet)",https://www.cbc.gov.tw/public/data/EBOOKXLS/065_EF67_A4L.csv,817032,2026-07-01
cash_in_vaults,Cash in vaults,庫存現金,2026-06-01,2026-09-04T00:19:01.524875+00:00,"CBC Financial Statistics Monthly, appendix table 8 (life insurance companies' balance sheet)",https://www.cbc.gov.tw/public/data/EBOOKXLS/065_EF67_A4L.csv,94,2026-07-01
other_assets,Other assets,其他資產,2026-06-01,2026-09-04T00:19:01.524875+00:00,"CBC Financial Statistics Monthly, appendix table 8 (life insurance companies' balance sheet)",https://www.cbc.gov.tw/public/data/EBOOKXLS/065_EF67_A4L.csv,5844162,2026-07-01
total_assets,Total assets = total liabilities and equity,資產合計,2026-06-01,2026-09-04T00:19:01.524875+00:00,"CBC Financial Statistics Monthly, appendix table 8 (life insurance companies' balance sheet)",https://www.cbc.gov.tw/public/data/EBOOKXLS/065_EF67_A4L.csv,39036604,2026-07-01
life_and_ic_liabilities,Life insurance and investment contract liabilities,人壽保險與投資合約負債,2026-06-01,2026-09-04T00:19:01.524875+00:00,"CBC Financial Statistics Monthly, appendix table 8 (life insurance companies' balance sheet)",https://www.cbc.gov.tw/public/data/EBOOKXLS/065_EF67_A4L.csv,31757250,2026-07-01
other_liabilities,Other liabilities,其他負債,2026-06-01,2026-09-04T00:19:01.524875+00:00,"CBC Financial Statistics Monthly, appendix table 8 (life insurance companies' balance sheet)",https://www.cbc.gov.tw/public/data/EBOOKXLS/065_EF67_A4L.csv,3093323,2026-07-01
equity,Equity,權益,2026-06-01,2026-09-04T00:19:01.524875+00:00,"CBC Financial Statistics Monthly, appendix table 8 (life insurance companies' balance sheet)",https://www.cbc.gov.tw/public/data/EBOOKXLS/065_EF67_A4L.csv,4186031,2026-07-01
foreign_assets,Foreign assets,國外資產,2026-07-01,2026-09-04T00:19:01.524875+00:00,"CBC Financial Statistics Monthly, appendix table 8 (life insurance companies' balance sheet)",https://www.cbc.gov.tw/public/data/EBOOKXLS/065_EF67_A4L.csv,21905542,2026-07-01
loans,Loans,放款,2026-07-01,2026-09-04T00:19:01.524875+00:00,"CBC Financial Statistics Monthly, appendix table 8 (life insurance companies' balance sheet)",https://www.cbc.gov.tw/public/data/EBOOKXLS/065_EF67_A4L.csv,710660,2026-07-01
portfolio_nonfin_total,"Portfolio investments in entities excluding financial institutions, subtotal",對非金融機構證券投資 計,2026-07-01,2026-09-04T00:19:01.524875+00:00,"CBC Financial Statistics Monthly, appendix table 8 (life insurance companies' balance sheet)",https://www.cbc.gov.tw/public/data/EBOOKXLS/065_EF67_A4L.csv,6904836,2026-07-01
portfolio_nonfin_govt,Government agencies,政府機關,2026-07-01,2026-09-04T00:19:01.524875+00:00,"CBC Financial Statistics Monthly, appendix table 8 (life insurance companies' balance sheet)",https://www.cbc.gov.tw/public/data/EBOOKXLS/065_EF67_A4L.csv,963170,2026-07-01
portfolio_nonfin_govt_ent,Government enterprises,公營事業,2026-07-01,2026-09-04T00:19:01.524875+00:00,"CBC Financial Statistics Monthly, appendix table 8 (life insurance companies' balance sheet)",https://www.cbc.gov.tw/public/data/EBOOKXLS/065_EF67_A4L.csv,69623,2026-07-01
portfolio_nonfin_private,Private enterprises,民營企業,2026-07-01,2026-09-04T00:19:01.524875+00:00,"CBC Financial Statistics Monthly, appendix table 8 (life insurance companies' balance sheet)",https://www.cbc.gov.tw/public/data/EBOOKXLS/065_EF67_A4L.csv,5872043,2026-07-01
portfolio_fin,Portfolio investments in financial institutions,對金融機構證券投資,2026-07-01,2026-09-04T00:19:01.524875+00:00,"CBC Financial Statistics Monthly, appendix table 8 (life insurance companies' balance sheet)",https://www.cbc.gov.tw/public/data/EBOOKXLS/065_EF67_A4L.csv,901877,2026-07-01
real_estate,Real estate investments,不動產投資,2026-07-01,2026-09-04T00:19:01.524875+00:00,"CBC Financial Statistics Monthly, appendix table 8 (life insurance companies' balance sheet)",https://www.cbc.gov.tw/public/data/EBOOKXLS/065_EF67_A4L.csv,1713556,2026-07-01
claims_on_fin,Claims on financial institutions,對金融機構債權,2026-07-01,2026-09-04T00:19:01.524875+00:00,"CBC Financial Statistics Monthly, appendix table 8 (life insurance companies' balance sheet)",https://www.cbc.gov.tw/public/data/EBOOKXLS/065_EF67_A4L.csv,844749,2026-07-01
cash_in_vaults,Cash in vaults,庫存現金,2026-07-01,2026-09-04T00:19:01.524875+00:00,"CBC Financial Statistics Monthly, appendix table 8 (life insurance companies' balance sheet)",https://www.cbc.gov.tw/public/data/EBOOKXLS/065_EF67_A4L.csv,94,2026-07-01
other_assets,Other assets,其他資產,2026-07-01,2026-09-04T00:19:01.524875+00:00,"CBC Financial Statistics Monthly, appendix table 8 (life insurance companies' balance sheet)",https://www.cbc.gov.tw/public/data/EBOOKXLS/065_EF67_A4L.csv,5685897,2026-07-01
total_assets,Total assets = total liabilities and equity,資產合計,2026-07-01,2026-09-04T00:19:01.524875+00:00,"CBC Financial Statistics Monthly, appendix table 8 (life insurance companies' balance sheet)",https://www.cbc.gov.tw/public/data/EBOOKXLS/065_EF67_A4L.csv,38667211,2026-07-01
life_and_ic_liabilities,Life insurance and investment contract liabilities,人壽保險與投資合約負債,2026-07-01,2026-09-04T00:19:01.524875+00:00,"CBC Financial Statistics Monthly, appendix table 8 (life insurance companies' balance sheet)",https://www.cbc.gov.tw/public/data/EBOOKXLS/065_EF67_A4L.csv,31118288,2026-07-01
other_liabilities,Other liabilities,其他負債,2026-07-01,2026-09-04T00:19:01.524875+00:00,"CBC Financial Statistics Monthly, appendix table 8 (life insurance companies' balance sheet)",https://www.cbc.gov.tw/public/data/EBOOKXLS/065_EF67_A4L.csv,3402678,2026-07-01
equity,Equity,權益,2026-07-01,2026-09-04T00:19:01.524875+00:00,"CBC Financial Statistics Monthly, appendix table 8 (life insurance companies' balance sheet)",https://www.cbc.gov.tw/public/data/EBOOKXLS/065_EF67_A4L.csv,4146245,2026-07-01
