obs_month,currency,twd_per_unit
1987-05,AUD,22.5
1987-06,AUD,22.405
1987-07,AUD,21.57
1987-08,AUD,21.435
1987-09,AUD,21.655
1987-10,AUD,20.22
1987-11,AUD,20.79
1987-12,AUD,20.59
1988-01,AUD,20.42
1988-02,AUD,20.61
1988-03,AUD,21.115
1988-04,AUD,21.715
1988-05,AUD,22.96
1988-06,AUD,22.925
1988-07,AUD,22.945
1988-08,AUD,23.22
1988-09,AUD,22.635
1988-10,AUD,23.47
1988-11,AUD,24.745
1988-12,AUD,24.07
1989-01,AUD,24.505
1989-02,AUD,21.975
1989-03,AUD,22.475
1989-04,AUD,20.265
1989-05,AUD,19.495
1989-06,AUD,19.56
1989-07,AUD,19.33
1989-08,AUD,19.64
1989-09,AUD,19.87
1989-10,AUD,20.175
1989-11,AUD,20.38
1989-12,AUD,20.635
1990-01,AUD,20.1
1990-02,AUD,19.89
1990-03,AUD,19.965
1990-04,AUD,19.805
1990-05,AUD,21.19
1990-06,AUD,21.58
1990-07,AUD,21.51
1990-08,AUD,22.28
1990-09,AUD,22.645
1990-10,AUD,21.415
1990-11,AUD,21.095
1990-12,AUD,20.94
1991-01,AUD,21.26
1991-02,AUD,21.315
1991-03,AUD,21.25
1991-04,AUD,21.405
1991-05,AUD,20.65
1991-06,AUD,20.79
1991-07,AUD,20.89
1991-08,AUD,20.945
1991-09,AUD,21.21
1991-10,AUD,20.77
1991-11,AUD,20.2
1991-12,AUD,19.56
1992-01,AUD,18.765
1992-02,AUD,18.915
1992-03,AUD,19.605
1992-04,AUD,19.145
1992-05,AUD,18.845
1992-06,AUD,18.465
1992-07,AUD,18.58
1992-08,AUD,17.905
1992-09,AUD,17.975
1992-10,AUD,17.59
1992-11,AUD,17.41
1992-12,AUD,17.49
1993-01,AUD,17.33
1993-02,AUD,17.91
1993-03,AUD,18.605
1993-04,AUD,18.37
1993-05,AUD,17.88
1993-06,AUD,17.685
1993-07,AUD,18.56
1993-08,AUD,18.095
1993-09,AUD,17.44
1993-10,AUD,17.905
1993-11,AUD,17.715
1993-12,AUD,18.03
1994-01,AUD,18.825
1994-02,AUD,18.99
1994-03,AUD,18.44
1994-04,AUD,18.89
1994-05,AUD,19.925
1994-06,AUD,19.59
1994-07,AUD,19.68
1994-08,AUD,19.49
1994-09,AUD,19.365
1994-10,AUD,19.335
1994-11,AUD,20.155
1994-12,AUD,20.365
1995-01,AUD,19.955
1995-02,AUD,19.465
1995-03,AUD,18.97
1995-04,AUD,18.485
1995-05,AUD,18.43
1995-06,AUD,18.41
1995-07,AUD,19.555
1995-08,AUD,20.82
1995-09,AUD,20.48
1995-10,AUD,20.45
1995-11,AUD,20.47
1995-12,AUD,20.28
1996-01,AUD,20.46
1996-02,AUD,20.975
1996-03,AUD,21.355
1996-04,AUD,21.4
1996-05,AUD,22.17
1996-06,AUD,21.67
1996-07,AUD,21.69
1996-08,AUD,21.7
1996-09,AUD,21.78
1996-10,AUD,21.8
1996-11,AUD,22.44
1996-12,AUD,21.92
1997-01,AUD,20.99
1997-02,AUD,21.32
1997-03,AUD,21.61
1997-04,AUD,21.64
1997-05,AUD,21.19
1997-06,AUD,20.74
1997-07,AUD,21.26
1997-08,AUD,21.01
1997-09,AUD,20.61
1997-10,AUD,21.585
1997-11,AUD,21.895
1997-12,AUD,21.28
1998-01,AUD,22.785
1998-02,AUD,21.53
1998-03,AUD,21.82
1998-04,AUD,21.46
1998-05,AUD,21.17
1998-06,AUD,21.18
1998-07,AUD,21.03
1998-08,AUD,19.78
1998-09,AUD,20.45
1998-10,AUD,20.23
1998-11,AUD,20.5
1998-12,AUD,19.81
1999-01,AUD,20.38
1999-02,AUD,20.62
1999-03,AUD,20.9
1999-04,AUD,21.55
1999-05,AUD,21.25
1999-06,AUD,21.34
1999-07,AUD,20.93
1999-08,AUD,20.32
1999-09,AUD,20.76
1999-10,AUD,20.21
1999-11,AUD,20.15
1999-12,AUD,20.46
2000-01,AUD,19.57
2000-02,AUD,18.87
2000-03,AUD,18.68
2000-04,AUD,17.9
2000-05,AUD,17.75
2000-06,AUD,18.47
2000-07,AUD,18.1
2000-08,AUD,17.85
2000-09,AUD,17.0
2000-10,AUD,16.64
2000-11,AUD,17.32
2000-12,AUD,18.45
2001-01,AUD,17.68
2001-02,AUD,16.92
2001-03,AUD,16.1
2001-04,AUD,16.73
2001-05,AUD,17.35
2001-06,AUD,17.47
2001-07,AUD,17.205
2001-08,AUD,18.42
2001-09,AUD,17.05
2001-10,AUD,17.45
2001-11,AUD,17.91
2001-12,AUD,17.9
2002-01,AUD,17.73
2002-02,AUD,18.05
2002-03,AUD,18.68
2002-04,AUD,18.73
2002-05,AUD,19.4
2002-06,AUD,18.98
2002-07,AUD,18.48
2002-08,AUD,18.97
2002-09,AUD,19.04
2002-10,AUD,19.24
2002-11,AUD,19.51
2002-12,AUD,19.69
2003-01,AUD,20.45
2003-02,AUD,21.12
2003-03,AUD,20.99
2003-04,AUD,21.74
2003-05,AUD,22.69
2003-06,AUD,23.1
2003-07,AUD,22.43
2003-08,AUD,22.01
2003-09,AUD,23.02
2003-10,AUD,23.94
2003-11,AUD,24.75
2003-12,AUD,25.49
2004-01,AUD,25.41
2004-02,AUD,25.72
2004-03,AUD,25.09
2004-04,AUD,23.99
2004-05,AUD,23.89
2004-06,AUD,23.31
2004-07,AUD,23.88
2004-08,AUD,23.86
2004-09,AUD,24.29
2004-10,AUD,24.99
2004-11,AUD,24.82
2004-12,AUD,24.77
2005-01,AUD,24.6
2005-02,AUD,24.42
2005-03,AUD,24.48
2005-04,AUD,24.44
2005-05,AUD,23.75
2005-06,AUD,24.12
2005-07,AUD,24.28
2005-08,AUD,24.48
2005-09,AUD,25.24
2005-10,AUD,25.18
2005-11,AUD,24.74
2005-12,AUD,24.07
2006-01,AUD,24.05
2006-02,AUD,23.99
2006-03,AUD,23.28
2006-04,AUD,24.09
2006-05,AUD,24.46
2006-06,AUD,24.03
2006-07,AUD,25.1
2006-08,AUD,25.14
2006-09,AUD,24.71
2006-10,AUD,25.54
2006-11,AUD,25.47
2006-12,AUD,25.8
2007-01,AUD,25.39
2007-02,AUD,26.09
2007-03,AUD,26.7
2007-04,AUD,27.55
2007-05,AUD,27.28
2007-06,AUD,27.83
2007-07,AUD,28.24
2007-08,AUD,27.18
2007-09,AUD,28.94
2007-10,AUD,29.92
2007-11,AUD,28.62
2007-12,AUD,28.58
2008-01,AUD,28.69
2008-02,AUD,29.32
2008-03,AUD,27.82
2008-04,AUD,28.46
2008-05,AUD,29.03
2008-06,AUD,29.32
2008-07,AUD,28.96
2008-08,AUD,27.26
2008-09,AUD,25.89
2008-10,AUD,21.76
2008-11,AUD,21.94
2008-12,AUD,22.73
2009-01,AUD,21.7
2009-02,AUD,22.51
2009-03,AUD,23.36
2009-04,AUD,24.45
2009-05,AUD,25.67
2009-06,AUD,26.64
2009-07,AUD,27.17
2009-08,AUD,27.59
2009-09,AUD,28.28
2009-10,AUD,29.7
2009-11,AUD,29.52
2009-12,AUD,28.78
2010-01,AUD,28.54
2010-02,AUD,28.47
2010-03,AUD,29.12
2010-04,AUD,29.25
2010-05,AUD,27.35
2010-06,AUD,27.57
2010-07,AUD,28.81
2010-08,AUD,28.55
2010-09,AUD,30.34
2010-10,AUD,29.98
2010-11,AUD,29.73
2010-12,AUD,30.93
2011-01,AUD,28.91
2011-02,AUD,30.13
2011-03,AUD,30.38
2011-04,AUD,31.26
2011-05,AUD,30.67
2011-06,AUD,30.8
2011-07,AUD,31.5
2011-08,AUD,30.99
2011-09,AUD,29.69
2011-10,AUD,31.59
2011-11,AUD,30.19
2011-12,AUD,30.73
2012-01,AUD,31.45
2012-02,AUD,31.77
2012-03,AUD,30.68
2012-04,AUD,30.44
2012-05,AUD,29.03
2012-06,AUD,30.39
2012-07,AUD,31.5
2012-08,AUD,30.86
2012-09,AUD,30.61
2012-10,AUD,30.32
2012-11,AUD,30.31
2012-12,AUD,30.16
2013-01,AUD,30.71
2013-02,AUD,30.33
2013-03,AUD,31.07
2013-04,AUD,30.58
2013-05,AUD,28.75
2013-06,AUD,27.75
2013-07,AUD,27.09
2013-08,AUD,26.74
2013-09,AUD,27.52
2013-10,AUD,27.92
2013-11,AUD,26.92
2013-12,AUD,26.56
2014-01,AUD,26.6
2014-02,AUD,26.99
2014-03,AUD,28.13
2014-04,AUD,28.03
2014-05,AUD,27.93
2014-06,AUD,28.08
2014-07,AUD,27.91
2014-08,AUD,27.98
2014-09,AUD,26.61
2014-10,AUD,26.84
2014-11,AUD,26.31
2014-12,AUD,25.89
2015-01,AUD,24.5
2015-02,AUD,24.71
2015-03,AUD,23.81
2015-04,AUD,24.34
2015-05,AUD,23.5
2015-06,AUD,23.69
2015-07,AUD,22.98
2015-08,AUD,23.17
2015-09,AUD,23.02
2015-10,AUD,23.09
2015-11,AUD,23.48
2015-12,AUD,23.99
2016-01,AUD,23.68
2016-02,AUD,24.03
2016-03,AUD,24.6
2016-04,AUD,24.62
2016-05,AUD,23.58
2016-06,AUD,23.98
2016-07,AUD,23.93
2016-08,AUD,23.83
2016-09,AUD,23.83
2016-10,AUD,24.02
2016-11,AUD,23.82
2016-12,AUD,23.29
2017-01,AUD,23.68
2017-02,AUD,23.68
2017-03,AUD,23.22
2017-04,AUD,23.02
2017-05,AUD,22.42
2017-06,AUD,23.35
2017-07,AUD,24.09
2017-08,AUD,23.82
2017-09,AUD,23.71
2017-10,AUD,23.16
2017-11,AUD,22.72
2017-12,AUD,22.72
2018-01,AUD,23.56
2018-02,AUD,22.93
2018-03,AUD,22.41
2018-04,AUD,22.37
2018-05,AUD,22.71
2018-06,AUD,22.51
2018-07,AUD,22.7
2018-08,AUD,22.66
2018-09,AUD,22.04
2018-10,AUD,21.93
2018-11,AUD,22.55
2018-12,AUD,21.65
2019-01,AUD,22.34
2019-02,AUD,22.09
2019-03,AUD,21.85
2019-04,AUD,21.77
2019-05,AUD,21.88
2019-06,AUD,21.79
2019-07,AUD,21.42
2019-08,AUD,21.09
2019-09,AUD,20.97
2019-10,AUD,21.07
2019-11,AUD,20.68
2019-12,AUD,21.03
2020-01,AUD,20.26
2020-02,AUD,19.9
2020-03,AUD,18.63
2020-04,AUD,19.49
2020-05,AUD,19.96
2020-06,AUD,20.23
2020-07,AUD,21.1
2020-08,AUD,21.57
2020-09,AUD,20.62
2020-10,AUD,20.11
2020-11,AUD,21.04
2020-12,AUD,21.67
2021-01,AUD,21.42
2021-02,AUD,21.82
2021-03,AUD,21.71
2021-04,AUD,21.74
2021-05,AUD,21.36
2021-06,AUD,21.05
2021-07,AUD,20.66
2021-08,AUD,20.35
2021-09,AUD,20.09
2021-10,AUD,20.98
2021-11,AUD,19.8
2021-12,AUD,20.09
2022-01,AUD,20.05
2022-02,AUD,19.77
2022-03,AUD,21.42
2022-04,AUD,21.11
2022-05,AUD,20.88
2022-06,AUD,20.46
2022-07,AUD,21.01
2022-08,AUD,20.96
2022-09,AUD,20.67
2022-10,AUD,20.65
2022-11,AUD,20.76
2022-12,AUD,20.83
2023-01,AUD,21.13
2023-02,AUD,20.7
2023-03,AUD,20.33
2023-04,AUD,20.25
2023-05,AUD,19.92
2023-06,AUD,20.61
2023-07,AUD,21.02
2023-08,AUD,20.65
2023-09,AUD,20.54
2023-10,AUD,20.61
2023-11,AUD,20.74
2023-12,AUD,20.99
2024-01,AUD,20.57
2024-02,AUD,20.57
2024-03,AUD,20.83
2024-04,AUD,21.25
2024-05,AUD,21.5
2024-06,AUD,21.53
2024-07,AUD,21.36
2024-08,AUD,21.76
2024-09,AUD,21.94
2024-10,AUD,21.02
2024-11,AUD,21.16
2024-12,AUD,20.39
2025-01,AUD,20.41
2025-02,AUD,20.68
2025-03,AUD,20.81
2025-04,AUD,20.45
2025-05,AUD,19.29
2025-06,AUD,19.17
2025-07,AUD,19.28
2025-08,AUD,20.01
2025-09,AUD,20.11
2025-10,AUD,20.1
2025-11,AUD,20.49
2025-12,AUD,21.02
2026-01,AUD,22.03
2026-02,AUD,22.22
2026-03,AUD,21.98
2026-04,AUD,22.59
2026-05,AUD,22.44
2026-06,AUD,21.91
2026-07,AUD,22.72
1987-05,CAD,23.53
1987-06,CAD,23.31
1987-07,CAD,23.19
1987-08,CAD,22.83
1987-09,CAD,22.925
1987-10,CAD,22.725
1987-11,CAD,22.54
1987-12,CAD,21.935
1988-01,CAD,22.4
1988-02,CAD,22.645
1988-03,CAD,23.17
1988-04,CAD,23.28
1988-05,CAD,23.105
1988-06,CAD,23.79
1988-07,CAD,23.64
1988-08,CAD,23.25
1988-09,CAD,23.75
1988-10,CAD,23.655
1988-11,CAD,23.665
1988-12,CAD,23.625
1989-01,CAD,23.395
1989-02,CAD,23.085
1989-03,CAD,22.98
1989-04,CAD,21.56
1989-05,CAD,21.58
1989-06,CAD,21.66
1989-07,CAD,21.75
1989-08,CAD,21.8
1989-09,CAD,21.75
1989-10,CAD,22.04
1989-11,CAD,22.45
1989-12,CAD,22.595
1990-01,CAD,21.985
1990-02,CAD,21.92
1990-03,CAD,22.58
1990-04,CAD,22.68
1990-05,CAD,23.41
1990-06,CAD,23.37
1990-07,CAD,23.565
1990-08,CAD,23.765
1990-09,CAD,23.605
1990-10,CAD,23.455
1990-11,CAD,23.405
1990-12,CAD,23.395
1991-01,CAD,23.36
1991-02,CAD,23.59
1991-03,CAD,23.68
1991-04,CAD,23.78
1991-05,CAD,23.77
1991-06,CAD,23.755
1991-07,CAD,23.34
1991-08,CAD,23.395
1991-09,CAD,23.395
1991-10,CAD,23.485
1991-11,CAD,22.725
1991-12,CAD,22.245
1992-01,CAD,21.335
1992-02,CAD,21.275
1992-03,CAD,21.415
1992-04,CAD,21.125
1992-05,CAD,20.705
1992-06,CAD,20.61
1992-07,CAD,21.11
1992-08,CAD,21.0
1992-09,CAD,20.225
1992-10,CAD,20.46
1992-11,CAD,19.78
1992-12,CAD,20.05
1993-01,CAD,20.13
1993-02,CAD,20.62
1993-03,CAD,20.9
1993-04,CAD,20.33
1993-05,CAD,20.51
1993-06,CAD,20.59
1993-07,CAD,20.965
1993-08,CAD,20.385
1993-09,CAD,20.385
1993-10,CAD,20.355
1993-11,CAD,20.195
1993-12,CAD,20.09
1994-01,CAD,20.01
1994-02,CAD,19.645
1994-03,CAD,19.085
1994-04,CAD,19.11
1994-05,CAD,19.575
1994-06,CAD,19.435
1994-07,CAD,19.19
1994-08,CAD,19.115
1994-09,CAD,19.485
1994-10,CAD,19.28
1994-11,CAD,19.045
1994-12,CAD,18.76
1995-01,CAD,18.62
1995-02,CAD,18.98
1995-03,CAD,18.62
1995-04,CAD,18.76
1995-05,CAD,18.69
1995-06,CAD,18.8
1995-07,CAD,19.31
1995-08,CAD,20.56
1995-09,CAD,20.21
1995-10,CAD,19.89
1995-11,CAD,20.12
1995-12,CAD,20.03
1996-01,CAD,19.96
1996-02,CAD,19.97
1996-03,CAD,19.99
1996-04,CAD,20.0
1996-05,CAD,20.23
1996-06,CAD,20.19
1996-07,CAD,20.08
1996-08,CAD,20.1
1996-09,CAD,20.19
1996-10,CAD,20.5
1996-11,CAD,20.36
1996-12,CAD,20.09
1997-01,CAD,20.36
1997-02,CAD,20.11
1997-03,CAD,19.98
1997-04,CAD,19.81
1997-05,CAD,20.25
1997-06,CAD,20.17
1997-07,CAD,20.72
1997-08,CAD,20.67
1997-09,CAD,20.7
1997-10,CAD,22.09
1997-11,CAD,22.585
1997-12,CAD,22.75
1998-01,CAD,23.395
1998-02,CAD,22.48
1998-03,CAD,23.13
1998-04,CAD,22.98
1998-05,CAD,23.35
1998-06,CAD,23.41
1998-07,CAD,22.86
1998-08,CAD,22.51
1998-09,CAD,22.7
1998-10,CAD,21.02
1998-11,CAD,21.13
1998-12,CAD,20.82
1999-01,CAD,21.4
1999-02,CAD,21.88
1999-03,CAD,21.94
1999-04,CAD,22.32
1999-05,CAD,22.22
1999-06,CAD,21.87
1999-07,CAD,21.34
1999-08,CAD,21.34
1999-09,CAD,21.67
1999-10,CAD,21.57
1999-11,CAD,21.49
1999-12,CAD,21.61
2000-01,CAD,21.23
2000-02,CAD,21.17
2000-03,CAD,20.94
2000-04,CAD,20.69
2000-05,CAD,20.5
2000-06,CAD,20.79
2000-07,CAD,21.01
2000-08,CAD,21.04
2000-09,CAD,20.85
2000-10,CAD,21.13
2000-11,CAD,21.45
2000-12,CAD,22.02
2001-01,CAD,21.53
2001-02,CAD,21.18
2001-03,CAD,20.87
2001-04,CAD,21.34
2001-05,CAD,21.96
2001-06,CAD,22.62
2001-07,CAD,22.75
2001-08,CAD,22.33
2001-09,CAD,21.91
2001-10,CAD,21.87
2001-11,CAD,21.84
2001-12,CAD,22.01
2002-01,CAD,22.03
2002-02,CAD,21.83
2002-03,CAD,21.98
2002-04,CAD,22.16
2002-05,CAD,22.25
2002-06,CAD,22.21
2002-07,CAD,21.45
2002-08,CAD,21.99
2002-09,CAD,22.15
2002-10,CAD,22.15
2002-11,CAD,22.12
2002-12,CAD,22.07
2003-01,CAD,22.82
2003-02,CAD,23.3
2003-03,CAD,23.69
2003-04,CAD,24.22
2003-05,CAD,25.39
2003-06,CAD,25.67
2003-07,CAD,24.51
2003-08,CAD,24.47
2003-09,CAD,25.07
2003-10,CAD,25.83
2003-11,CAD,31.17
2003-12,CAD,26.25
2004-01,CAD,25.07
2004-02,CAD,24.83
2004-03,CAD,25.36
2004-04,CAD,24.3
2004-05,CAD,24.53
2004-06,CAD,25.08
2004-07,CAD,25.8
2004-08,CAD,25.88
2004-09,CAD,26.73
2004-10,CAD,27.39
2004-11,CAD,27.07
2004-12,CAD,26.45
2005-01,CAD,25.6
2005-02,CAD,25.11
2005-03,CAD,25.96
2005-04,CAD,25.04
2005-05,CAD,24.88
2005-06,CAD,25.68
2005-07,CAD,26.0
2005-08,CAD,27.5
2005-09,CAD,28.33
2005-10,CAD,28.53
2005-11,CAD,28.71
2005-12,CAD,28.23
2006-01,CAD,27.82
2006-02,CAD,28.24
2006-03,CAD,27.97
2006-04,CAD,28.4
2006-05,CAD,29.06
2006-06,CAD,29.17
2006-07,CAD,29.05
2006-08,CAD,29.73
2006-09,CAD,29.69
2006-10,CAD,29.53
2006-11,CAD,28.47
2006-12,CAD,28.08
2007-01,CAD,27.93
2007-02,CAD,28.37
2007-03,CAD,28.68
2007-04,CAD,29.82
2007-05,CAD,30.79
2007-06,CAD,30.97
2007-07,CAD,30.88
2007-08,CAD,31.3
2007-09,CAD,32.86
2007-10,CAD,33.97
2007-11,CAD,32.43
2007-12,CAD,33.17
2008-01,CAD,32.34
2008-02,CAD,31.69
2008-03,CAD,29.76
2008-04,CAD,30.1
2008-05,CAD,30.67
2008-06,CAD,30.12
2008-07,CAD,29.94
2008-08,CAD,30.03
2008-09,CAD,30.69
2008-10,CAD,26.86
2008-11,CAD,26.99
2008-12,CAD,27.01
2009-01,CAD,26.73
2009-02,CAD,27.83
2009-03,CAD,27.05
2009-04,CAD,27.89
2009-05,CAD,29.34
2009-06,CAD,28.44
2009-07,CAD,30.36
2009-08,CAD,29.96
2009-09,CAD,29.78
2009-10,CAD,30.44
2009-11,CAD,30.47
2009-12,CAD,30.45
2010-01,CAD,30.01
2010-02,CAD,30.27
2010-03,CAD,31.28
2010-04,CAD,31.31
2010-05,CAD,30.71
2010-06,CAD,30.75
2010-07,CAD,30.98
2010-08,CAD,30.26
2010-09,CAD,30.35
2010-10,CAD,30.1
2010-11,CAD,30.27
2010-12,CAD,30.4
2011-01,CAD,29.06
2011-02,CAD,30.31
2011-03,CAD,30.27
2011-04,CAD,30.05
2011-05,CAD,29.53
2011-06,CAD,29.7
2011-07,CAD,30.29
2011-08,CAD,29.69
2011-09,CAD,29.2
2011-10,CAD,29.96
2011-11,CAD,29.29
2011-12,CAD,29.66
2012-01,CAD,29.57
2012-02,CAD,29.57
2012-03,CAD,29.57
2012-04,CAD,29.71
2012-05,CAD,29.04
2012-06,CAD,29.13
2012-07,CAD,29.93
2012-08,CAD,30.17
2012-09,CAD,29.92
2012-10,CAD,29.26
2012-11,CAD,29.26
2012-12,CAD,29.19
2013-01,CAD,29.45
2013-02,CAD,28.93
2013-03,CAD,29.36
2013-04,CAD,29.18
2013-05,CAD,28.96
2013-06,CAD,28.63
2013-07,CAD,29.09
2013-08,CAD,28.42
2013-09,CAD,28.67
2013-10,CAD,28.07
2013-11,CAD,27.93
2013-12,CAD,27.97
2014-01,CAD,27.15
2014-02,CAD,27.21
2014-03,CAD,27.54
2014-04,CAD,27.56
2014-05,CAD,27.68
2014-06,CAD,27.95
2014-07,CAD,27.47
2014-08,CAD,27.55
2014-09,CAD,27.29
2014-10,CAD,27.17
2014-11,CAD,27.21
2014-12,CAD,27.24
2015-01,CAD,24.92
2015-02,CAD,25.29
2015-03,CAD,24.57
2015-04,CAD,25.5
2015-05,CAD,24.67
2015-06,CAD,24.88
2015-07,CAD,24.23
2015-08,CAD,24.52
2015-09,CAD,24.5
2015-10,CAD,24.68
2015-11,CAD,24.37
2015-12,CAD,23.65
2016-01,CAD,23.92
2016-02,CAD,24.56
2016-03,CAD,24.78
2016-04,CAD,25.74
2016-05,CAD,24.95
2016-06,CAD,24.91
2016-07,CAD,24.22
2016-08,CAD,24.21
2016-09,CAD,23.8
2016-10,CAD,23.56
2016-11,CAD,23.7
2016-12,CAD,23.91
2017-01,CAD,23.95
2017-02,CAD,23.45
2017-03,CAD,22.74
2017-04,CAD,22.68
2017-05,CAD,22.37
2017-06,CAD,23.42
2017-07,CAD,24.22
2017-08,CAD,23.88
2017-09,CAD,24.27
2017-10,CAD,23.5
2017-11,CAD,23.29
2017-12,CAD,23.34
2018-01,CAD,23.71
2018-02,CAD,23.03
2018-03,CAD,22.57
2018-04,CAD,23.04
2018-05,CAD,23.31
2018-06,CAD,23.05
2018-07,CAD,23.45
2018-08,CAD,23.51
2018-09,CAD,23.47
2018-10,CAD,23.58
2018-11,CAD,23.2
2018-12,CAD,22.56
2019-01,CAD,23.41
2019-02,CAD,23.36
2019-03,CAD,22.95
2019-04,CAD,22.96
2019-05,CAD,23.36
2019-06,CAD,23.73
2019-07,CAD,23.65
2019-08,CAD,23.59
2019-09,CAD,23.46
2019-10,CAD,23.14
2019-11,CAD,22.97
2019-12,CAD,23.0
2020-01,CAD,22.85
2020-02,CAD,22.74
2020-03,CAD,21.31
2020-04,CAD,21.45
2020-05,CAD,21.79
2020-06,CAD,21.57
2020-07,CAD,21.85
2020-08,CAD,22.45
2020-09,CAD,21.61
2020-10,CAD,21.47
2020-11,CAD,21.94
2020-12,CAD,22.05
2021-01,CAD,21.77
2021-02,CAD,22.08
2021-03,CAD,22.64
2021-04,CAD,22.7
2021-05,CAD,22.88
2021-06,CAD,22.58
2021-07,CAD,22.47
2021-08,CAD,22.05
2021-09,CAD,21.91
2021-10,CAD,22.53
2021-11,CAD,21.73
2021-12,CAD,21.62
2022-01,CAD,21.79
2022-02,CAD,21.89
2022-03,CAD,22.87
2022-04,CAD,23.15
2022-05,CAD,22.92
2022-06,CAD,23.02
2022-07,CAD,23.39
2022-08,CAD,23.27
2022-09,CAD,23.24
2022-10,CAD,23.63
2022-11,CAD,22.79
2022-12,CAD,22.67
2023-01,CAD,22.39
2023-02,CAD,22.47
2023-03,CAD,22.46
2023-04,CAD,22.51
2023-05,CAD,22.53
2023-06,CAD,23.48
2023-07,CAD,23.73
2023-08,CAD,23.53
2023-09,CAD,23.88
2023-10,CAD,23.43
2023-11,CAD,23.01
2023-12,CAD,23.2
2024-01,CAD,23.32
2024-02,CAD,23.27
2024-03,CAD,23.61
2024-04,CAD,23.77
2024-05,CAD,23.71
2024-06,CAD,23.67
2024-07,CAD,23.73
2024-08,CAD,23.72
2024-09,CAD,23.42
2024-10,CAD,23.02
2024-11,CAD,23.2
2024-12,CAD,22.8
2025-01,CAD,22.83
2025-02,CAD,22.9
2025-03,CAD,23.15
2025-04,CAD,23.14
2025-05,CAD,21.64
2025-06,CAD,21.44
2025-07,CAD,21.56
2025-08,CAD,22.27
2025-09,CAD,21.89
2025-10,CAD,21.94
2025-11,CAD,22.37
2025-12,CAD,22.94
2026-01,CAD,23.29
2026-02,CAD,22.84
2026-03,CAD,22.98
2026-04,CAD,23.17
2026-05,CAD,22.71
2026-06,CAD,22.38
2026-07,CAD,23.05
1987-05,CHF,20.905
1987-06,CHF,20.4
1987-07,CHF,20.08
1987-08,CHF,20.17
1987-09,CHF,19.7
1987-10,CHF,20.86
1987-11,CHF,21.865
1987-12,CHF,22.165
1988-01,CHF,21.08
1988-02,CHF,20.65
1988-03,CHF,20.83
1988-04,CHF,20.51
1988-05,CHF,19.85
1988-06,CHF,19.21
1988-07,CHF,18.305
1988-08,CHF,18.245
1988-09,CHF,18.145
1988-10,CHF,19.07
1988-11,CHF,19.41
1988-12,CHF,18.79
1989-01,CHF,17.465
1989-02,CHF,17.815
1989-03,CHF,16.65
1989-04,CHF,15.265
1989-05,CHF,15.065
1989-06,CHF,15.445
1989-07,CHF,15.94
1989-08,CHF,15.255
1989-09,CHF,15.785
1989-10,CHF,16.125
1989-11,CHF,16.44
1989-12,CHF,16.99
1990-01,CHF,17.535
1990-02,CHF,17.6
1990-03,CHF,17.62
1990-04,CHF,18.14
1990-05,CHF,19.3
1990-06,CHF,19.22
1990-07,CHF,20.005
1990-08,CHF,21.15
1990-09,CHF,20.93
1990-10,CHF,21.16
1990-11,CHF,21.285
1990-12,CHF,21.275
1991-01,CHF,21.44
1991-02,CHF,20.68
1991-03,CHF,18.83
1991-04,CHF,18.59
1991-05,CHF,18.59
1991-06,CHF,17.455
1991-07,CHF,17.575
1991-08,CHF,17.49
1991-09,CHF,18.285
1991-10,CHF,17.865
1991-11,CHF,17.965
1991-12,CHF,19.015
1992-01,CHF,17.41
1992-02,CHF,16.92
1992-03,CHF,16.99
1992-04,CHF,16.565
1992-05,CHF,17.11
1992-06,CHF,17.98
1992-07,CHF,19.02
1992-08,CHF,19.87
1992-09,CHF,20.66
1992-10,CHF,18.53
1992-11,CHF,17.63
1992-12,CHF,17.39
1993-01,CHF,17.15
1993-02,CHF,16.86
1993-03,CHF,17.5
1993-04,CHF,18.1
1993-05,CHF,18.33
1993-06,CHF,17.63
1993-07,CHF,17.68
1993-08,CHF,18.32
1993-09,CHF,19.11
1993-10,CHF,18.0
1993-11,CHF,18.09
1993-12,CHF,18.02
1994-01,CHF,18.01
1994-02,CHF,18.55
1994-03,CHF,18.6
1994-04,CHF,18.82
1994-05,CHF,19.31
1994-06,CHF,20.14
1994-07,CHF,19.85
1994-08,CHF,19.69
1994-09,CHF,20.35
1994-10,CHF,20.67
1994-11,CHF,19.77
1994-12,CHF,20.08
1995-01,CHF,20.64
1995-02,CHF,21.22
1995-03,CHF,22.21
1995-04,CHF,22.19
1995-05,CHF,22.31
1995-06,CHF,22.46
1995-07,CHF,23.05
1995-08,CHF,22.67
1995-09,CHF,23.48
1995-10,CHF,23.73
1995-11,CHF,23.47
1995-12,CHF,23.65
1996-01,CHF,22.62
1996-02,CHF,23.0
1996-03,CHF,22.73
1996-04,CHF,21.97
1996-05,CHF,22.0
1996-06,CHF,21.93
1996-07,CHF,22.84
1996-08,CHF,22.87
1996-09,CHF,21.94
1996-10,CHF,21.97
1996-11,CHF,21.09
1996-12,CHF,20.4
1997-01,CHF,19.28
1997-02,CHF,18.67
1997-03,CHF,18.99
1997-04,CHF,18.88
1997-05,CHF,19.71
1997-06,CHF,19.17
1997-07,CHF,18.89
1997-08,CHF,19.22
1997-09,CHF,19.67
1997-10,CHF,22.075
1997-11,CHF,22.535
1997-12,CHF,22.41
1998-01,CHF,23.73
1998-02,CHF,21.74
1998-03,CHF,21.62
1998-04,CHF,22.08
1998-05,CHF,22.97
1998-06,CHF,22.59
1998-07,CHF,23.07
1998-08,CHF,23.98
1998-09,CHF,24.83
1998-10,CHF,23.99
1998-11,CHF,22.98
1998-12,CHF,23.37
1999-01,CHF,22.82
1999-02,CHF,22.86
1999-03,CHF,22.29
1999-04,CHF,21.56
1999-05,CHF,21.46
1999-06,CHF,20.84
1999-07,CHF,21.58
1999-08,CHF,20.97
1999-09,CHF,21.09
1999-10,CHF,20.88
1999-11,CHF,19.94
1999-12,CHF,19.7
2000-01,CHF,18.69
2000-02,CHF,18.53
2000-03,CHF,18.34
2000-04,CHF,17.85
2000-05,CHF,18.31
2000-06,CHF,18.89
2000-07,CHF,18.55
2000-08,CHF,17.97
2000-09,CHF,18.17
2000-10,CHF,17.9
2000-11,CHF,18.88
2000-12,CHF,20.49
2001-01,CHF,19.66
2001-02,CHF,19.19
2001-03,CHF,18.98
2001-04,CHF,19.06
2001-05,CHF,19.0
2001-06,CHF,19.16
2001-07,CHF,20.15
2001-08,CHF,20.91
2001-09,CHF,21.39
2001-10,CHF,21.29
2001-11,CHF,20.8
2001-12,CHF,20.91
2002-01,CHF,20.42
2002-02,CHF,20.54
2002-03,CHF,20.8
2002-04,CHF,21.43
2002-05,CHF,21.88
2002-06,CHF,22.6
2002-07,CHF,22.77
2002-08,CHF,22.98
2002-09,CHF,23.47
2002-10,CHF,23.45
2002-11,CHF,23.46
2002-12,CHF,24.97
2003-01,CHF,25.57
2003-02,CHF,25.63
2003-03,CHF,25.54
2003-04,CHF,25.63
2003-05,CHF,23.92
2003-06,CHF,25.59
2003-07,CHF,25.19
2003-08,CHF,24.19
2003-09,CHF,25.53
2003-10,CHF,25.48
2003-11,CHF,26.36
2003-12,CHF,27.43
2004-01,CHF,26.5
2004-02,CHF,26.35
2004-03,CHF,25.92
2004-04,CHF,25.74
2004-05,CHF,26.69
2004-06,CHF,26.77
2004-07,CHF,26.68
2004-08,CHF,26.68
2004-09,CHF,26.96
2004-10,CHF,27.93
2004-11,CHF,28.11
2004-12,CHF,28.09
2005-01,CHF,26.7
2005-02,CHF,26.67
2005-03,CHF,26.35
2005-04,CHF,26.38
2005-05,CHF,25.16
2005-06,CHF,24.65
2005-07,CHF,24.74
2005-08,CHF,25.8
2005-09,CHF,25.66
2005-10,CHF,26.18
2005-11,CHF,25.53
2005-12,CHF,25.01
2006-01,CHF,25.17
2006-02,CHF,24.6
2006-03,CHF,24.95
2006-04,CHF,25.39
2006-05,CHF,26.39
2006-06,CHF,26.24
2006-07,CHF,26.55
2006-08,CHF,26.83
2006-09,CHF,26.44
2006-10,CHF,26.55
2006-11,CHF,26.86
2006-12,CHF,26.69
2007-01,CHF,26.26
2007-02,CHF,26.83
2007-03,CHF,27.13
2007-04,CHF,27.56
2007-05,CHF,26.95
2007-06,CHF,26.59
2007-07,CHF,27.25
2007-08,CHF,27.39
2007-09,CHF,27.99
2007-10,CHF,27.98
2007-11,CHF,28.81
2007-12,CHF,28.84
2008-01,CHF,29.67
2008-02,CHF,29.52
2008-03,CHF,30.59
2008-04,CHF,29.39
2008-05,CHF,28.92
2008-06,CHF,29.87
2008-07,CHF,29.25
2008-08,CHF,28.81
2008-09,CHF,29.32
2008-10,CHF,28.6
2008-11,CHF,27.81
2008-12,CHF,31.08
2009-01,CHF,28.94
2009-02,CHF,29.86
2009-03,CHF,29.67
2009-04,CHF,29.31
2009-05,CHF,30.12
2009-06,CHF,30.36
2009-07,CHF,30.19
2009-08,CHF,31.02
2009-09,CHF,31.11
2009-10,CHF,31.94
2009-11,CHF,32.16
2009-12,CHF,31.02
2010-01,CHF,30.43
2010-02,CHF,29.74
2010-03,CHF,29.86
2010-04,CHF,29.09
2010-05,CHF,27.86
2010-06,CHF,29.83
2010-07,CHF,30.9
2010-08,CHF,31.42
2010-09,CHF,32.05
2010-10,CHF,31.13
2010-11,CHF,30.97
2010-12,CHF,32.41
2011-01,CHF,30.86
2011-02,CHF,32.14
2011-03,CHF,32.1
2011-04,CHF,32.79
2011-05,CHF,33.74
2011-06,CHF,34.42
2011-07,CHF,35.93
2011-08,CHF,35.75
2011-09,CHF,33.8
2011-10,CHF,34.4
2011-11,CHF,32.81
2011-12,CHF,32.19
2012-01,CHF,32.32
2012-02,CHF,32.81
2012-03,CHF,32.69
2012-04,CHF,32.11
2012-05,CHF,30.82
2012-06,CHF,31.26
2012-07,CHF,30.61
2012-08,CHF,31.18
2012-09,CHF,31.31
2012-10,CHF,31.37
2012-11,CHF,31.38
2012-12,CHF,31.83
2013-01,CHF,32.39
2013-02,CHF,31.85
2013-03,CHF,31.4
2013-04,CHF,31.52
2013-05,CHF,31.39
2013-06,CHF,31.69
2013-07,CHF,32.32
2013-08,CHF,32.18
2013-09,CHF,32.63
2013-10,CHF,32.63
2013-11,CHF,32.66
2013-12,CHF,33.45
2014-01,CHF,33.67
2014-02,CHF,33.98
2014-03,CHF,34.38
2014-04,CHF,34.15
2014-05,CHF,33.43
2014-06,CHF,33.54
2014-07,CHF,33.01
2014-08,CHF,32.65
2014-09,CHF,31.98
2014-10,CHF,31.74
2014-11,CHF,32.0
2014-12,CHF,31.96
2015-01,CHF,33.99
2015-02,CHF,33.08
2015-03,CHF,32.15
2015-04,CHF,32.77
2015-05,CHF,32.53
2015-06,CHF,33.12
2015-07,CHF,32.68
2015-08,CHF,33.76
2015-09,CHF,33.74
2015-10,CHF,32.87
2015-11,CHF,31.66
2015-12,CHF,33.2
2016-01,CHF,32.66
2016-02,CHF,33.63
2016-03,CHF,33.36
2016-04,CHF,33.48
2016-05,CHF,32.87
2016-06,CHF,32.96
2016-07,CHF,32.63
2016-08,CHF,32.23
2016-09,CHF,32.39
2016-10,CHF,31.93
2016-11,CHF,31.39
2016-12,CHF,31.54
2017-01,CHF,31.35
2017-02,CHF,30.53
2017-03,CHF,30.32
2017-04,CHF,30.31
2017-05,CHF,30.88
2017-06,CHF,31.75
2017-07,CHF,31.21
2017-08,CHF,31.31
2017-09,CHF,31.25
2017-10,CHF,30.3
2017-11,CHF,30.45
2017-12,CHF,30.52
2018-01,CHF,31.27
2018-02,CHF,31.19
2018-03,CHF,30.51
2018-04,CHF,29.95
2018-05,CHF,30.34
2018-06,CHF,30.62
2018-07,CHF,30.96
2018-08,CHF,30.86
2018-09,CHF,31.3
2018-10,CHF,30.79
2018-11,CHF,30.95
2018-12,CHF,31.18
2019-01,CHF,30.93
2019-02,CHF,30.79
2019-03,CHF,30.94
2019-04,CHF,30.34
2019-05,CHF,31.44
2019-06,CHF,31.88
2019-07,CHF,31.39
2019-08,CHF,31.72
2019-09,CHF,31.26
2019-10,CHF,30.82
2019-11,CHF,30.54
2019-12,CHF,30.97
2020-01,CHF,31.12
2020-02,CHF,31.15
2020-03,CHF,31.39
2020-04,CHF,30.63
2020-05,CHF,31.17
2020-06,CHF,30.98
2020-07,CHF,32.27
2020-08,CHF,32.45
2020-09,CHF,31.46
2020-10,CHF,31.29
2020-11,CHF,31.58
2020-12,CHF,31.89
2021-01,CHF,31.48
2021-02,CHF,30.82
2021-03,CHF,30.29
2021-04,CHF,30.66
2021-05,CHF,30.67
2021-06,CHF,30.31
2021-07,CHF,30.86
2021-08,CHF,30.35
2021-09,CHF,29.84
2021-10,CHF,30.53
2021-11,CHF,30.2
2021-12,CHF,30.18
2022-01,CHF,30.22
2022-02,CHF,30.12
2022-03,CHF,30.94
2022-04,CHF,30.43
2022-05,CHF,30.22
2022-06,CHF,31.11
2022-07,CHF,31.44
2022-08,CHF,31.19
2022-09,CHF,32.51
2022-10,CHF,32.23
2022-11,CHF,32.43
2022-12,CHF,33.23
2023-01,CHF,32.46
2023-02,CHF,32.57
2023-03,CHF,33.28
2023-04,CHF,34.31
2023-05,CHF,33.73
2023-06,CHF,34.6
2023-07,CHF,36.11
2023-08,CHF,36.2
2023-09,CHF,35.05
2023-10,CHF,35.94
2023-11,CHF,35.81
2023-12,CHF,36.51
2024-01,CHF,36.24
2024-02,CHF,35.95
2024-03,CHF,35.48
2024-04,CHF,35.65
2024-05,CHF,35.82
2024-06,CHF,36.08
2024-07,CHF,37.27
2024-08,CHF,37.72
2024-09,CHF,37.56
2024-10,CHF,36.93
2024-11,CHF,36.85
2024-12,CHF,36.28
2025-01,CHF,36.34
2025-02,CHF,36.62
2025-03,CHF,37.69
2025-04,CHF,38.8
2025-05,CHF,36.05
2025-06,CHF,36.69
2025-07,CHF,36.72
2025-08,CHF,38.23
2025-09,CHF,38.26
2025-10,CHF,38.28
2025-11,CHF,38.96
2025-12,CHF,39.63
2026-01,CHF,41.0
2026-02,CHF,40.43
2026-03,CHF,40.02
2026-04,CHF,40.08
2026-05,CHF,39.99
2026-06,CHF,39.34
2026-07,CHF,40.02
2013-02,CNY,4.765
2013-03,CNY,4.805
2013-04,CNY,4.79
2013-05,CNY,4.875
2013-06,CNY,4.885
2013-07,CNY,4.89
2013-08,CNY,4.89
2013-09,CNY,4.835
2013-10,CNY,4.825
2013-11,CNY,4.855
2013-12,CNY,4.915
2014-01,CNY,5.005
2014-02,CNY,4.945
2014-03,CNY,4.895
2014-04,CNY,4.82
2014-05,CNY,4.8
2014-06,CNY,4.815
2014-07,CNY,4.855
2014-08,CNY,4.865
2014-09,CNY,4.95
2014-10,CNY,4.98
2014-11,CNY,5.035
2014-12,CNY,5.1
2015-01,CNY,5.04
2015-02,CNY,5.015
2015-03,CNY,5.045
2015-04,CNY,4.935
2015-05,CNY,4.95
2015-06,CNY,4.975
2015-07,CNY,5.075
2015-08,CNY,5.045
2015-09,CNY,5.175
2015-10,CNY,5.135
2015-11,CNY,5.065
2015-12,CNY,4.995
2016-01,CNY,5.065
2016-02,CNY,5.085
2016-03,CNY,4.97
2016-04,CNY,4.97
2016-05,CNY,4.945
2016-06,CNY,4.845
2016-07,CNY,4.795
2016-08,CNY,4.74
2016-09,CNY,4.695
2016-10,CNY,4.655
2016-11,CNY,4.615
2016-12,CNY,4.615
2017-01,CNY,4.585
2017-02,CNY,4.475
2017-03,CNY,4.405
2017-04,CNY,4.415
2017-05,CNY,4.445
2017-06,CNY,4.485
2017-07,CNY,4.495
2017-08,CNY,4.575
2017-09,CNY,4.555
2017-10,CNY,4.555
2017-11,CNY,4.535
2017-12,CNY,4.545
2018-01,CNY,4.625
2018-02,CNY,4.635
2018-03,CNY,4.655
2018-04,CNY,4.685
2018-05,CNY,4.685
2018-06,CNY,4.595
2018-07,CNY,4.475
2018-08,CNY,4.485
2018-09,CNY,4.435
2018-10,CNY,4.435
2018-11,CNY,4.445
2018-12,CNY,4.475
2019-01,CNY,4.575
2019-02,CNY,4.605
2019-03,CNY,4.585
2019-04,CNY,4.585
2019-05,CNY,4.565
2019-06,CNY,4.525
2019-07,CNY,4.515
2019-08,CNY,4.395
2019-09,CNY,4.345
2019-10,CNY,4.325
2019-11,CNY,4.335
2019-12,CNY,4.305
2020-01,CNY,4.325
2020-02,CNY,4.315
2020-03,CNY,4.255
2020-04,CNY,4.215
2020-05,CNY,4.185
2020-06,CNY,4.175
2020-07,CNY,4.195
2020-08,CNY,4.275
2020-09,CNY,4.255
2020-10,CNY,4.275
2020-11,CNY,4.335
2020-12,CNY,4.325
2021-01,CNY,4.325
2021-02,CNY,4.305
2021-03,CNY,4.345
2021-04,CNY,4.325
2021-05,CNY,4.345
2021-06,CNY,4.315
2021-07,CNY,4.325
2021-08,CNY,4.305
2021-09,CNY,4.305
2021-10,CNY,4.355
2021-11,CNY,4.365
2021-12,CNY,4.345
2022-01,CNY,4.345
2022-02,CNY,4.375
2022-03,CNY,4.505
2022-04,CNY,4.455
2022-05,CNY,4.355
2022-06,CNY,4.445
2022-07,CNY,4.445
2022-08,CNY,4.415
2022-09,CNY,4.475
2022-10,CNY,4.405
2022-11,CNY,4.325
2022-12,CNY,4.405
2023-01,CNY,4.445
2023-02,CNY,4.385
2023-03,CNY,4.435
2023-04,CNY,4.435
2023-05,CNY,4.315
2023-06,CNY,4.285
2023-07,CNY,4.395
2023-08,CNY,4.365
2023-09,CNY,4.415
2023-10,CNY,4.425
2023-11,CNY,4.375
2023-12,CNY,4.325
2024-01,CNY,4.355
2024-02,CNY,4.385
2024-03,CNY,4.405
2024-04,CNY,4.485
2024-05,CNY,4.465
2024-06,CNY,4.445
2024-07,CNY,4.545
2024-08,CNY,4.515
2024-09,CNY,4.525
2024-10,CNY,4.485
2024-11,CNY,4.485
2024-12,CNY,4.475
2025-01,CNY,4.495
2025-02,CNY,4.515
2025-03,CNY,4.575
2025-04,CNY,4.405
2025-05,CNY,4.165
2025-06,CNY,4.095
2025-07,CNY,4.145
2025-08,CNY,4.295
2025-09,CNY,4.275
2025-10,CNY,4.315
2025-11,CNY,4.435
2025-12,CNY,4.495
2026-01,CNY,4.525
2026-02,CNY,4.565
2026-03,CNY,4.635
2026-04,CNY,4.635
2026-05,CNY,4.635
2026-06,CNY,4.695
2026-07,CNY,4.795
1999-01,EUR,36.735
1999-02,EUR,36.345
1999-03,EUR,35.58
1999-04,EUR,34.73
1999-05,EUR,34.2
1999-06,EUR,33.35
1999-07,EUR,34.43
1999-08,EUR,33.58
1999-09,EUR,33.73
1999-10,EUR,33.42
1999-11,EUR,31.98
1999-12,EUR,31.63
2000-01,EUR,30.09
2000-02,EUR,29.77
2000-03,EUR,29.23
2000-04,EUR,27.95
2000-05,EUR,28.74
2000-06,EUR,29.45
2000-07,EUR,28.73
2000-08,EUR,27.8
2000-09,EUR,27.72
2000-10,EUR,27.19
2000-11,EUR,28.56
2000-12,EUR,31.09
2001-01,EUR,29.99
2001-02,EUR,29.49
2001-03,EUR,28.95
2001-04,EUR,29.31
2001-05,EUR,28.93
2001-06,EUR,29.13
2001-07,EUR,30.435
2001-08,EUR,31.7
2001-09,EUR,31.56
2001-10,EUR,31.33
2001-11,EUR,30.56
2001-12,EUR,30.98
2002-01,EUR,30.09
2002-02,EUR,30.39
2002-03,EUR,30.535
2002-04,EUR,31.36
2002-05,EUR,32.05
2002-06,EUR,33.28
2002-07,EUR,33.13
2002-08,EUR,33.74
2002-09,EUR,34.36
2002-10,EUR,34.34
2002-11,EUR,34.62
2002-12,EUR,36.38
2003-01,EUR,37.58
2003-02,EUR,37.5
2003-03,EUR,37.7
2003-04,EUR,38.75
2003-05,EUR,41.16
2003-06,EUR,39.59
2003-07,EUR,39.0
2003-08,EUR,37.23
2003-09,EUR,39.25
2003-10,EUR,39.48
2003-11,EUR,40.81
2003-12,EUR,42.71
2004-01,EUR,41.38
2004-02,EUR,41.55
2004-03,EUR,40.42
2004-04,EUR,39.83
2004-05,EUR,40.81
2004-06,EUR,40.88
2004-07,EUR,41.12
2004-08,EUR,41.14
2004-09,EUR,41.87
2004-10,EUR,42.69
2004-11,EUR,42.63
2004-12,EUR,43.36
2005-01,EUR,41.36
2005-02,EUR,41.15
2005-03,EUR,40.84
2005-04,EUR,40.55
2005-05,EUR,38.81
2005-06,EUR,38.17
2005-07,EUR,38.63
2005-08,EUR,39.99
2005-09,EUR,39.91
2005-10,EUR,40.47
2005-11,EUR,39.51
2005-12,EUR,38.94
2006-01,EUR,39.04
2006-02,EUR,38.47
2006-03,EUR,39.39
2006-04,EUR,40.03
2006-05,EUR,41.14
2006-06,EUR,41.14
2006-07,EUR,41.77
2006-08,EUR,42.29
2006-09,EUR,41.94
2006-10,EUR,42.2
2006-11,EUR,42.75
2006-12,EUR,42.93
2007-01,EUR,42.64
2007-02,EUR,43.41
2007-03,EUR,44.07
2007-04,EUR,45.29
2007-05,EUR,44.39
2007-06,EUR,44.02
2007-07,EUR,44.98
2007-08,EUR,45.08
2007-09,EUR,46.5
2007-10,EUR,46.8
2007-11,EUR,47.57
2007-12,EUR,47.79
2008-01,EUR,47.77
2008-02,EUR,47.11
2008-03,EUR,48.01
2008-04,EUR,47.41
2008-05,EUR,47.07
2008-06,EUR,47.96
2008-07,EUR,47.8
2008-08,EUR,46.48
2008-09,EUR,46.24
2008-10,EUR,41.89
2008-11,EUR,43.07
2008-12,EUR,46.27
2009-01,EUR,43.22
2009-02,EUR,44.37
2009-03,EUR,45.03
2009-04,EUR,44.33
2009-05,EUR,45.63
2009-06,EUR,46.29
2009-07,EUR,46.31
2009-08,EUR,47.0
2009-09,EUR,46.98
2009-10,EUR,48.22
2009-11,EUR,48.45
2009-12,EUR,46.09
2010-01,EUR,44.66
2010-02,EUR,43.5
2010-03,EUR,42.74
2010-04,EUR,41.75
2010-05,EUR,39.67
2010-06,EUR,39.47
2010-07,EUR,41.82
2010-08,EUR,40.64
2010-09,EUR,42.68
2010-10,EUR,42.66
2010-11,EUR,40.51
2010-12,EUR,40.57
2011-01,EUR,39.57
2011-02,EUR,41.12
2011-03,EUR,41.7
2011-04,EUR,42.46
2011-05,EUR,41.3
2011-06,EUR,41.6
2011-07,EUR,41.13
2011-08,EUR,41.94
2011-09,EUR,41.22
2011-10,EUR,42.0
2011-11,EUR,40.24
2011-12,EUR,39.17
2012-01,EUR,38.97
2012-02,EUR,39.55
2012-03,EUR,39.39
2012-04,EUR,38.59
2012-05,EUR,37.02
2012-06,EUR,37.56
2012-07,EUR,36.76
2012-08,EUR,37.45
2012-09,EUR,37.88
2012-10,EUR,37.91
2012-11,EUR,37.8
2012-12,EUR,38.48
2013-01,EUR,40.03
2013-02,EUR,38.83
2013-03,EUR,38.22
2013-04,EUR,38.63
2013-05,EUR,39.02
2013-06,EUR,39.13
2013-07,EUR,39.8
2013-08,EUR,39.61
2013-09,EUR,39.92
2013-10,EUR,40.28
2013-11,EUR,40.26
2013-12,EUR,41.03
2014-01,EUR,41.38
2014-02,EUR,41.4
2014-03,EUR,41.92
2014-04,EUR,41.67
2014-05,EUR,40.83
2014-06,EUR,40.76
2014-07,EUR,40.17
2014-08,EUR,39.38
2014-09,EUR,38.59
2014-10,EUR,38.28
2014-11,EUR,38.48
2014-12,EUR,38.44
2015-01,EUR,35.7
2015-02,EUR,35.65
2015-03,EUR,33.64
2015-04,EUR,34.38
2015-05,EUR,33.67
2015-06,EUR,34.44
2015-07,EUR,34.54
2015-08,EUR,36.45
2015-09,EUR,36.9
2015-10,EUR,35.67
2015-11,EUR,34.52
2015-12,EUR,35.88
2016-01,EUR,36.21
2016-02,EUR,36.76
2016-03,EUR,36.49
2016-04,EUR,36.7
2016-05,EUR,36.29
2016-06,EUR,35.88
2016-07,EUR,35.39
2016-08,EUR,35.32
2016-09,EUR,35.07
2016-10,EUR,34.58
2016-11,EUR,33.86
2016-12,EUR,33.89
2017-01,EUR,33.63
2017-02,EUR,32.52
2017-03,EUR,32.43
2017-04,EUR,32.43
2017-05,EUR,33.66
2017-06,EUR,34.72
2017-07,EUR,35.42
2017-08,EUR,35.87
2017-09,EUR,35.75
2017-10,EUR,35.1
2017-11,EUR,35.59
2017-12,EUR,35.8
2018-01,EUR,36.24
2018-02,EUR,36.05
2018-03,EUR,35.81
2018-04,EUR,35.89
2018-05,EUR,35.09
2018-06,EUR,35.42
2018-07,EUR,35.86
2018-08,EUR,35.77
2018-09,EUR,35.48
2018-10,EUR,35.13
2018-11,EUR,35.1
2018-12,EUR,35.18
2019-01,EUR,35.31
2019-02,EUR,35.03
2019-03,EUR,34.6
2019-04,EUR,34.58
2019-05,EUR,35.22
2019-06,EUR,35.37
2019-07,EUR,34.68
2019-08,EUR,34.65
2019-09,EUR,33.94
2019-10,EUR,33.99
2019-11,EUR,33.59
2019-12,EUR,33.62
2020-01,EUR,33.3
2020-02,EUR,33.11
2020-03,EUR,33.24
2020-04,EUR,32.39
2020-05,EUR,33.31
2020-06,EUR,33.11
2020-07,EUR,34.81
2020-08,EUR,34.9
2020-09,EUR,33.99
2020-10,EUR,33.42
2020-11,EUR,34.12
2020-12,EUR,34.56
2021-01,EUR,33.88
2021-02,EUR,33.85
2021-03,EUR,33.47
2021-04,EUR,33.83
2021-05,EUR,33.67
2021-06,EUR,33.22
2021-07,EUR,33.25
2021-08,EUR,32.84
2021-09,EUR,32.33
2021-10,EUR,32.46
2021-11,EUR,31.51
2021-12,EUR,31.32
2022-01,EUR,31.34
2022-02,EUR,31.84
2022-03,EUR,31.9
2022-04,EUR,31.14
2022-05,EUR,31.19
2022-06,EUR,31.03
2022-07,EUR,30.63
2022-08,EUR,30.47
2022-09,EUR,31.26
2022-10,EUR,31.98
2022-11,EUR,31.99
2022-12,EUR,32.72
2023-01,EUR,32.56
2023-02,EUR,32.26
2023-03,EUR,33.14
2023-04,EUR,33.78
2023-05,EUR,32.83
2023-06,EUR,33.8
2023-07,EUR,34.63
2023-08,EUR,34.7
2023-09,EUR,33.91
2023-10,EUR,34.43
2023-11,EUR,34.23
2023-12,EUR,33.99
2024-01,EUR,33.85
2024-02,EUR,34.24
2024-03,EUR,34.46
2024-04,EUR,34.83
2024-05,EUR,35.08
2024-06,EUR,34.71
2024-07,EUR,35.52
2024-08,EUR,35.42
2024-09,EUR,35.39
2024-10,EUR,34.68
2024-11,EUR,34.35
2024-12,EUR,34.13
2025-01,EUR,34.08
2025-02,EUR,34.38
2025-03,EUR,35.95
2025-04,EUR,36.41
2025-05,EUR,33.72
2025-06,EUR,34.37
2025-07,EUR,34.15
2025-08,EUR,35.73
2025-09,EUR,35.77
2025-10,EUR,35.53
2025-11,EUR,36.34
2025-12,EUR,36.9
2026-01,EUR,37.56
2026-02,EUR,36.87
2026-03,EUR,36.73
2026-04,EUR,37.0
2026-05,EUR,36.49
2026-06,EUR,36.29
2026-07,EUR,37.21
1987-05,GBP,51.39
1987-06,GBP,49.685
1987-07,GBP,49.255
1987-08,GBP,49.12
1987-09,GBP,49.0
1987-10,GBP,51.395
1987-11,GBP,53.735
1987-12,GBP,53.29
1988-01,GBP,50.955
1988-02,GBP,50.765
1988-03,GBP,53.625
1988-04,GBP,53.745
1988-05,GBP,52.815
1988-06,GBP,49.635
1988-07,GBP,48.955
1988-08,GBP,48.65
1988-09,GBP,48.61
1988-10,GBP,50.475
1988-11,GBP,51.93
1988-12,GBP,51.015
1989-01,GBP,48.72
1989-02,GBP,48.33
1989-03,GBP,46.295
1989-04,GBP,43.075
1989-05,GBP,40.95
1989-06,GBP,40.095
1989-07,GBP,42.625
1989-08,GBP,40.46
1989-09,GBP,41.465
1989-10,GBP,40.63
1989-11,GBP,40.91
1989-12,GBP,42.165
1990-01,GBP,43.92
1990-02,GBP,44.105
1990-03,GBP,43.445
1990-04,GBP,42.95
1990-05,GBP,46.375
1990-06,GBP,47.59
1990-07,GBP,50.235
1990-08,GBP,52.185
1990-09,GBP,51.015
1990-10,GBP,53.25
1990-11,GBP,52.875
1990-12,GBP,52.27
1991-01,GBP,53.07
1991-02,GBP,52.145
1991-03,GBP,47.71
1991-04,GBP,46.38
1991-05,GBP,46.6
1991-06,GBP,43.96
1991-07,GBP,45.13
1991-08,GBP,44.88
1991-09,GBP,46.32
1991-10,GBP,45.575
1991-11,GBP,45.57
1991-12,GBP,48.15
1992-01,GBP,44.56
1992-02,GBP,44.185
1992-03,GBP,44.235
1992-04,GBP,44.64
1992-05,GBP,45.515
1992-06,GBP,46.965
1992-07,GBP,48.05
1992-08,GBP,49.675
1992-09,GBP,45.35
1992-10,GBP,39.71
1992-11,GBP,38.43
1992-12,GBP,38.47
1993-01,GBP,37.92
1993-02,GBP,36.73
1993-03,GBP,39.04
1993-04,GBP,40.6
1993-05,GBP,40.58
1993-06,GBP,39.94
1993-07,GBP,39.95
1993-08,GBP,40.18
1993-09,GBP,40.73
1993-10,GBP,39.75
1993-11,GBP,40.11
1993-12,GBP,39.495
1994-01,GBP,39.56
1994-02,GBP,39.37
1994-03,GBP,39.09
1994-04,GBP,40.12
1994-05,GBP,40.86
1994-06,GBP,41.5
1994-07,GBP,41.07
1994-08,GBP,40.17
1994-09,GBP,41.33
1994-10,GBP,42.29
1994-11,GBP,41.06
1994-12,GBP,41.17
1995-01,GBP,41.82
1995-02,GBP,41.74
1995-03,GBP,41.77
1995-04,GBP,40.97
1995-05,GBP,41.02
1995-06,GBP,41.11
1995-07,GBP,42.42
1995-08,GBP,42.44
1995-09,GBP,42.93
1995-10,GBP,42.55
1995-11,GBP,41.95
1995-12,GBP,42.33
1996-01,GBP,41.43
1996-02,GBP,42.14
1996-03,GBP,41.43
1996-04,GBP,40.94
1996-05,GBP,42.49
1996-06,GBP,42.71
1996-07,GBP,42.92
1996-08,GBP,43.0
1996-09,GBP,43.01
1996-10,GBP,44.36
1996-11,GBP,46.26
1996-12,GBP,46.54
1997-01,GBP,44.14
1997-02,GBP,44.79
1997-03,GBP,45.06
1997-04,GBP,45.17
1997-05,GBP,45.75
1997-06,GBP,46.34
1997-07,GBP,46.77
1997-08,GBP,46.49
1997-09,GBP,46.1
1997-10,GBP,51.875
1997-11,GBP,54.27
1997-12,GBP,54.05
1998-01,GBP,56.88
1998-02,GBP,52.51
1998-03,GBP,55.19
1998-04,GBP,55.23
1998-05,GBP,55.23
1998-06,GBP,57.33
1998-07,GBP,56.29
1998-08,GBP,58.09
1998-09,GBP,58.72
1998-10,GBP,54.32
1998-11,GBP,53.59
1998-12,GBP,53.48
1999-01,GBP,53.17
1999-02,GBP,52.9
1999-03,GBP,53.43
1999-04,GBP,52.69
1999-05,GBP,52.44
1999-06,GBP,50.89
1999-07,GBP,52.15
1999-08,GBP,50.88
1999-09,GBP,52.29
1999-10,GBP,52.15
1999-11,GBP,50.83
1999-12,GBP,50.86
2000-01,GBP,49.77
2000-02,GBP,49.12
2000-03,GBP,48.55
2000-04,GBP,47.57
2000-05,GBP,46.2
2000-06,GBP,46.85
2000-07,GBP,46.66
2000-08,GBP,45.28
2000-09,GBP,46.25
2000-10,GBP,46.8
2000-11,GBP,47.17
2000-12,GBP,49.3
2001-01,GBP,47.32
2001-02,GBP,46.78
2001-03,GBP,46.86
2001-04,GBP,47.24
2001-05,GBP,48.36
2001-06,GBP,48.37
2001-07,GBP,49.67
2001-08,GBP,50.43
2001-09,GBP,50.69
2001-10,GBP,50.21
2001-11,GBP,49.12
2001-12,GBP,50.77
2002-01,GBP,49.4
2002-02,GBP,49.78
2002-03,GBP,49.92
2002-04,GBP,50.59
2002-05,GBP,50.06
2002-06,GBP,51.3
2002-07,GBP,52.98
2002-08,GBP,53.22
2002-09,GBP,54.71
2002-10,GBP,54.25
2002-11,GBP,54.02
2002-12,GBP,55.72
2003-01,GBP,57.15
2003-02,GBP,54.99
2003-03,GBP,54.73
2003-04,GBP,55.53
2003-05,GBP,57.065
2003-06,GBP,57.2
2003-07,GBP,55.52
2003-08,GBP,53.96
2003-09,GBP,56.43
2003-10,GBP,57.58
2003-11,GBP,58.73
2003-12,GBP,60.48
2004-01,GBP,60.58
2004-02,GBP,62.13
2004-03,GBP,60.62
2004-04,GBP,58.98
2004-05,GBP,61.24
2004-06,GBP,60.99
2004-07,GBP,61.92
2004-08,GBP,61.09
2004-09,GBP,61.05
2004-10,GBP,61.27
2004-11,GBP,60.83
2004-12,GBP,61.26
2005-01,GBP,59.91
2005-02,GBP,59.57
2005-03,GBP,59.24
2005-04,GBP,59.83
2005-05,GBP,57.04
2005-06,GBP,57.05
2005-07,GBP,56.01
2005-08,GBP,58.43
2005-09,GBP,58.37
2005-10,GBP,59.64
2005-11,GBP,57.67
2005-12,GBP,56.67
2006-01,GBP,56.91
2006-02,GBP,56.51
2006-03,GBP,56.52
2006-04,GBP,57.52
2006-05,GBP,60.04
2006-06,GBP,59.25
2006-07,GBP,61.07
2006-08,GBP,62.76
2006-09,GBP,61.85
2006-10,GBP,63.1
2006-11,GBP,63.31
2006-12,GBP,64.04
2007-01,GBP,64.45
2007-02,GBP,64.58
2007-03,GBP,64.73
2007-04,GBP,66.37
2007-05,GBP,65.21
2007-06,GBP,65.53
2007-07,GBP,66.56
2007-08,GBP,66.5
2007-09,GBP,66.7
2007-10,GBP,67.14
2007-11,GBP,66.61
2007-12,GBP,64.8
2008-01,GBP,63.94
2008-02,GBP,61.61
2008-03,GBP,60.37
2008-04,GBP,59.79
2008-05,GBP,60.01
2008-06,GBP,60.54
2008-07,GBP,60.64
2008-08,GBP,57.67
2008-09,GBP,58.06
2008-10,GBP,53.33
2008-11,GBP,51.35
2008-12,GBP,47.52
2009-01,GBP,45.86
2009-02,GBP,49.76
2009-03,GBP,48.42
2009-04,GBP,49.47
2009-05,GBP,52.19
2009-06,GBP,54.73
2009-07,GBP,54.32
2009-08,GBP,53.36
2009-09,GBP,51.68
2009-10,GBP,53.83
2009-11,GBP,53.19
2009-12,GBP,51.59
2010-01,GBP,51.62
2010-02,GBP,48.9
2010-03,GBP,48.03
2010-04,GBP,48.3
2010-05,GBP,46.72
2010-06,GBP,48.58
2010-07,GBP,50.09
2010-08,GBP,49.48
2010-09,GBP,49.69
2010-10,GBP,48.93
2010-11,GBP,48.0
2010-12,GBP,47.06
2011-01,GBP,46.11
2011-02,GBP,47.99
2011-03,GBP,47.44
2011-04,GBP,47.69
2011-05,GBP,47.33
2011-06,GBP,46.15
2011-07,GBP,46.95
2011-08,GBP,47.33
2011-09,GBP,47.46
2011-10,GBP,47.97
2011-11,GBP,47.13
2011-12,GBP,46.72
2012-01,GBP,46.54
2012-02,GBP,46.78
2012-03,GBP,47.18
2012-04,GBP,47.46
2012-05,GBP,46.2
2012-06,GBP,46.71
2012-07,GBP,47.05
2012-08,GBP,47.24
2012-09,GBP,47.57
2012-10,GBP,47.01
2012-11,GBP,46.62
2012-12,GBP,46.8
2013-01,GBP,46.74
2013-02,GBP,44.78
2013-03,GBP,45.3
2013-04,GBP,45.76
2013-05,GBP,45.52
2013-06,GBP,45.73
2013-07,GBP,45.63
2013-08,GBP,46.43
2013-09,GBP,47.71
2013-10,GBP,47.08
2013-11,GBP,48.33
2013-12,GBP,49.21
2014-01,GBP,50.2
2014-02,GBP,50.43
2014-03,GBP,50.69
2014-04,GBP,50.74
2014-05,GBP,50.23
2014-06,GBP,50.83
2014-07,GBP,50.63
2014-08,GBP,49.62
2014-09,GBP,49.49
2014-10,GBP,48.69
2014-11,GBP,48.55
2014-12,GBP,49.22
2015-01,GBP,47.48
2015-02,GBP,48.8
2015-03,GBP,46.2
2015-04,GBP,47.32
2015-05,GBP,46.98
2015-06,GBP,48.47
2015-07,GBP,49.14
2015-08,GBP,50.12
2015-09,GBP,49.8
2015-10,GBP,49.77
2015-11,GBP,49.01
2015-12,GBP,48.7
2016-01,GBP,47.62
2016-02,GBP,46.5
2016-03,GBP,46.15
2016-04,GBP,47.12
2016-05,GBP,47.54
2016-06,GBP,43.44
2016-07,GBP,42.06
2016-08,GBP,41.56
2016-09,GBP,40.61
2016-10,GBP,38.45
2016-11,GBP,39.76
2016-12,GBP,39.58
2017-01,GBP,39.6
2017-02,GBP,38.52
2017-03,GBP,37.81
2017-04,GBP,37.79
2017-05,GBP,38.55
2017-06,GBP,39.6
2017-07,GBP,39.64
2017-08,GBP,38.94
2017-09,GBP,40.54
2017-10,GBP,39.84
2017-11,GBP,40.42
2017-12,GBP,40.64
2018-01,GBP,41.3
2018-02,GBP,40.86
2018-03,GBP,40.78
2018-04,GBP,40.74
2018-05,GBP,39.95
2018-06,GBP,39.96
2018-07,GBP,40.23
2018-08,GBP,40.13
2018-09,GBP,39.89
2018-10,GBP,39.4
2018-11,GBP,39.41
2018-12,GBP,38.84
2019-01,GBP,40.36
2019-02,GBP,40.82
2019-03,GBP,40.1
2019-04,GBP,40.05
2019-05,GBP,39.89
2019-06,GBP,39.36
2019-07,GBP,37.83
2019-08,GBP,38.21
2019-09,GBP,38.19
2019-10,GBP,39.4
2019-11,GBP,39.4
2019-12,GBP,39.4
2020-01,GBP,39.64
2020-02,GBP,39.17
2020-03,GBP,37.25
2020-04,GBP,37.09
2020-05,GBP,36.96
2020-06,GBP,36.24
2020-07,GBP,38.51
2020-08,GBP,39.05
2020-09,GBP,37.12
2020-10,GBP,36.99
2020-11,GBP,38.01
2020-12,GBP,38.36
2021-01,GBP,38.34
2021-02,GBP,38.79
2021-03,GBP,39.2
2021-04,GBP,38.99
2021-05,GBP,39.16
2021-06,GBP,38.66
2021-07,GBP,39.03
2021-08,GBP,38.26
2021-09,GBP,37.45
2021-10,GBP,38.35
2021-11,GBP,37.06
2021-12,GBP,37.29
2022-01,GBP,37.31
2022-02,GBP,37.71
2022-03,GBP,37.59
2022-04,GBP,37.02
2022-05,GBP,36.63
2022-06,GBP,36.07
2022-07,GBP,36.53
2022-08,GBP,35.46
2022-09,GBP,35.52
2022-10,GBP,37.28
2022-11,GBP,36.99
2022-12,GBP,37.05
2023-01,GBP,37.1
2023-02,GBP,36.64
2023-03,GBP,37.65
2023-04,GBP,38.34
2023-05,GBP,38.02
2023-06,GBP,39.35
2023-07,GBP,40.4
2023-08,GBP,40.5
2023-09,GBP,39.23
2023-10,GBP,39.4
2023-11,GBP,39.69
2023-12,GBP,39.16
2024-01,GBP,39.67
2024-02,GBP,39.98
2024-03,GBP,40.38
2024-04,GBP,40.81
2024-05,GBP,41.19
2024-06,GBP,41.03
2024-07,GBP,42.16
2024-08,GBP,42.15
2024-09,GBP,42.42
2024-10,GBP,41.67
2024-11,GBP,41.31
2024-12,GBP,41.15
2025-01,GBP,41.16
2025-02,GBP,41.58
2025-03,GBP,43.02
2025-04,GBP,42.83
2025-05,GBP,40.27
2025-06,GBP,40.17
2025-07,GBP,39.55
2025-08,GBP,41.29
2025-09,GBP,40.96
2025-10,GBP,40.38
2025-11,GBP,41.49
2025-12,GBP,42.32
2026-01,GBP,43.34
2026-02,GBP,42.28
2026-03,GBP,42.28
2026-04,GBP,42.73
2026-05,GBP,42.09
2026-06,GBP,42.14
2026-07,GBP,43.46
1987-05,HKD,4.035
1987-06,HKD,3.985
1987-07,HKD,3.955
1987-08,HKD,3.855
1987-09,HKD,3.855
1987-10,HKD,3.835
1987-11,HKD,3.795
1987-12,HKD,3.675
1988-01,HKD,3.675
1988-02,HKD,3.675
1988-03,HKD,3.675
1988-04,HKD,3.665
1988-05,HKD,3.665
1988-06,HKD,3.705
1988-07,HKD,3.675
1988-08,HKD,3.695
1988-09,HKD,3.705
1988-10,HKD,3.655
1988-11,HKD,3.605
1988-12,HKD,3.615
1989-01,HKD,3.545
1989-02,HKD,3.555
1989-03,HKD,3.525
1989-04,HKD,3.275
1989-05,HKD,3.35
1989-06,HKD,3.32
1989-07,HKD,3.29
1989-08,HKD,3.29
1989-09,HKD,3.28
1989-10,HKD,3.32
1989-11,HKD,3.35
1989-12,HKD,3.35
1990-01,HKD,3.35
1990-02,HKD,3.355
1990-03,HKD,3.385
1990-04,HKD,3.395
1990-05,HKD,3.535
1990-06,HKD,3.495
1990-07,HKD,3.505
1990-08,HKD,3.515
1990-09,HKD,3.515
1990-10,HKD,3.505
1990-11,HKD,3.495
1990-12,HKD,3.475
1991-01,HKD,3.48
1991-02,HKD,3.49
1991-03,HKD,3.52
1991-04,HKD,3.51
1991-05,HKD,3.52
1991-06,HKD,3.49
1991-07,HKD,3.46
1991-08,HKD,3.44
1991-09,HKD,3.42
1991-10,HKD,3.39
1991-11,HKD,3.32
1991-12,HKD,3.31
1992-01,HKD,3.22
1992-02,HKD,3.24
1992-03,HKD,3.3
1992-04,HKD,3.26
1992-05,HKD,3.22
1992-06,HKD,3.19
1992-07,HKD,3.22
1992-08,HKD,3.25
1992-09,HKD,3.26
1992-10,HKD,3.28
1992-11,HKD,3.29
1992-12,HKD,3.29
1993-01,HKD,3.3
1993-02,HKD,3.33
1993-03,HKD,3.39
1993-04,HKD,3.35
1993-05,HKD,3.38
1993-06,HKD,3.41
1993-07,HKD,3.48
1993-08,HKD,3.48
1993-09,HKD,3.48
1993-10,HKD,3.48
1993-11,HKD,3.48
1993-12,HKD,3.455
1994-01,HKD,3.42
1994-02,HKD,3.43
1994-03,HKD,3.41
1994-04,HKD,3.42
1994-05,HKD,3.51
1994-06,HKD,3.48
1994-07,HKD,3.44
1994-08,HKD,3.39
1994-09,HKD,3.39
1994-10,HKD,3.37
1994-11,HKD,3.4
1994-12,HKD,3.4
1995-01,HKD,3.4
1995-02,HKD,3.41
1995-03,HKD,3.36
1995-04,HKD,3.285
1995-05,HKD,3.305
1995-06,HKD,3.335
1995-07,HKD,3.425
1995-08,HKD,3.555
1995-09,HKD,3.505
1995-10,HKD,3.485
1995-11,HKD,3.535
1995-12,HKD,3.53
1996-01,HKD,3.55
1996-02,HKD,3.56
1996-03,HKD,3.52
1996-04,HKD,3.51
1996-05,HKD,3.58
1996-06,HKD,3.55
1996-07,HKD,3.56
1996-08,HKD,3.55
1996-09,HKD,3.55
1996-10,HKD,3.56
1996-11,HKD,3.55
1996-12,HKD,3.55
1997-01,HKD,3.54
1997-02,HKD,3.55
1997-03,HKD,3.55
1997-04,HKD,3.57
1997-05,HKD,3.59
1997-06,HKD,3.59
1997-07,HKD,3.69
1997-08,HKD,3.7
1997-09,HKD,3.7
1997-10,HKD,4.005
1997-11,HKD,4.15
1997-12,HKD,4.2
1998-01,HKD,4.38
1998-02,HKD,4.12
1998-03,HKD,4.24
1998-04,HKD,4.26
1998-05,HKD,4.38
1998-06,HKD,4.44
1998-07,HKD,4.44
1998-08,HKD,4.5
1998-09,HKD,4.44
1998-10,HKD,4.18
1998-11,HKD,4.19
1998-12,HKD,4.16
1999-01,HKD,4.17
1999-02,HKD,4.27
1999-03,HKD,4.28
1999-04,HKD,4.22
1999-05,HKD,4.22
1999-06,HKD,4.16
1999-07,HKD,4.14
1999-08,HKD,4.1
1999-09,HKD,4.09
1999-10,HKD,4.08
1999-11,HKD,4.08
1999-12,HKD,4.04
2000-01,HKD,3.95
2000-02,HKD,3.95
2000-03,HKD,3.91
2000-04,HKD,3.93
2000-05,HKD,3.96
2000-06,HKD,3.95
2000-07,HKD,3.98
2000-08,HKD,3.99
2000-09,HKD,4.02
2000-10,HKD,4.15
2000-11,HKD,4.25
2000-12,HKD,4.23
2001-01,HKD,4.15
2001-02,HKD,4.15
2001-03,HKD,4.21
2001-04,HKD,4.22
2001-05,HKD,4.35
2001-06,HKD,4.41
2001-07,HKD,4.46
2001-08,HKD,4.43
2001-09,HKD,4.43
2001-10,HKD,4.43
2001-11,HKD,4.42
2001-12,HKD,4.49
2002-01,HKD,4.48
2002-02,HKD,4.5
2002-03,HKD,4.49
2002-04,HKD,4.45
2002-05,HKD,4.38
2002-06,HKD,4.3
2002-07,HKD,4.33
2002-08,HKD,4.39
2002-09,HKD,4.48
2002-10,HKD,4.46
2002-11,HKD,4.47
2002-12,HKD,4.46
2003-01,HKD,4.45
2003-02,HKD,4.46
2003-03,HKD,4.46
2003-04,HKD,4.47
2003-05,HKD,4.45
2003-06,HKD,4.44
2003-07,HKD,4.41
2003-08,HKD,4.38
2003-09,HKD,4.36
2003-10,HKD,4.37
2003-11,HKD,4.4
2003-12,HKD,4.38
2004-01,HKD,4.29
2004-02,HKD,4.29
2004-03,HKD,4.24
2004-04,HKD,4.28
2004-05,HKD,4.28
2004-06,HKD,4.33
2004-07,HKD,4.38
2004-08,HKD,4.37
2004-09,HKD,4.36
2004-10,HKD,4.3
2004-11,HKD,4.14
2004-12,HKD,4.09
2005-01,HKD,4.07
2005-02,HKD,4.0
2005-03,HKD,4.04
2005-04,HKD,4.01
2005-05,HKD,4.03
2005-06,HKD,4.07
2005-07,HKD,4.11
2005-08,HKD,4.21
2005-09,HKD,4.28
2005-10,HKD,4.33
2005-11,HKD,4.32
2005-12,HKD,4.23
2006-01,HKD,4.12
2006-02,HKD,4.18
2006-03,HKD,4.18
2006-04,HKD,4.11
2006-05,HKD,4.13
2006-06,HKD,4.17
2006-07,HKD,4.21
2006-08,HKD,4.23
2006-09,HKD,4.25
2006-10,HKD,4.28
2006-11,HKD,4.17
2006-12,HKD,4.19
2007-01,HKD,4.22
2007-02,HKD,4.22
2007-03,HKD,4.23
2007-04,HKD,4.26
2007-05,HKD,4.23
2007-06,HKD,4.19
2007-07,HKD,4.19
2007-08,HKD,4.23
2007-09,HKD,4.19
2007-10,HKD,4.18
2007-11,HKD,4.14
2007-12,HKD,4.16
2008-01,HKD,4.13
2008-02,HKD,3.98
2008-03,HKD,3.9
2008-04,HKD,3.91
2008-05,HKD,3.9
2008-06,HKD,3.89
2008-07,HKD,3.92
2008-08,HKD,4.04
2008-09,HKD,4.14
2008-10,HKD,4.26
2008-11,HKD,4.29
2008-12,HKD,4.23
2009-01,HKD,4.34
2009-02,HKD,4.51
2009-03,HKD,4.38
2009-04,HKD,4.28
2009-05,HKD,4.21
2009-06,HKD,4.23
2009-07,HKD,4.23
2009-08,HKD,4.25
2009-09,HKD,4.15
2009-10,HKD,4.2
2009-11,HKD,4.15
2009-12,HKD,4.13
2010-01,HKD,4.12
2010-02,HKD,4.13
2010-03,HKD,4.1
2010-04,HKD,4.05
2010-05,HKD,4.14
2010-06,HKD,4.15
2010-07,HKD,4.13
2010-08,HKD,4.13
2010-09,HKD,4.04
2010-10,HKD,3.97
2010-11,HKD,3.97
2010-12,HKD,3.91
2011-01,HKD,3.73
2011-02,HKD,3.82
2011-03,HKD,3.78
2011-04,HKD,3.68
2011-05,HKD,3.68
2011-06,HKD,3.69
2011-07,HKD,3.7
2011-08,HKD,3.72
2011-09,HKD,3.91
2011-10,HKD,3.85
2011-11,HKD,3.9
2011-12,HKD,3.9
2012-01,HKD,3.82
2012-02,HKD,3.79
2012-03,HKD,3.8
2012-04,HKD,3.76
2012-05,HKD,3.85
2012-06,HKD,3.85
2012-07,HKD,3.87
2012-08,HKD,3.86
2012-09,HKD,3.78
2012-10,HKD,3.77
2012-11,HKD,3.75
2012-12,HKD,3.75
2013-01,HKD,3.81
2013-02,HKD,3.83
2013-03,HKD,3.84
2013-04,HKD,3.81
2013-05,HKD,3.86
2013-06,HKD,3.87
2013-07,HKD,3.87
2013-08,HKD,3.86
2013-09,HKD,3.82
2013-10,HKD,3.79
2013-11,HKD,3.82
2013-12,HKD,3.84
2014-01,HKD,3.9
2014-02,HKD,3.91
2014-03,HKD,3.93
2014-04,HKD,3.9
2014-05,HKD,3.87
2014-06,HKD,3.86
2014-07,HKD,3.87
2014-08,HKD,3.86
2014-09,HKD,3.92
2014-10,HKD,3.93
2014-11,HKD,3.99
2014-12,HKD,4.08
2015-01,HKD,4.07
2015-02,HKD,4.05
2015-03,HKD,4.04
2015-04,HKD,3.95
2015-05,HKD,3.96
2015-06,HKD,3.98
2015-07,HKD,4.07
2015-08,HKD,4.2
2015-09,HKD,4.24
2015-10,HKD,4.19
2015-11,HKD,4.21
2015-12,HKD,4.24
2016-01,HKD,4.3
2016-02,HKD,4.28
2016-03,HKD,4.15
2016-04,HKD,4.16
2016-05,HKD,4.2
2016-06,HKD,4.16
2016-07,HKD,4.12
2016-08,HKD,4.09
2016-09,HKD,4.05
2016-10,HKD,4.07
2016-11,HKD,4.11
2016-12,HKD,4.16
2017-01,HKD,4.04
2017-02,HKD,3.96
2017-03,HKD,3.91
2017-04,HKD,3.91
2017-05,HKD,3.87
2017-06,HKD,3.9
2017-07,HKD,3.87
2017-08,HKD,3.86
2017-09,HKD,3.88
2017-10,HKD,3.87
2017-11,HKD,3.84
2017-12,HKD,3.85
2018-01,HKD,3.73
2018-02,HKD,3.73
2018-03,HKD,3.71
2018-04,HKD,3.77
2018-05,HKD,3.82
2018-06,HKD,3.89
2018-07,HKD,3.9
2018-08,HKD,3.9
2018-09,HKD,3.91
2018-10,HKD,3.95
2018-11,HKD,3.95
2018-12,HKD,3.92
2019-01,HKD,3.92
2019-02,HKD,3.92
2019-03,HKD,3.93
2019-04,HKD,3.94
2019-05,HKD,4.03
2019-06,HKD,3.98
2019-07,HKD,3.97
2019-08,HKD,4.0
2019-09,HKD,3.96
2019-10,HKD,3.88
2019-11,HKD,3.9
2019-12,HKD,3.85
2020-01,HKD,3.89
2020-02,HKD,3.89
2020-03,HKD,3.9
2020-04,HKD,3.84
2020-05,HKD,3.87
2020-06,HKD,3.81
2020-07,HKD,3.78
2020-08,HKD,3.79
2020-09,HKD,3.74
2020-10,HKD,3.69
2020-11,HKD,3.68
2020-12,HKD,3.63
2021-01,HKD,3.61
2021-02,HKD,3.6
2021-03,HKD,3.67
2021-04,HKD,3.6
2021-05,HKD,3.56
2021-06,HKD,3.59
2021-07,HKD,3.6
2021-08,HKD,3.57
2021-09,HKD,3.58
2021-10,HKD,3.58
2021-11,HKD,3.56
2021-12,HKD,3.55
2022-01,HKD,3.54
2022-02,HKD,3.57
2022-03,HKD,3.66
2022-04,HKD,3.76
2022-05,HKD,3.7
2022-06,HKD,3.79
2022-07,HKD,3.82
2022-08,HKD,3.88
2022-09,HKD,4.05
2022-10,HKD,4.1
2022-11,HKD,3.96
2022-12,HKD,3.94
2023-01,HKD,3.83
2023-02,HKD,3.88
2023-03,HKD,3.88
2023-04,HKD,3.92
2023-05,HKD,3.93
2023-06,HKD,3.97
2023-07,HKD,4.03
2023-08,HKD,4.06
2023-09,HKD,4.12
2023-10,HKD,4.14
2023-11,HKD,4.0
2023-12,HKD,3.93
2024-01,HKD,4.0
2024-02,HKD,4.04
2024-03,HKD,4.09
2024-04,HKD,4.16
2024-05,HKD,4.15
2024-06,HKD,4.16
2024-07,HKD,4.2
2024-08,HKD,4.1
2024-09,HKD,4.08
2024-10,HKD,4.12
2024-11,HKD,4.17
2024-12,HKD,4.22
2025-01,HKD,4.23
2025-02,HKD,4.22
2025-03,HKD,4.27
2025-04,HKD,4.13
2025-05,HKD,3.82
2025-06,HKD,3.74
2025-07,HKD,3.8
2025-08,HKD,3.93
2025-09,HKD,3.91
2025-10,HKD,3.96
2025-11,HKD,4.03
2025-12,HKD,4.04
2026-01,HKD,4.03
2026-02,HKD,3.99
2026-03,HKD,4.09
2026-04,HKD,4.04
2026-05,HKD,4.0
2026-06,HKD,4.06
2026-07,HKD,4.12
1987-05,JPY,0.2187
1987-06,JPY,0.2115
1987-07,JPY,0.2067
1987-08,JPY,0.2115
1987-09,JPY,0.2055
1987-10,JPY,0.2153
1987-11,JPY,0.2219
1987-12,JPY,0.232
1988-01,JPY,0.2249
1988-02,JPY,0.2236
1988-03,JPY,0.2285
1988-04,JPY,0.2288
1988-05,JPY,0.2286
1988-06,JPY,0.2184
1988-07,JPY,0.215
1988-08,JPY,0.2132
1988-09,JPY,0.2152
1988-10,JPY,0.2253
1988-11,JPY,0.231
1988-12,JPY,0.2256
1989-01,JPY,0.2135
1989-02,JPY,0.2187
1989-03,JPY,0.2077
1989-04,JPY,0.191
1989-05,JPY,0.1826
1989-06,JPY,0.1801
1989-07,JPY,0.1856
1989-08,JPY,0.1779
1989-09,JPY,0.1841
1989-10,JPY,0.1823
1989-11,JPY,0.1828
1989-12,JPY,0.1826
1990-01,JPY,0.1817
1990-02,JPY,0.1762
1990-03,JPY,0.1667
1990-04,JPY,0.1661
1990-05,JPY,0.181
1990-06,JPY,0.179
1990-07,JPY,0.1846
1990-08,JPY,0.1894
1990-09,JPY,0.1983
1990-10,JPY,0.2113
1990-11,JPY,0.2047
1990-12,JPY,0.2013
1991-01,JPY,0.2068
1991-02,JPY,0.2058
1991-03,JPY,0.1966
1991-04,JPY,0.1994
1991-05,JPY,0.1975
1991-06,JPY,0.19735
1991-07,JPY,0.1954
1991-08,JPY,0.1952
1991-09,JPY,0.1995
1991-10,JPY,0.2012
1991-11,JPY,0.1984
1991-12,JPY,0.20595
1992-01,JPY,0.199
1992-02,JPY,0.1944
1992-03,JPY,0.1917
1992-04,JPY,0.1891
1992-05,JPY,0.1951
1992-06,JPY,0.1968
1992-07,JPY,0.1955
1992-08,JPY,0.2042
1992-09,JPY,0.2118
1992-10,JPY,0.2061
1992-11,JPY,0.204
1992-12,JPY,0.2039
1993-01,JPY,0.2046
1993-02,JPY,0.2179
1993-03,JPY,0.2246
1993-04,JPY,0.2328
1993-05,JPY,0.2426
1993-06,JPY,0.2468
1993-07,JPY,0.2567
1993-08,JPY,0.25925
1993-09,JPY,0.2561
1993-10,JPY,0.2475
1993-11,JPY,0.2474
1993-12,JPY,0.23865
1994-01,JPY,0.2407
1994-02,JPY,0.254
1994-03,JPY,0.256
1994-04,JPY,0.2601
1994-05,JPY,0.25955
1994-06,JPY,0.2719
1994-07,JPY,0.2658
1994-08,JPY,0.2627
1994-09,JPY,0.2656
1994-10,JPY,0.2678
1994-11,JPY,0.2657
1994-12,JPY,0.2632
1995-01,JPY,0.2653
1995-02,JPY,0.2713
1995-03,JPY,0.2908
1995-04,JPY,0.302
1995-05,JPY,0.3075
1995-06,JPY,0.3057
1995-07,JPY,0.2998
1995-08,JPY,0.2778
1995-09,JPY,0.2715
1995-10,JPY,0.2655
1995-11,JPY,0.2694
1995-12,JPY,0.2641
1996-01,JPY,0.2561
1996-02,JPY,0.263
1996-03,JPY,0.2556
1996-04,JPY,0.2598
1996-05,JPY,0.2565
1996-06,JPY,0.2508
1996-07,JPY,0.2553
1996-08,JPY,0.2522
1996-09,JPY,0.2477
1996-10,JPY,0.2416
1996-11,JPY,0.2416
1996-12,JPY,0.2372
1997-01,JPY,0.2253
1997-02,JPY,0.2283
1997-03,JPY,0.2225
1997-04,JPY,0.2183
1997-05,JPY,0.2399
1997-06,JPY,0.2436
1997-07,JPY,0.2419
1997-08,JPY,0.2371
1997-09,JPY,0.2365
1997-10,JPY,0.2576
1997-11,JPY,0.2518
1997-12,JPY,0.2509
1998-01,JPY,0.27015
1998-02,JPY,0.2517
1998-03,JPY,0.2484
1998-04,JPY,0.25
1998-05,JPY,0.2453
1998-06,JPY,0.2457
1998-07,JPY,0.2394
1998-08,JPY,0.2458
1998-09,JPY,0.2535
1998-10,JPY,0.2794
1998-11,JPY,0.262
1998-12,JPY,0.2837
1999-01,JPY,0.2779
1999-02,JPY,0.2738
1999-03,JPY,0.2762
1999-04,JPY,0.2743
1999-05,JPY,0.2694
1999-06,JPY,0.2668
1999-07,JPY,0.28085
1999-08,JPY,0.2888
1999-09,JPY,0.30005
1999-10,JPY,0.30495
1999-11,JPY,0.31005
1999-12,JPY,0.30775
2000-01,JPY,0.2876
2000-02,JPY,0.2804
2000-03,JPY,0.2882
2000-04,JPY,0.2834
2000-05,JPY,0.2902
2000-06,JPY,0.2919
2000-07,JPY,0.2839
2000-08,JPY,0.2923
2000-09,JPY,0.28985
2000-10,JPY,0.29745
2000-11,JPY,0.29815
2000-12,JPY,0.28855
2001-01,JPY,0.2791
2001-02,JPY,0.2788
2001-03,JPY,0.263
2001-04,JPY,0.2657
2001-05,JPY,0.2843
2001-06,JPY,0.2773
2001-07,JPY,0.2785
2001-08,JPY,0.2904
2001-09,JPY,0.2898
2001-10,JPY,0.2837
2001-11,JPY,0.2781
2001-12,JPY,0.2667
2002-01,JPY,0.2629
2002-02,JPY,0.2613
2002-03,JPY,0.2643
2002-04,JPY,0.2715
2002-05,JPY,0.2755
2002-06,JPY,0.2811
2002-07,JPY,0.2819
2002-08,JPY,0.2904
2002-09,JPY,0.2869
2002-10,JPY,0.284
2002-11,JPY,0.2844
2002-12,JPY,0.293
2003-01,JPY,0.2925
2003-02,JPY,0.2971
2003-03,JPY,0.2919
2003-04,JPY,0.2918
2003-05,JPY,0.2926
2003-06,JPY,0.2892
2003-07,JPY,0.2863
2003-08,JPY,0.2917
2003-09,JPY,0.3051
2003-10,JPY,0.3119
2003-11,JPY,0.3127
2003-12,JPY,0.3179
2004-01,JPY,0.315
2004-02,JPY,0.3057
2004-03,JPY,0.3177
2004-04,JPY,0.3021
2004-05,JPY,0.3049
2004-06,JPY,0.3107
2004-07,JPY,0.3057
2004-08,JPY,0.31
2004-09,JPY,0.3063
2004-10,JPY,0.3157
2004-11,JPY,0.3118
2004-12,JPY,0.3098
2005-01,JPY,0.3069
2005-02,JPY,0.2963
2005-03,JPY,0.2946
2005-04,JPY,0.2976
2005-05,JPY,0.2899
2005-06,JPY,0.2864
2005-07,JPY,0.2844
2005-08,JPY,0.2939
2005-09,JPY,0.2929
2005-10,JPY,0.29
2005-11,JPY,0.2805
2005-12,JPY,0.2795
2006-01,JPY,0.275
2006-02,JPY,0.2792
2006-03,JPY,0.2763
2006-04,JPY,0.2791
2006-05,JPY,0.2866
2006-06,JPY,0.2822
2006-07,JPY,0.2861
2006-08,JPY,0.2806
2006-09,JPY,0.2804
2006-10,JPY,0.2825
2006-11,JPY,0.2791
2006-12,JPY,0.274
2007-01,JPY,0.2714
2007-02,JPY,0.2749
2007-03,JPY,0.2804
2007-04,JPY,0.2783
2007-05,JPY,0.2715
2007-06,JPY,0.2651
2007-07,JPY,0.2757
2007-08,JPY,0.2839
2007-09,JPY,0.2837
2007-10,JPY,0.2819
2007-11,JPY,0.2926
2007-12,JPY,0.2896
2008-01,JPY,0.3014
2008-02,JPY,0.2963
2008-03,JPY,0.3057
2008-04,JPY,0.2925
2008-05,JPY,0.2883
2008-06,JPY,0.2881
2008-07,JPY,0.2831
2008-08,JPY,0.2898
2008-09,JPY,0.3071
2008-10,JPY,0.3393
2008-11,JPY,0.3491
2008-12,JPY,0.3636
2009-01,JPY,0.3818
2009-02,JPY,0.3568
2009-03,JPY,0.3448
2009-04,JPY,0.3393
2009-05,JPY,0.3426
2009-06,JPY,0.3433
2009-07,JPY,0.3431
2009-08,JPY,0.3547
2009-09,JPY,0.358
2009-10,JPY,0.3569
2009-11,JPY,0.3734
2009-12,JPY,0.3471
2010-01,JPY,0.3546
2010-02,JPY,0.359
2010-03,JPY,0.341
2010-04,JPY,0.3336
2010-05,JPY,0.3521
2010-06,JPY,0.3641
2010-07,JPY,0.371
2010-08,JPY,0.3811
2010-09,JPY,0.3761
2010-10,JPY,0.3817
2010-11,JPY,0.3672
2010-12,JPY,0.3733
2011-01,JPY,0.354
2011-02,JPY,0.3634
2011-03,JPY,0.3549
2011-04,JPY,0.3507
2011-05,JPY,0.3512
2011-06,JPY,0.357
2011-07,JPY,0.3714
2011-08,JPY,0.3787
2011-09,JPY,0.3973
2011-10,JPY,0.3794
2011-11,JPY,0.3886
2011-12,JPY,0.3905
2012-01,JPY,0.3877
2012-02,JPY,0.3649
2012-03,JPY,0.3591
2012-04,JPY,0.3636
2012-05,JPY,0.3787
2012-06,JPY,0.3751
2012-07,JPY,0.3829
2012-08,JPY,0.3814
2012-09,JPY,0.3776
2012-10,JPY,0.3663
2012-11,JPY,0.3518
2012-12,JPY,0.3363
2013-01,JPY,0.3248
2013-02,JPY,0.3231
2013-03,JPY,0.3171
2013-04,JPY,0.302
2013-05,JPY,0.2973
2013-06,JPY,0.3032
2013-07,JPY,0.3065
2013-08,JPY,0.3051
2013-09,JPY,0.302
2013-10,JPY,0.2988
2013-11,JPY,0.2893
2013-12,JPY,0.2835
2014-01,JPY,0.2935
2014-02,JPY,0.296
2014-03,JPY,0.2959
2014-04,JPY,0.2944
2014-05,JPY,0.2949
2014-06,JPY,0.2945
2014-07,JPY,0.2915
2014-08,JPY,0.288
2014-09,JPY,0.278
2014-10,JPY,0.274
2014-11,JPY,0.2617
2014-12,JPY,0.2643
2015-01,JPY,0.2673
2015-02,JPY,0.2643
2015-03,JPY,0.2603
2015-04,JPY,0.2574
2015-05,JPY,0.2481
2015-06,JPY,0.2523
2015-07,JPY,0.2541
2015-08,JPY,0.2682
2015-09,JPY,0.2738
2015-10,JPY,0.2687
2015-11,JPY,0.2654
2015-12,JPY,0.2727
2016-01,JPY,0.2769
2016-02,JPY,0.2947
2016-03,JPY,0.2862
2016-04,JPY,0.301
2016-05,JPY,0.2937
2016-06,JPY,0.3142
2016-07,JPY,0.308
2016-08,JPY,0.3071
2016-09,JPY,0.3107
2016-10,JPY,0.3007
2016-11,JPY,0.2826
2016-12,JPY,0.2755
2017-01,JPY,0.2755
2017-02,JPY,0.2723
2017-03,JPY,0.2713
2017-04,JPY,0.2745
2017-05,JPY,0.2713
2017-06,JPY,0.2716
2017-07,JPY,0.273
2017-08,JPY,0.273
2017-09,JPY,0.269
2017-10,JPY,0.2666
2017-11,JPY,0.2672
2017-12,JPY,0.2665
2018-01,JPY,0.268
2018-02,JPY,0.2728
2018-03,JPY,0.2742
2018-04,JPY,0.271
2018-05,JPY,0.2756
2018-06,JPY,0.2755
2018-07,JPY,0.2747
2018-08,JPY,0.273
2018-09,JPY,0.2692
2018-10,JPY,0.2735
2018-11,JPY,0.2718
2018-12,JPY,0.278
2019-01,JPY,0.2827
2019-02,JPY,0.2787
2019-03,JPY,0.2782
2019-04,JPY,0.2775
2019-05,JPY,0.2904
2019-06,JPY,0.2886
2019-07,JPY,0.2864
2019-08,JPY,0.2948
2019-09,JPY,0.2878
2019-10,JPY,0.2804
2019-11,JPY,0.2786
2019-12,JPY,0.2762
2020-01,JPY,0.2771
2020-02,JPY,0.2753
2020-03,JPY,0.2787
2020-04,JPY,0.2791
2020-05,JPY,0.2799
2020-06,JPY,0.2738
2020-07,JPY,0.2806
2020-08,JPY,0.2774
2020-09,JPY,0.2743
2020-10,JPY,0.2742
2020-11,JPY,0.2737
2020-12,JPY,0.2725
2021-01,JPY,0.2677
2021-02,JPY,0.2629
2021-03,JPY,0.2577
2021-04,JPY,0.2564
2021-05,JPY,0.2517
2021-06,JPY,0.252
2021-07,JPY,0.2552
2021-08,JPY,0.2527
2021-09,JPY,0.249
2021-10,JPY,0.2449
2021-11,JPY,0.2457
2021-12,JPY,0.2403
2022-01,JPY,0.2396
2022-02,JPY,0.2415
2022-03,JPY,0.235
2022-04,JPY,0.2267
2022-05,JPY,0.2274
2022-06,JPY,0.2182
2022-07,JPY,0.2254
2022-08,JPY,0.2197
2022-09,JPY,0.2201
2022-10,JPY,0.2176
2022-11,JPY,0.223
2022-12,JPY,0.2324
2023-01,JPY,0.2308
2023-02,JPY,0.2259
2023-03,JPY,0.2286
2023-04,JPY,0.2266
2023-05,JPY,0.22
2023-06,JPY,0.215
2023-07,JPY,0.2211
2023-08,JPY,0.2184
2023-09,JPY,0.2161
2023-10,JPY,0.2157
2023-11,JPY,0.2126
2023-12,JPY,0.2172
2024-01,JPY,0.212
2024-02,JPY,0.211
2024-03,JPY,0.2115
2024-04,JPY,0.2075
2024-05,JPY,0.2062
2024-06,JPY,0.2017
2024-07,JPY,0.2176
2024-08,JPY,0.2206
2024-09,JPY,0.2223
2024-10,JPY,0.2089
2024-11,JPY,0.2164
2024-12,JPY,0.2099
2025-01,JPY,0.2097
2025-02,JPY,0.22
2025-03,JPY,0.2226
2025-04,JPY,0.2242
2025-05,JPY,0.2059
2025-06,JPY,0.2036
2025-07,JPY,0.1997
2025-08,JPY,0.2082
2025-09,JPY,0.2058
2025-10,JPY,0.1992
2025-11,JPY,0.2009
2025-12,JPY,0.2008
2026-01,JPY,0.2045
2026-02,JPY,0.2001
2026-03,JPY,0.2006
2026-04,JPY,0.1978
2026-05,JPY,0.1969
2026-06,JPY,0.1963
2026-07,JPY,0.2015
1998-12,NZD,16.98
1999-01,NZD,17.43
1999-02,NZD,17.4
1999-03,NZD,17.67
1999-04,NZD,18.25
1999-05,NZD,17.54
1999-06,NZD,17.14
1999-07,NZD,17.06
1999-08,NZD,16.46
1999-09,NZD,16.49
1999-10,NZD,16.15
1999-11,NZD,16.22
1999-12,NZD,16.3
2000-01,NZD,15.22
2000-02,NZD,14.91
2000-03,NZD,15.25
2000-04,NZD,14.88
2000-05,NZD,14.19
2000-06,NZD,14.44
2000-07,NZD,14.12
2000-08,NZD,13.38
2000-09,NZD,12.77
2000-10,NZD,12.73
2000-11,NZD,13.41
2000-12,NZD,14.65
2001-01,NZD,14.23
2001-02,NZD,13.93
2001-03,NZD,13.25
2001-04,NZD,13.51
2001-05,NZD,14.11
2001-06,NZD,13.97
2001-07,NZD,14.28
2001-08,NZD,15.27
2001-09,NZD,14.05
2001-10,NZD,14.29
2001-11,NZD,14.24
2001-12,NZD,14.58
2002-01,NZD,14.51
2002-02,NZD,14.71
2002-03,NZD,15.45
2002-04,NZD,15.56
2002-05,NZD,16.48
2002-06,NZD,16.43
2002-07,NZD,15.9
2002-08,NZD,16.12
2002-09,NZD,16.41
2002-10,NZD,16.82
2002-11,NZD,17.29
2002-12,NZD,18.29
2003-01,NZD,19.0
2003-02,NZD,19.65
2003-03,NZD,19.26
2003-04,NZD,19.5
2003-05,NZD,20.055
2003-06,NZD,20.2
2003-07,NZD,20.03
2003-08,NZD,19.62
2003-09,NZD,20.08
2003-10,NZD,20.77
2003-11,NZD,21.9
2003-12,NZD,22.31
2004-01,NZD,22.34
2004-02,NZD,22.88
2004-03,NZD,21.87
2004-04,NZD,20.65
2004-05,NZD,21.12
2004-06,NZD,21.29
2004-07,NZD,21.62
2004-08,NZD,22.19
2004-09,NZD,22.72
2004-10,NZD,22.86
2004-11,NZD,22.86
2004-12,NZD,22.85
2005-01,NZD,22.62
2005-02,NZD,22.46
2005-03,NZD,22.43
2005-04,NZD,22.86
2005-05,NZD,22.22
2005-06,NZD,22.08
2005-07,NZD,21.81
2005-08,NZD,22.58
2005-09,NZD,22.94
2005-10,NZD,23.62
2005-11,NZD,23.61
2005-12,NZD,22.43
2006-01,NZD,21.69
2006-02,NZD,21.38
2006-03,NZD,19.92
2006-04,NZD,20.2
2006-05,NZD,20.48
2006-06,NZD,19.72
2006-07,NZD,20.28
2006-08,NZD,21.46
2006-09,NZD,21.56
2006-10,NZD,22.11
2006-11,NZD,22.04
2006-12,NZD,23.0
2007-01,NZD,22.58
2007-02,NZD,23.28
2007-03,NZD,23.59
2007-04,NZD,24.62
2007-05,NZD,24.2
2007-06,NZD,25.29
2007-07,NZD,25.3
2007-08,NZD,23.35
2007-09,NZD,24.67
2007-10,NZD,24.85
2007-11,NZD,24.91
2007-12,NZD,25.25
2008-01,NZD,25.25
2008-02,NZD,25.27
2008-03,NZD,24.03
2008-04,NZD,23.66
2008-05,NZD,23.72
2008-06,NZD,23.22
2008-07,NZD,22.47
2008-08,NZD,22.21
2008-09,NZD,21.73
2008-10,NZD,19.06
2008-11,NZD,18.4
2008-12,NZD,19.04
2009-01,NZD,17.56
2009-02,NZD,17.65
2009-03,NZD,19.29
2009-04,NZD,19.05
2009-05,NZD,20.24
2009-06,NZD,21.4
2009-07,NZD,21.53
2009-08,NZD,22.46
2009-09,NZD,23.12
2009-10,NZD,23.71
2009-11,NZD,23.13
2009-12,NZD,23.21
2010-01,NZD,22.56
2010-02,NZD,22.21
2010-03,NZD,22.58
2010-04,NZD,22.85
2010-05,NZD,22.0
2010-06,NZD,22.37
2010-07,NZD,23.12
2010-08,NZD,22.42
2010-09,NZD,23.12
2010-10,NZD,23.22
2010-11,NZD,23.02
2010-12,NZD,23.5
2011-01,NZD,22.47
2011-02,NZD,22.33
2011-03,NZD,22.39
2011-04,NZD,23.0
2011-05,NZD,23.63
2011-06,NZD,23.8
2011-07,NZD,24.96
2011-08,NZD,24.79
2011-09,NZD,23.27
2011-10,NZD,24.33
2011-11,NZD,23.0
2011-12,NZD,23.38
2012-01,NZD,24.34
2012-02,NZD,24.74
2012-03,NZD,24.22
2012-04,NZD,23.94
2012-05,NZD,22.56
2012-06,NZD,23.84
2012-07,NZD,24.26
2012-08,NZD,23.95
2012-09,NZD,24.43
2012-10,NZD,23.99
2012-11,NZD,23.89
2012-12,NZD,23.85
2013-01,NZD,24.69
2013-02,NZD,24.5
2013-03,NZD,24.96
2013-04,NZD,25.26
2013-05,NZD,24.01
2013-06,NZD,23.42
2013-07,NZD,23.95
2013-08,NZD,23.27
2013-09,NZD,24.45
2013-10,NZD,24.24
2013-11,NZD,24.01
2013-12,NZD,24.46
2014-01,NZD,25.06
2014-02,NZD,25.22
2014-03,NZD,26.38
2014-04,NZD,25.84
2014-05,NZD,25.46
2014-06,NZD,26.1
2014-07,NZD,25.46
2014-08,NZD,25.08
2014-09,NZD,23.7
2014-10,NZD,23.95
2014-11,NZD,24.28
2014-12,NZD,24.78
2015-01,NZD,22.94
2015-02,NZD,23.8
2015-03,NZD,23.37
2015-04,NZD,23.3
2015-05,NZD,21.89
2015-06,NZD,20.99
2015-07,NZD,20.7
2015-08,NZD,20.85
2015-09,NZD,20.97
2015-10,NZD,21.94
2015-11,NZD,21.38
2015-12,NZD,22.52
2016-01,NZD,21.65
2016-02,NZD,22.47
2016-03,NZD,22.19
2016-04,NZD,22.45
2016-05,NZD,21.89
2016-06,NZD,22.9
2016-07,NZD,22.62
2016-08,NZD,22.98
2016-09,NZD,22.76
2016-10,NZD,22.56
2016-11,NZD,22.8
2016-12,NZD,22.4
2017-01,NZD,22.79
2017-02,NZD,22.2
2017-03,NZD,21.19
2017-04,NZD,21.2
2017-05,NZD,21.36
2017-06,NZD,22.29
2017-07,NZD,22.64
2017-08,NZD,21.59
2017-09,NZD,21.81
2017-10,NZD,20.67
2017-11,NZD,20.52
2017-12,NZD,20.5
2018-01,NZD,21.52
2018-02,NZD,21.3
2018-03,NZD,21.1
2018-04,NZD,20.92
2018-05,NZD,20.96
2018-06,NZD,20.62
2018-07,NZD,20.86
2018-08,NZD,20.8
2018-09,NZD,20.18
2018-10,NZD,20.25
2018-11,NZD,21.16
2018-12,NZD,20.6
2019-01,NZD,21.25
2019-02,NZD,21.19
2019-03,NZD,20.95
2019-04,NZD,20.6
2019-05,NZD,20.61
2019-06,NZD,20.84
2019-07,NZD,20.54
2019-08,NZD,19.77
2019-09,NZD,19.46
2019-10,NZD,19.55
2019-11,NZD,19.62
2019-12,NZD,20.2
2020-01,NZD,19.55
2020-02,NZD,19.11
2020-03,NZD,18.11
2020-04,NZD,18.24
2020-05,NZD,18.63
2020-06,NZD,18.92
2020-07,NZD,19.62
2020-08,NZD,19.75
2020-09,NZD,19.05
2020-10,NZD,18.95
2020-11,NZD,20.02
2020-12,NZD,20.31
2021-01,NZD,20.05
2021-02,NZD,20.46
2021-03,NZD,19.95
2021-04,NZD,20.26
2021-05,NZD,20.04
2021-06,NZD,19.57
2021-07,NZD,19.59
2021-08,NZD,19.59
2021-09,NZD,19.18
2021-10,NZD,19.99
2021-11,NZD,18.94
2021-12,NZD,18.89
2022-01,NZD,18.88
2022-02,NZD,18.48
2022-03,NZD,19.88
2022-04,NZD,19.26
2022-05,NZD,18.97
2022-06,NZD,18.51
2022-07,NZD,18.9
2022-08,NZD,18.7
2022-09,NZD,18.19
2022-10,NZD,18.74
2022-11,NZD,19.26
2022-12,NZD,19.44
2023-01,NZD,19.4
2023-02,NZD,18.95
2023-03,NZD,19.04
2023-04,NZD,18.85
2023-05,NZD,18.44
2023-06,NZD,18.95
2023-07,NZD,19.46
2023-08,NZD,18.99
2023-09,NZD,19.16
2023-10,NZD,18.94
2023-11,NZD,19.31
2023-12,NZD,19.49
2024-01,NZD,19.16
2024-02,NZD,19.25
2024-03,NZD,19.1
2024-04,NZD,19.33
2024-05,NZD,19.84
2024-06,NZD,19.69
2024-07,NZD,19.44
2024-08,NZD,20.02
2024-09,NZD,20.14
2024-10,NZD,19.16
2024-11,NZD,19.22
2024-12,NZD,18.47
2025-01,NZD,18.44
2025-02,NZD,18.66
2025-03,NZD,18.92
2025-04,NZD,18.95
2025-05,NZD,17.85
2025-06,NZD,17.79
2025-07,NZD,17.66
2025-08,NZD,18.04
2025-09,NZD,17.67
2025-10,NZD,17.57
2025-11,NZD,17.93
2025-12,NZD,18.14
2026-01,NZD,19.05
2026-02,NZD,18.72
2026-03,NZD,18.3
2026-04,NZD,18.5
2026-05,NZD,18.69
2026-06,NZD,18.01
2026-07,NZD,18.98
1987-05,SEK,4.965
1987-06,SEK,4.865
1987-07,SEK,4.775
1987-08,SEK,4.725
1987-09,SEK,4.675
1987-10,SEK,4.825
1987-11,SEK,4.935
1987-12,SEK,4.895
1988-01,SEK,4.775
1988-02,SEK,4.775
1988-03,SEK,4.865
1988-04,SEK,4.875
1988-05,SEK,4.795
1988-06,SEK,4.625
1988-07,SEK,4.455
1988-08,SEK,4.455
1988-09,SEK,4.485
1988-10,SEK,4.625
1988-11,SEK,4.665
1988-12,SEK,4.605
1989-01,SEK,4.375
1989-02,SEK,4.415
1989-03,SEK,4.265
1989-04,SEK,4.015
1989-05,SEK,3.89
1989-06,SEK,3.89
1989-07,SEK,4.02
1989-08,SEK,3.895
1989-09,SEK,3.995
1989-10,SEK,4.05
1989-11,SEK,4.1
1989-12,SEK,4.21
1990-01,SEK,4.28
1990-02,SEK,4.275
1990-03,SEK,4.315
1990-04,SEK,4.325
1990-05,SEK,4.515
1990-06,SEK,4.5
1990-07,SEK,4.645
1990-08,SEK,4.745
1990-09,SEK,4.735
1990-10,SEK,4.845
1990-11,SEK,4.835
1990-12,SEK,4.79
1991-01,SEK,4.875
1991-02,SEK,4.805
1991-03,SEK,4.455
1991-04,SEK,4.395
1991-05,SEK,4.41
1991-06,SEK,4.14
1991-07,SEK,4.23
1991-08,SEK,4.215
1991-09,SEK,4.36
1991-10,SEK,4.295
1991-11,SEK,4.325
1991-12,SEK,4.635
1992-01,SEK,4.265
1992-02,SEK,4.225
1992-03,SEK,4.265
1992-04,SEK,4.2
1992-05,SEK,4.3
1992-06,SEK,4.49
1992-07,SEK,4.66
1992-08,SEK,4.85
1992-09,SEK,4.77
1992-10,SEK,4.39
1992-11,SEK,3.71
1992-12,SEK,3.6
1993-01,SEK,3.49
1993-02,SEK,3.29
1993-03,SEK,3.4
1993-04,SEK,3.54
1993-05,SEK,3.64
1993-06,SEK,3.41
1993-07,SEK,3.27
1993-08,SEK,3.33
1993-09,SEK,3.36
1993-10,SEK,3.28
1993-11,SEK,3.19
1993-12,SEK,3.21
1994-01,SEK,3.31
1994-02,SEK,3.3
1994-03,SEK,3.36
1994-04,SEK,3.44
1994-05,SEK,3.49
1994-06,SEK,3.51
1994-07,SEK,3.42
1994-08,SEK,3.38
1994-09,SEK,3.5
1994-10,SEK,3.62
1994-11,SEK,3.48
1994-12,SEK,3.54
1995-01,SEK,3.54
1995-02,SEK,3.56
1995-03,SEK,3.49
1995-04,SEK,3.49
1995-05,SEK,3.53
1995-06,SEK,3.56
1995-07,SEK,3.76
1995-08,SEK,3.75
1995-09,SEK,3.91
1995-10,SEK,4.07
1995-11,SEK,4.2
1995-12,SEK,4.11
1996-01,SEK,3.95
1996-02,SEK,4.08
1996-03,SEK,4.1
1996-04,SEK,4.02
1996-05,SEK,4.09
1996-06,SEK,4.14
1996-07,SEK,4.19
1996-08,SEK,4.15
1996-09,SEK,4.15
1996-10,SEK,4.21
1996-11,SEK,4.09
1996-12,SEK,4.0
1997-01,SEK,3.8
1997-02,SEK,3.68
1997-03,SEK,3.64
1997-04,SEK,3.54
1997-05,SEK,3.6
1997-06,SEK,3.6
1997-07,SEK,3.59
1997-08,SEK,3.63
1997-09,SEK,3.77
1997-10,SEK,4.155
1997-11,SEK,4.16
1997-12,SEK,4.13
1998-01,SEK,4.35
1998-02,SEK,3.97
1998-03,SEK,4.13
1998-04,SEK,4.26
1998-05,SEK,4.34
1998-06,SEK,4.32
1998-07,SEK,4.32
1998-08,SEK,4.3
1998-09,SEK,4.39
1998-10,SEK,4.17
1998-11,SEK,3.98
1998-12,SEK,3.96
1999-01,SEK,4.15
1999-02,SEK,4.05
1999-03,SEK,3.97
1999-04,SEK,3.9
1999-05,SEK,3.81
1999-06,SEK,3.82
1999-07,SEK,3.91
1999-08,SEK,3.84
1999-09,SEK,3.87
1999-10,SEK,3.86
1999-11,SEK,3.73
1999-12,SEK,3.68
2000-01,SEK,3.49
2000-02,SEK,3.54
2000-03,SEK,3.52
2000-04,SEK,3.44
2000-05,SEK,3.42
2000-06,SEK,3.5
2000-07,SEK,3.39
2000-08,SEK,3.29
2000-09,SEK,3.24
2000-10,SEK,3.2
2000-11,SEK,3.28
2000-12,SEK,3.51
2001-01,SEK,3.39
2001-02,SEK,3.27
2001-03,SEK,3.16
2001-04,SEK,3.22
2001-05,SEK,3.19
2001-06,SEK,3.17
2001-07,SEK,3.29
2001-08,SEK,3.33
2001-09,SEK,3.24
2001-10,SEK,3.25
2001-11,SEK,3.22
2001-12,SEK,3.31
2002-01,SEK,3.28
2002-02,SEK,3.35
2002-03,SEK,3.37
2002-04,SEK,3.39
2002-05,SEK,3.51
2002-06,SEK,3.66
2002-07,SEK,3.59
2002-08,SEK,3.68
2002-09,SEK,3.76
2002-10,SEK,3.79
2002-11,SEK,3.81
2002-12,SEK,3.97
2003-01,SEK,4.08
2003-02,SEK,4.12
2003-03,SEK,4.08
2003-04,SEK,4.25
2003-05,SEK,4.51
2003-06,SEK,4.31
2003-07,SEK,4.25
2003-08,SEK,4.04
2003-09,SEK,4.41
2003-10,SEK,4.36
2003-11,SEK,4.52
2003-12,SEK,4.7
2004-01,SEK,4.51
2004-02,SEK,4.51
2004-03,SEK,4.36
2004-04,SEK,4.36
2004-05,SEK,4.48
2004-06,SEK,4.47
2004-07,SEK,4.45
2004-08,SEK,4.5
2004-09,SEK,4.62
2004-10,SEK,4.71
2004-11,SEK,4.78
2004-12,SEK,4.81
2005-01,SEK,4.54
2005-02,SEK,4.54
2005-03,SEK,4.47
2005-04,SEK,4.42
2005-05,SEK,4.24
2005-06,SEK,4.05
2005-07,SEK,4.12
2005-08,SEK,4.27
2005-09,SEK,4.28
2005-10,SEK,4.24
2005-11,SEK,4.15
2005-12,SEK,4.13
2006-01,SEK,4.22
2006-02,SEK,4.08
2006-03,SEK,4.19
2006-04,SEK,4.31
2006-05,SEK,4.44
2006-06,SEK,4.46
2006-07,SEK,4.52
2006-08,SEK,4.57
2006-09,SEK,4.53
2006-10,SEK,4.57
2006-11,SEK,4.71
2006-12,SEK,4.75
2007-01,SEK,4.71
2007-02,SEK,4.68
2007-03,SEK,4.73
2007-04,SEK,4.95
2007-05,SEK,4.77
2007-06,SEK,4.76
2007-07,SEK,4.89
2007-08,SEK,4.81
2007-09,SEK,5.06
2007-10,SEK,5.09
2007-11,SEK,5.07
2007-12,SEK,5.08
2008-01,SEK,5.06
2008-02,SEK,5.03
2008-03,SEK,5.11
2008-04,SEK,5.06
2008-05,SEK,5.04
2008-06,SEK,5.08
2008-07,SEK,5.05
2008-08,SEK,4.92
2008-09,SEK,4.73
2008-10,SEK,4.25
2008-11,SEK,4.19
2008-12,SEK,4.24
2009-01,SEK,4.02
2009-02,SEK,3.88
2009-03,SEK,4.1
2009-04,SEK,4.16
2009-05,SEK,4.32
2009-06,SEK,4.27
2009-07,SEK,4.47
2009-08,SEK,4.61
2009-09,SEK,4.59
2009-10,SEK,4.65
2009-11,SEK,4.65
2009-12,SEK,4.49
2010-01,SEK,4.36
2010-02,SEK,4.46
2010-03,SEK,4.39
2010-04,SEK,4.34
2010-05,SEK,4.12
2010-06,SEK,4.15
2010-07,SEK,4.43
2010-08,SEK,4.32
2010-09,SEK,4.66
2010-10,SEK,4.54
2010-11,SEK,4.42
2010-12,SEK,4.52
2011-01,SEK,4.46
2011-02,SEK,4.66
2011-03,SEK,4.67
2011-04,SEK,4.76
2011-05,SEK,4.65
2011-06,SEK,4.55
2011-07,SEK,4.52
2011-08,SEK,4.57
2011-09,SEK,4.45
2011-10,SEK,4.65
2011-11,SEK,4.37
2011-12,SEK,4.38
2012-01,SEK,4.39
2012-02,SEK,4.48
2012-03,SEK,4.46
2012-04,SEK,4.33
2012-05,SEK,4.13
2012-06,SEK,4.28
2012-07,SEK,4.4
2012-08,SEK,4.49
2012-09,SEK,4.49
2012-10,SEK,4.41
2012-11,SEK,4.37
2012-12,SEK,4.46
2013-01,SEK,4.64
2013-02,SEK,4.6
2013-03,SEK,4.57
2013-04,SEK,4.51
2013-05,SEK,4.54
2013-06,SEK,4.47
2013-07,SEK,4.57
2013-08,SEK,4.54
2013-09,SEK,4.6
2013-10,SEK,4.58
2013-11,SEK,4.51
2013-12,SEK,4.63
2014-01,SEK,4.72
2014-02,SEK,4.64
2014-03,SEK,4.69
2014-04,SEK,4.6
2014-05,SEK,4.51
2014-06,SEK,4.43
2014-07,SEK,4.35
2014-08,SEK,4.29
2014-09,SEK,4.21
2014-10,SEK,4.15
2014-11,SEK,4.15
2014-12,SEK,4.08
2015-01,SEK,3.81
2015-02,SEK,3.78
2015-03,SEK,3.63
2015-04,SEK,3.72
2015-05,SEK,3.62
2015-06,SEK,3.74
2015-07,SEK,3.66
2015-08,SEK,3.84
2015-09,SEK,3.93
2015-10,SEK,3.81
2015-11,SEK,3.73
2015-12,SEK,3.91
2016-01,SEK,3.89
2016-02,SEK,3.92
2016-03,SEK,3.95
2016-04,SEK,4.0
2016-05,SEK,3.91
2016-06,SEK,3.81
2016-07,SEK,3.7
2016-08,SEK,3.71
2016-09,SEK,3.64
2016-10,SEK,3.5
2016-11,SEK,3.47
2016-12,SEK,3.54
2017-01,SEK,3.55
2017-02,SEK,3.42
2017-03,SEK,3.4
2017-04,SEK,3.39
2017-05,SEK,3.45
2017-06,SEK,3.59
2017-07,SEK,3.71
2017-08,SEK,3.78
2017-09,SEK,3.71
2017-10,SEK,3.61
2017-11,SEK,3.58
2017-12,SEK,3.6
2018-01,SEK,3.7
2018-02,SEK,3.59
2018-03,SEK,3.49
2018-04,SEK,3.42
2018-05,SEK,3.42
2018-06,SEK,3.4
2018-07,SEK,3.49
2018-08,SEK,3.47
2018-09,SEK,3.44
2018-10,SEK,3.38
2018-11,SEK,3.39
2018-12,SEK,3.42
2019-01,SEK,3.41
2019-02,SEK,3.32
2019-03,SEK,3.32
2019-04,SEK,3.25
2019-05,SEK,3.31
2019-06,SEK,3.35
2019-07,SEK,3.25
2019-08,SEK,3.2
2019-09,SEK,3.17
2019-10,SEK,3.16
2019-11,SEK,3.19
2019-12,SEK,3.21
2020-01,SEK,3.13
2020-02,SEK,3.13
2020-03,SEK,3.0
2020-04,SEK,3.03
2020-05,SEK,3.17
2020-06,SEK,3.16
2020-07,SEK,3.38
2020-08,SEK,3.39
2020-09,SEK,3.22
2020-10,SEK,3.21
2020-11,SEK,3.36
2020-12,SEK,3.43
2021-01,SEK,3.34
2021-02,SEK,3.34
2021-03,SEK,3.27
2021-04,SEK,3.34
2021-05,SEK,3.33
2021-06,SEK,3.27
2021-07,SEK,3.27
2021-08,SEK,3.23
2021-09,SEK,3.17
2021-10,SEK,3.26
2021-11,SEK,3.07
2021-12,SEK,3.06
2022-01,SEK,3.05
2022-02,SEK,3.05
2022-03,SEK,3.09
2022-04,SEK,3.02
2022-05,SEK,2.96
2022-06,SEK,2.9
2022-07,SEK,2.95
2022-08,SEK,2.85
2022-09,SEK,2.87
2022-10,SEK,2.93
2022-11,SEK,2.93
2022-12,SEK,2.94
2023-01,SEK,2.89
2023-02,SEK,2.93
2023-03,SEK,2.94
2023-04,SEK,2.98
2023-05,SEK,2.81
2023-06,SEK,2.86
2023-07,SEK,2.99
2023-08,SEK,2.93
2023-09,SEK,2.92
2023-10,SEK,2.91
2023-11,SEK,3.01
2023-12,SEK,3.08
2024-01,SEK,3.01
2024-02,SEK,3.06
2024-03,SEK,2.99
2024-04,SEK,2.97
2024-05,SEK,3.06
2024-06,SEK,3.05
2024-07,SEK,3.05
2024-08,SEK,3.13
2024-09,SEK,3.14
2024-10,SEK,3.01
2024-11,SEK,2.98
2024-12,SEK,2.98
2025-01,SEK,2.97
2025-02,SEK,3.08
2025-03,SEK,3.32
2025-04,SEK,3.33
2025-05,SEK,3.1
2025-06,SEK,3.09
2025-07,SEK,3.06
2025-08,SEK,3.23
2025-09,SEK,3.24
2025-10,SEK,3.25
2025-11,SEK,3.3
2025-12,SEK,3.41
2026-01,SEK,3.56
2026-02,SEK,3.46
2026-03,SEK,3.35
2026-04,SEK,3.41
2026-05,SEK,3.39
2026-06,SEK,3.28
2026-07,SEK,3.39
1987-05,SGD,14.86
1987-06,SGD,14.63
1987-07,SGD,14.63
1987-08,SGD,14.295
1987-09,SGD,14.38
1987-10,SGD,14.46
1987-11,SGD,14.5
1987-12,SGD,14.28
1988-01,SGD,14.18
1988-02,SGD,14.24
1988-03,SGD,14.285
1988-04,SGD,14.305
1988-05,SGD,14.155
1988-06,SGD,14.12
1988-07,SGD,14.005
1988-08,SGD,14.11
1988-09,SGD,14.175
1988-10,SGD,14.245
1988-11,SGD,14.495
1988-12,SGD,14.495
1989-01,SGD,14.315
1989-02,SGD,14.405
1989-03,SGD,13.975
1989-04,SGD,13.1
1989-05,SGD,13.305
1989-06,SGD,13.185
1989-07,SGD,13.155
1989-08,SGD,13.05
1989-09,SGD,13.06
1989-10,SGD,13.24
1989-11,SGD,13.395
1989-12,SGD,13.765
1990-01,SGD,14.0
1990-02,SGD,13.99
1990-03,SGD,14.01
1990-04,SGD,14.06
1990-05,SGD,14.85
1990-06,SGD,14.785
1990-07,SGD,15.015
1990-08,SGD,15.455
1990-09,SGD,15.475
1990-10,SGD,15.955
1990-11,SGD,15.855
1990-12,SGD,15.6
1991-01,SGD,15.675
1991-02,SGD,15.735
1991-03,SGD,15.335
1991-04,SGD,15.445
1991-05,SGD,15.405
1991-06,SGD,15.36
1991-07,SGD,15.38
1991-08,SGD,15.505
1991-09,SGD,15.675
1991-10,SGD,15.565
1991-11,SGD,15.485
1991-12,SGD,15.815
1992-01,SGD,15.32
1992-02,SGD,15.29
1992-03,SGD,15.34
1992-04,SGD,15.23
1992-05,SGD,15.275
1992-06,SGD,15.24
1992-07,SGD,15.47
1992-08,SGD,15.695
1992-09,SGD,15.83
1992-10,SGD,15.68
1992-11,SGD,15.54
1992-12,SGD,15.49
1993-01,SGD,15.5
1993-02,SGD,15.67
1993-03,SGD,15.925
1993-04,SGD,16.01
1993-05,SGD,16.21
1993-06,SGD,16.28
1993-07,SGD,16.66
1993-08,SGD,16.78
1993-09,SGD,16.96
1993-10,SGD,16.92
1993-11,SGD,16.85
1993-12,SGD,16.59
1994-01,SGD,16.57
1994-02,SGD,16.71
1994-03,SGD,16.79
1994-04,SGD,16.99
1994-05,SGD,17.67
1994-06,SGD,17.62
1994-07,SGD,17.61
1994-08,SGD,17.45
1994-09,SGD,17.64
1994-10,SGD,17.7
1994-11,SGD,17.96
1994-12,SGD,18.04
1995-01,SGD,18.15
1995-02,SGD,18.16
1995-03,SGD,18.32
1995-04,SGD,18.23
1995-05,SGD,18.38
1995-06,SGD,18.51
1995-07,SGD,18.99
1995-08,SGD,19.32
1995-09,SGD,19.03
1995-10,SGD,19.05
1995-11,SGD,19.35
1995-12,SGD,19.3
1996-01,SGD,19.36
1996-02,SGD,19.49
1996-03,SGD,19.33
1996-04,SGD,19.33
1996-05,SGD,19.68
1996-06,SGD,19.49
1996-07,SGD,19.47
1996-08,SGD,19.54
1996-09,SGD,19.54
1996-10,SGD,19.49
1996-11,SGD,19.61
1996-12,SGD,19.66
1997-01,SGD,19.51
1997-02,SGD,19.32
1997-03,SGD,19.09
1997-04,SGD,19.15
1997-05,SGD,19.47
1997-06,SGD,19.45
1997-07,SGD,19.41
1997-08,SGD,18.9
1997-09,SGD,18.69
1997-10,SGD,19.565
1997-11,SGD,20.14
1997-12,SGD,19.42
1998-01,SGD,19.28
1998-02,SGD,19.69
1998-03,SGD,20.42
1998-04,SGD,20.8
1998-05,SGD,20.28
1998-06,SGD,20.23
1998-07,SGD,19.95
1998-08,SGD,19.56
1998-09,SGD,20.41
1998-10,SGD,19.97
1998-11,SGD,19.61
1998-12,SGD,19.54
1999-01,SGD,19.12
1999-02,SGD,19.14
1999-03,SGD,19.16
1999-04,SGD,19.21
1999-05,SGD,18.95
1999-06,SGD,18.98
1999-07,SGD,19.11
1999-08,SGD,18.92
1999-09,SGD,18.67
1999-10,SGD,19.09
1999-11,SGD,18.83
1999-12,SGD,18.85
2000-01,SGD,18.02
2000-02,SGD,17.93
2000-03,SGD,17.74
2000-04,SGD,17.95
2000-05,SGD,17.82
2000-06,SGD,17.83
2000-07,SGD,17.93
2000-08,SGD,18.07
2000-09,SGD,18.01
2000-10,SGD,18.43
2000-11,SGD,18.86
2000-12,SGD,19.04
2001-01,SGD,18.555
2001-02,SGD,18.57
2001-03,SGD,18.22
2001-04,SGD,18.11
2001-05,SGD,18.78
2001-06,SGD,18.91
2001-07,SGD,19.31
2001-08,SGD,19.88
2001-09,SGD,19.59
2001-10,SGD,18.94
2001-11,SGD,18.81
2001-12,SGD,18.91
2002-01,SGD,19.08
2002-02,SGD,19.14
2002-03,SGD,19.0
2002-04,SGD,19.19
2002-05,SGD,19.12
2002-06,SGD,19.03
2002-07,SGD,19.16
2002-08,SGD,19.59
2002-09,SGD,19.67
2002-10,SGD,19.69
2002-11,SGD,19.74
2002-12,SGD,20.01
2003-01,SGD,20.04
2003-02,SGD,20.04
2003-03,SGD,19.7
2003-04,SGD,19.63
2003-05,SGD,20.07
2003-06,SGD,19.67
2003-07,SGD,19.27
2003-08,SGD,19.45
2003-09,SGD,19.54
2003-10,SGD,19.55
2003-11,SGD,19.84
2003-12,SGD,19.98
2004-01,SGD,19.66
2004-02,SGD,19.62
2004-03,SGD,19.7
2004-04,SGD,19.57
2004-05,SGD,19.67
2004-06,SGD,19.63
2004-07,SGD,19.85
2004-08,SGD,19.89
2004-09,SGD,20.1
2004-10,SGD,20.1
2004-11,SGD,19.61
2004-12,SGD,19.47
2005-01,SGD,19.41
2005-02,SGD,19.11
2005-03,SGD,19.11
2005-04,SGD,19.07
2005-05,SGD,18.84
2005-06,SGD,18.77
2005-07,SGD,19.23
2005-08,SGD,19.43
2005-09,SGD,19.63
2005-10,SGD,19.83
2005-11,SGD,19.81
2005-12,SGD,19.74
2006-01,SGD,19.71
2006-02,SGD,19.97
2006-03,SGD,20.06
2006-04,SGD,20.17
2006-05,SGD,20.31
2006-06,SGD,20.39
2006-07,SGD,20.76
2006-08,SGD,20.94
2006-09,SGD,20.86
2006-10,SGD,21.29
2006-11,SGD,21.01
2006-12,SGD,21.26
2007-01,SGD,21.45
2007-02,SGD,21.57
2007-03,SGD,21.81
2007-04,SGD,21.9
2007-05,SGD,21.58
2007-06,SGD,21.36
2007-07,SGD,21.7
2007-08,SGD,21.68
2007-09,SGD,21.93
2007-10,SGD,22.35
2007-11,SGD,22.31
2007-12,SGD,22.57
2008-01,SGD,22.71
2008-02,SGD,22.22
2008-03,SGD,22.01
2008-04,SGD,22.39
2008-05,SGD,22.23
2008-06,SGD,22.31
2008-07,SGD,22.39
2008-08,SGD,22.29
2008-09,SGD,22.53
2008-10,SGD,22.24
2008-11,SGD,22.07
2008-12,SGD,22.86
2009-01,SGD,22.35
2009-02,SGD,22.64
2009-03,SGD,22.29
2009-04,SGD,22.48
2009-05,SGD,22.53
2009-06,SGD,22.68
2009-07,SGD,22.77
2009-08,SGD,22.82
2009-09,SGD,22.74
2009-10,SGD,23.28
2009-11,SGD,23.28
2009-12,SGD,22.83
2010-01,SGD,22.76
2010-02,SGD,22.78
2010-03,SGD,22.72
2010-04,SGD,22.99
2010-05,SGD,23.04
2010-06,SGD,23.08
2010-07,SGD,23.55
2010-08,SGD,23.66
2010-09,SGD,23.81
2010-10,SGD,23.69
2010-11,SGD,23.41
2010-12,SGD,23.67
2011-01,SGD,22.62
2011-02,SGD,23.34
2011-03,SGD,23.33
2011-04,SGD,23.34
2011-05,SGD,23.28
2011-06,SGD,23.37
2011-07,SGD,23.9
2011-08,SGD,24.11
2011-09,SGD,23.5
2011-10,SGD,23.98
2011-11,SGD,23.36
2011-12,SGD,23.31
2012-01,SGD,23.56
2012-02,SGD,23.57
2012-03,SGD,23.48
2012-04,SGD,23.57
2012-05,SGD,23.2
2012-06,SGD,23.51
2012-07,SGD,24.08
2012-08,SGD,23.93
2012-09,SGD,23.92
2012-10,SGD,23.94
2012-11,SGD,23.81
2012-12,SGD,23.74
2013-01,SGD,23.86
2013-02,SGD,23.94
2013-03,SGD,24.06
2013-04,SGD,23.94
2013-05,SGD,23.7
2013-06,SGD,23.73
2013-07,SGD,23.55
2013-08,SGD,23.5
2013-09,SGD,23.53
2013-10,SGD,23.72
2013-11,SGD,23.58
2013-12,SGD,23.55
2014-01,SGD,23.77
2014-02,SGD,23.92
2014-03,SGD,24.17
2014-04,SGD,24.03
2014-05,SGD,23.91
2014-06,SGD,23.92
2014-07,SGD,24.04
2014-08,SGD,23.96
2014-09,SGD,23.9
2014-10,SGD,23.74
2014-11,SGD,23.74
2014-12,SGD,23.92
2015-01,SGD,23.33
2015-02,SGD,23.22
2015-03,SGD,22.75
2015-04,SGD,23.12
2015-05,SGD,22.77
2015-06,SGD,22.94
2015-07,SGD,22.95
2015-08,SGD,23.01
2015-09,SGD,23.09
2015-10,SGD,23.18
2015-11,SGD,23.11
2015-12,SGD,23.25
2016-01,SGD,23.47
2016-02,SGD,23.76
2016-03,SGD,23.84
2016-04,SGD,24.0
2016-05,SGD,23.62
2016-06,SGD,23.91
2016-07,SGD,23.61
2016-08,SGD,23.25
2016-09,SGD,22.96
2016-10,SGD,22.67
2016-11,SGD,22.36
2016-12,SGD,22.29
2017-01,SGD,22.1
2017-02,SGD,21.85
2017-03,SGD,21.71
2017-04,SGD,21.72
2017-05,SGD,21.75
2017-06,SGD,22.09
2017-07,SGD,22.27
2017-08,SGD,22.2
2017-09,SGD,22.29
2017-10,SGD,22.17
2017-11,SGD,22.25
2017-12,SGD,22.28
2018-01,SGD,22.25
2018-02,SGD,22.16
2018-03,SGD,22.21
2018-04,SGD,22.36
2018-05,SGD,22.42
2018-06,SGD,22.35
2018-07,SGD,22.47
2018-08,SGD,22.47
2018-09,SGD,22.34
2018-10,SGD,22.34
2018-11,SGD,22.5
2018-12,SGD,22.46
2019-01,SGD,22.84
2019-02,SGD,22.83
2019-03,SGD,22.75
2019-04,SGD,22.69
2019-05,SGD,22.94
2019-06,SGD,22.97
2019-07,SGD,22.7
2019-08,SGD,22.61
2019-09,SGD,22.46
2019-10,SGD,22.38
2019-11,SGD,22.32
2019-12,SGD,22.29
2020-01,SGD,22.16
2020-02,SGD,21.72
2020-03,SGD,21.22
2020-04,SGD,21.11
2020-05,SGD,21.24
2020-06,SGD,21.13
2020-07,SGD,21.39
2020-08,SGD,21.56
2020-09,SGD,21.15
2020-10,SGD,20.95
2020-11,SGD,21.31
2020-12,SGD,21.27
2021-01,SGD,21.03
2021-02,SGD,20.99
2021-03,SGD,21.2
2021-04,SGD,21.07
2021-05,SGD,20.89
2021-06,SGD,20.76
2021-07,SGD,20.68
2021-08,SGD,20.67
2021-09,SGD,20.47
2021-10,SGD,20.69
2021-11,SGD,20.31
2021-12,SGD,20.45
2022-01,SGD,20.47
2022-02,SGD,20.7
2022-03,SGD,21.16
2022-04,SGD,21.38
2022-05,SGD,21.21
2022-06,SGD,21.37
2022-07,SGD,21.73
2022-08,SGD,21.79
2022-09,SGD,22.21
2022-10,SGD,22.8
2022-11,SGD,22.54
2022-12,SGD,22.87
2023-01,SGD,22.86
2023-02,SGD,22.66
2023-03,SGD,22.91
2023-04,SGD,22.99
2023-05,SGD,22.7
2023-06,SGD,22.95
2023-07,SGD,23.62
2023-08,SGD,23.59
2023-09,SGD,23.53
2023-10,SGD,23.73
2023-11,SGD,23.44
2023-12,SGD,23.3
2024-01,SGD,23.34
2024-02,SGD,23.49
2024-03,SGD,23.71
2024-04,SGD,23.91
2024-05,SGD,23.96
2024-06,SGD,23.91
2024-07,SGD,24.51
2024-08,SGD,24.54
2024-09,SGD,24.72
2024-10,SGD,24.19
2024-11,SGD,24.26
2024-12,SGD,24.12
2025-01,SGD,24.15
2025-02,SGD,24.49
2025-03,SGD,24.76
2025-04,SGD,24.51
2025-05,SGD,23.19
2025-06,SGD,23.01
2025-07,SGD,23.04
2025-08,SGD,23.84
2025-09,SGD,23.61
2025-10,SGD,23.63
2025-11,SGD,24.19
2025-12,SGD,24.45
2026-01,SGD,24.85
2026-02,SGD,24.72
2026-03,SGD,24.82
2026-04,SGD,24.76
2026-05,SGD,24.54
2026-06,SGD,24.6
2026-07,SGD,25.2
1998-12,THB,0.8869
1999-01,THB,0.8801
1999-02,THB,0.8866
1999-03,THB,0.8841
1999-04,THB,0.8808
1999-05,THB,0.8844
1999-06,THB,0.8781
1999-07,THB,0.8675
1999-08,THB,0.8325
1999-09,THB,0.7778
1999-10,THB,0.8241
1999-11,THB,0.813
1999-12,THB,0.8428
2000-01,THB,0.8219
2000-02,THB,0.8119
2000-03,THB,0.8078
2000-04,THB,0.8071
2000-05,THB,0.7897
2000-06,THB,0.7889
2000-07,THB,0.7515
2000-08,THB,0.7619
2000-09,THB,0.7457
2000-10,THB,0.7387
2000-11,THB,0.7575
2000-12,THB,0.7634
2001-01,THB,0.7617
2001-02,THB,0.7577
2001-03,THB,0.7334
2001-04,THB,0.7242
2001-05,THB,0.7505
2001-06,THB,0.7623
2001-07,THB,0.7637
2001-08,THB,0.7857
2001-09,THB,0.7799
2001-10,THB,0.7754
2001-11,THB,0.7845
2001-12,THB,0.7947
2002-01,THB,0.7977
2002-02,THB,0.803
2002-03,THB,0.8073
2002-04,THB,0.8053
2002-05,THB,0.8076
2002-06,THB,0.8105
2002-07,THB,0.8096
2002-08,THB,0.8141
2002-09,THB,0.8086
2002-10,THB,0.8059
2002-11,THB,0.8046
2002-12,THB,0.8098
2003-01,THB,0.8155
2003-02,THB,0.817
2003-03,THB,0.8132
2003-04,THB,0.8149
2003-05,THB,0.8346
2003-06,THB,0.8257
2003-07,THB,0.8225
2003-08,THB,0.8315
2003-09,THB,0.8467
2003-10,THB,0.8534
2003-11,THB,0.8591
2003-12,THB,0.8598
2004-01,THB,0.8524
2004-02,THB,0.8494
2004-03,THB,0.839
2004-04,THB,0.8334
2004-05,THB,0.8229
2004-06,THB,0.8242
2004-07,THB,0.8252
2004-08,THB,0.8176
2004-09,THB,0.819
2004-10,THB,0.8151
2004-11,THB,0.8147
2004-12,THB,0.8168
2005-01,THB,0.8241
2005-02,THB,0.8114
2005-03,THB,0.805
2005-04,THB,0.7909
2005-05,THB,0.772
2005-06,THB,0.7658
2005-07,THB,0.7668
2005-08,THB,0.792
2005-09,THB,0.8089
2005-10,THB,0.8232
2005-11,THB,0.8129
2005-12,THB,0.7981
2006-01,THB,0.8197
2006-02,THB,0.8266
2006-03,THB,0.8364
2006-04,THB,0.8504
2006-05,THB,0.8389
2006-06,THB,0.8478
2006-07,THB,0.8652
2006-08,THB,0.8756
2006-09,THB,0.8808
2006-10,THB,0.9054
2006-11,THB,0.9
2006-12,THB,0.9135
2007-01,THB,0.9627
2007-02,THB,0.9733
2007-03,THB,1.0298
2007-04,THB,1.018
2007-05,THB,1.01
2007-06,THB,1.0394
2007-07,THB,1.1105
2007-08,THB,1.0252
2007-09,THB,1.0289
2007-10,THB,1.0295
2007-11,THB,1.0524
2007-12,THB,1.0879
2008-01,THB,1.0247
2008-02,THB,1.026
2008-03,THB,0.9663
2008-04,THB,0.9604
2008-05,THB,0.9357
2008-06,THB,0.9118
2008-07,THB,0.9133
2008-08,THB,0.9232
2008-09,THB,0.9485
2008-10,THB,0.9414
2008-11,THB,0.9379
2008-12,THB,0.945
2009-01,THB,0.9724
2009-02,THB,0.9757
2009-03,THB,0.9638
2009-04,THB,0.9483
2009-05,THB,0.9566
2009-06,THB,0.9717
2009-07,THB,0.9714
2009-08,THB,0.9752
2009-09,THB,0.9667
2009-10,THB,0.9802
2009-11,THB,0.976
2009-12,THB,0.9671
2010-01,THB,0.9727
2010-02,THB,0.9778
2010-03,THB,0.9906
2010-04,THB,0.9798
2010-05,THB,0.9984
2010-06,THB,1.0029
2010-07,THB,1.0008
2010-08,THB,1.0333
2010-09,THB,1.0394
2010-10,THB,1.0344
2010-11,THB,1.0291
2010-12,THB,1.019
2011-01,THB,0.9426
2011-02,THB,0.9786
2011-03,THB,0.9792
2011-04,THB,0.9638
2011-05,THB,0.9585
2011-06,THB,0.9455
2011-07,THB,0.9732
2011-08,THB,0.9724
2011-09,THB,0.9832
2011-10,THB,0.9774
2011-11,THB,0.9753
2011-12,THB,0.9642
2012-01,THB,0.9579
2012-02,THB,0.9748
2012-03,THB,0.9615
2012-04,THB,0.9516
2012-05,THB,0.9403
2012-06,THB,0.9427
2012-07,THB,0.9541
2012-08,THB,0.9584
2012-09,THB,0.9559
2012-10,THB,0.9559
2012-11,THB,0.9509
2012-12,THB,0.9523
2013-01,THB,0.9951
2013-02,THB,0.9986
2013-03,THB,1.0224
2013-04,THB,1.0096
2013-05,THB,0.9944
2013-06,THB,0.9723
2013-07,THB,0.9603
2013-08,THB,0.9355
2013-09,THB,0.9472
2013-10,THB,0.9484
2013-11,THB,0.9257
2013-12,THB,0.9115
2014-01,THB,0.9241
2014-02,THB,0.9336
2014-03,THB,0.9431
2014-04,THB,0.9371
2014-05,THB,0.9172
2014-06,THB,0.9245
2014-07,THB,0.941
2014-08,THB,0.9403
2014-09,THB,0.944
2014-10,THB,0.939
2014-11,THB,0.9467
2014-12,THB,0.9654
2015-01,THB,0.9672
2015-02,THB,0.9743
2015-03,THB,0.9653
2015-04,THB,0.9332
2015-05,THB,0.9145
2015-06,THB,0.9175
2015-07,THB,0.8996
2015-08,THB,0.9106
2015-09,THB,0.9085
2015-10,THB,0.9165
2015-11,THB,0.9133
2015-12,THB,0.9139
2016-01,THB,0.9404
2016-02,THB,0.9361
2016-03,THB,0.9177
2016-04,THB,0.9277
2016-05,THB,0.9167
2016-06,THB,0.9218
2016-07,THB,0.9194
2016-08,THB,0.9197
2016-09,THB,0.9075
2016-10,THB,0.9058
2016-11,THB,0.8982
2016-12,THB,0.9038
2017-01,THB,0.894
2017-02,THB,0.8821
2017-03,THB,0.8849
2017-04,THB,0.8835
2017-05,THB,0.8876
2017-06,THB,0.8995
2017-07,THB,0.9117
2017-08,THB,0.9124
2017-09,THB,0.9122
2017-10,THB,0.9121
2017-11,THB,0.9234
2017-12,THB,0.9237
2018-01,THB,0.9336
2018-02,THB,0.9369
2018-03,THB,0.9376
2018-04,THB,0.9431
2018-05,THB,0.94
2018-06,THB,0.9233
2018-07,THB,0.9237
2018-08,THB,0.9263
2018-09,THB,0.9479
2018-10,THB,0.9364
2018-11,THB,0.9412
2018-12,THB,0.9521
2019-01,THB,0.987
2019-02,THB,0.9839
2019-03,THB,0.9731
2019-04,THB,0.9711
2019-05,THB,1.0014
2019-06,THB,1.0158
2019-07,THB,1.0147
2019-08,THB,1.029
2019-09,THB,1.0196
2019-10,THB,1.0126
2019-11,THB,1.013
2019-12,THB,1.01
2020-01,THB,0.974
2020-02,THB,0.9584
2020-03,THB,0.9266
2020-04,THB,0.9243
2020-05,THB,0.9477
2020-06,THB,0.959
2020-07,THB,0.9433
2020-08,THB,0.9464
2020-09,THB,0.9189
2020-10,THB,0.9208
2020-11,THB,0.9445
2020-12,THB,0.9429
2021-01,THB,0.9377
2021-02,THB,0.9237
2021-03,THB,0.914
2021-04,THB,0.8981
2021-05,THB,0.8878
2021-06,THB,0.876
2021-07,THB,0.8544
2021-08,THB,0.864
2021-09,THB,0.8277
2021-10,THB,0.8428
2021-11,THB,0.8283
2021-12,THB,0.8341
2022-01,THB,0.8376
2022-02,THB,0.8478
2022-03,THB,0.8637
2022-04,THB,0.8655
2022-05,THB,0.853
2022-06,THB,0.8462
2022-07,THB,0.8332
2022-08,THB,0.8393
2022-09,THB,0.8445
2022-10,THB,0.8523
2022-11,THB,0.8802
2022-12,THB,0.8934
2023-01,THB,0.9192
2023-02,THB,0.8772
2023-03,THB,0.8963
2023-04,THB,0.9049
2023-05,THB,0.8891
2023-06,THB,0.8804
2023-07,THB,0.9219
2023-08,THB,0.9158
2023-09,THB,0.8812
2023-10,THB,0.9059
2023-11,THB,0.8954
2023-12,THB,0.9014
2024-01,THB,0.8864
2024-02,THB,0.8846
2024-03,THB,0.8829
2024-04,THB,0.8823
2024-05,THB,0.8847
2024-06,THB,0.8856
2024-07,THB,0.9252
2024-08,THB,0.9462
2024-09,THB,0.9859
2024-10,THB,0.9536
2024-11,THB,0.953
2024-12,THB,0.9611
2025-01,THB,0.9645
2025-02,THB,0.9727
2025-03,THB,0.9828
2025-04,THB,0.9639
2025-05,THB,0.9179
2025-06,THB,0.9066
2025-07,THB,0.9172
2025-08,THB,0.9498
2025-09,THB,0.946
2025-10,THB,0.9542
2025-11,THB,0.9799
2025-12,THB,1.0008
2026-01,THB,1.007
2026-02,THB,1.0092
2026-03,THB,0.978
2026-04,THB,0.9741
2026-05,THB,0.9659
2026-06,THB,0.9632
2026-07,THB,0.9719
1992-01,USD,25.0
1992-02,USD,25.14
1992-03,USD,25.53
1992-04,USD,25.23
1992-05,USD,24.89
1992-06,USD,24.65
1992-07,USD,24.94
1992-08,USD,25.08
1992-09,USD,25.19
1992-10,USD,25.37
1992-11,USD,25.45
1992-12,USD,25.42
1993-01,USD,25.49
1993-02,USD,25.74
1993-03,USD,26.15
1993-04,USD,25.85
1993-05,USD,26.05
1993-06,USD,26.4
1993-07,USD,26.94
1993-08,USD,26.94
1993-09,USD,26.94
1993-10,USD,26.86
1993-11,USD,26.93
1993-12,USD,26.67
1994-01,USD,26.44
1994-02,USD,26.46
1994-03,USD,26.36
1994-04,USD,26.4
1994-05,USD,27.08
1994-06,USD,26.81
1994-07,USD,26.57
1994-08,USD,26.15
1994-09,USD,26.16
1994-10,USD,26.04
1994-11,USD,26.25
1994-12,USD,26.21
1995-01,USD,26.3
1995-02,USD,26.32
1995-03,USD,25.99
1995-04,USD,25.41
1995-05,USD,25.59
1995-06,USD,25.8
1995-07,USD,26.47
1995-08,USD,27.5
1995-09,USD,27.0
1995-10,USD,26.96
1995-11,USD,27.31
1995-12,USD,27.27
1996-01,USD,27.47
1996-02,USD,27.5
1996-03,USD,27.24
1996-04,USD,27.16
1996-05,USD,27.67
1996-06,USD,27.51
1996-07,USD,27.51
1996-08,USD,27.47
1996-09,USD,27.49
1996-10,USD,27.56
1996-11,USD,27.49
1996-12,USD,27.49
1997-01,USD,27.44
1997-02,USD,27.51
1997-03,USD,27.55
1997-04,USD,27.66
1997-05,USD,27.86
1997-06,USD,27.81
1997-07,USD,28.61
1997-08,USD,28.65
1997-09,USD,28.6
1997-10,USD,30.95
1997-11,USD,32.06
1997-12,USD,32.57
1998-01,USD,33.92
1998-02,USD,31.9
1998-03,USD,32.87
1998-04,USD,32.96
1998-05,USD,33.96
1998-06,USD,34.39
1998-07,USD,34.36
1998-08,USD,34.84
1998-09,USD,34.42
1998-10,USD,32.4
1998-11,USD,32.43
1998-12,USD,32.21
1999-01,USD,32.3
1999-02,USD,33.06
1999-03,USD,33.15
1999-04,USD,32.69
1999-05,USD,32.73
1999-06,USD,32.29
1999-07,USD,32.15
1999-08,USD,31.84
1999-09,USD,31.78
1999-10,USD,31.73
1999-11,USD,31.67
1999-12,USD,31.39
2000-01,USD,30.69
2000-02,USD,30.75
2000-03,USD,30.5
2000-04,USD,30.64
2000-05,USD,30.8
2000-06,USD,30.8
2000-07,USD,31.07
2000-08,USD,31.07
2000-09,USD,31.32
2000-10,USD,32.34
2000-11,USD,33.13
2000-12,USD,33.01
2001-01,USD,32.36
2001-02,USD,32.35
2001-03,USD,32.83
2001-04,USD,32.9
2001-05,USD,33.95
2001-06,USD,34.43
2001-07,USD,34.74
2001-08,USD,34.54
2001-09,USD,34.53
2001-10,USD,34.53
2001-11,USD,34.46
2001-12,USD,34.99
2002-01,USD,34.96
2002-02,USD,35.12
2002-03,USD,35.0
2002-04,USD,34.72
2002-05,USD,34.14
2002-06,USD,33.55
2002-07,USD,33.78
2002-08,USD,34.24
2002-09,USD,34.94
2002-10,USD,34.77
2002-11,USD,34.82
2002-12,USD,34.76
2003-01,USD,34.7
2003-02,USD,34.75
2003-03,USD,34.75
2003-04,USD,34.84
2003-05,USD,34.71
2003-06,USD,34.61
2003-07,USD,34.41
2003-08,USD,34.16
2003-09,USD,33.76
2003-10,USD,33.96
2003-11,USD,34.19
2003-12,USD,33.97
2004-01,USD,33.38
2004-02,USD,33.36
2004-03,USD,33.01
2004-04,USD,33.36
2004-05,USD,33.39
2004-06,USD,33.77
2004-07,USD,34.19
2004-08,USD,34.05
2004-09,USD,33.98
2004-10,USD,33.42
2004-11,USD,32.19
2004-12,USD,31.73
2005-01,USD,31.77
2005-02,USD,31.18
2005-03,USD,31.52
2005-04,USD,31.26
2005-05,USD,31.35
2005-06,USD,31.62
2005-07,USD,31.945
2005-08,USD,32.75
2005-09,USD,33.19
2005-10,USD,33.55
2005-11,USD,33.51
2005-12,USD,32.83
2006-01,USD,31.98
2006-02,USD,32.45
2006-03,USD,32.46
2006-04,USD,31.91
2006-05,USD,32.02
2006-06,USD,32.36
2006-07,USD,32.76
2006-08,USD,32.91
2006-09,USD,33.1
2006-10,USD,33.26
2006-11,USD,32.42
2006-12,USD,32.6
2007-01,USD,32.95
2007-02,USD,32.95
2007-03,USD,33.09
2007-04,USD,33.28
2007-05,USD,33.02
2007-06,USD,32.74
2007-07,USD,32.81
2007-08,USD,33.0
2007-09,USD,32.59
2007-10,USD,32.41
2007-11,USD,32.27
2007-12,USD,32.44
2008-01,USD,32.2
2008-02,USD,30.95
2008-03,USD,30.41
2008-04,USD,30.45
2008-05,USD,30.41
2008-06,USD,30.35
2008-07,USD,30.59
2008-08,USD,31.52
2008-09,USD,32.13
2008-10,USD,33.0
2008-11,USD,33.3
2008-12,USD,32.86
2009-01,USD,33.8
2009-02,USD,34.95
2009-03,USD,33.92
2009-04,USD,33.23
2009-05,USD,32.65
2009-06,USD,32.82
2009-07,USD,32.82
2009-08,USD,32.92
2009-09,USD,32.2
2009-10,USD,32.54
2009-11,USD,32.19
2009-12,USD,32.03
2010-01,USD,31.99
2010-02,USD,32.09
2010-03,USD,31.82
2010-04,USD,31.42
2010-05,USD,32.23
2010-06,USD,32.27
2010-07,USD,32.05
2010-08,USD,32.1
2010-09,USD,31.33
2010-10,USD,30.78
2010-11,USD,30.85
2010-12,USD,30.37
2011-01,USD,29.04
2011-02,USD,29.75
2011-03,USD,29.4
2011-04,USD,28.61
2011-05,USD,28.66
2011-06,USD,28.71
2011-07,USD,28.82
2011-08,USD,29.01
2011-09,USD,30.47
2011-10,USD,29.91
2011-11,USD,30.32
2011-12,USD,30.27
2012-01,USD,29.59
2012-02,USD,29.38
2012-03,USD,29.5
2012-04,USD,29.14
2012-05,USD,29.84
2012-06,USD,29.87
2012-07,USD,29.98
2012-08,USD,29.93
2012-09,USD,29.29
2012-10,USD,29.21
2012-11,USD,29.05
2012-12,USD,29.03
2013-01,USD,29.53
2013-02,USD,29.66
2013-03,USD,29.82
2013-04,USD,29.53
2013-05,USD,29.92
2013-06,USD,29.98
2013-07,USD,29.97
2013-08,USD,29.92
2013-09,USD,29.57
2013-10,USD,29.39
2013-11,USD,29.59
2013-12,USD,29.77
2014-01,USD,30.29
2014-02,USD,30.3
2014-03,USD,30.47
2014-04,USD,30.18
2014-05,USD,29.99
2014-06,USD,29.86
2014-07,USD,29.98
2014-08,USD,29.9
2014-09,USD,30.42
2014-10,USD,30.43
2014-11,USD,30.94
2014-12,USD,31.63
2015-01,USD,31.5
2015-02,USD,31.4
2015-03,USD,31.29
2015-04,USD,30.6
2015-05,USD,30.69
2015-06,USD,30.85
2015-07,USD,31.57
2015-08,USD,32.5
2015-09,USD,32.86
2015-10,USD,32.45
2015-11,USD,32.6
2015-12,USD,32.83
2016-01,USD,33.42
2016-02,USD,33.24
2016-03,USD,32.18
2016-04,USD,32.25
2016-05,USD,32.62
2016-06,USD,32.28
2016-07,USD,31.92
2016-08,USD,31.72
2016-09,USD,31.36
2016-10,USD,31.56
2016-11,USD,31.87
2016-12,USD,32.25
2017-01,USD,31.35
2017-02,USD,30.69
2017-03,USD,30.33
2017-04,USD,30.2
2017-05,USD,30.1
2017-06,USD,30.42
2017-07,USD,30.21
2017-08,USD,30.17
2017-09,USD,30.26
2017-10,USD,30.17
2017-11,USD,30.0
2017-12,USD,29.8
2018-01,USD,29.14
2018-02,USD,29.21
2018-03,USD,29.11
2018-04,USD,29.61
2018-05,USD,29.96
2018-06,USD,30.48
2018-07,USD,30.61
2018-08,USD,30.72
2018-09,USD,30.54
2018-10,USD,30.96
2018-11,USD,30.84
2018-12,USD,30.7
2019-01,USD,30.73
2019-02,USD,30.77
2019-03,USD,30.82
2019-04,USD,30.9
2019-05,USD,31.6
2019-06,USD,31.06
2019-07,USD,31.09
2019-08,USD,31.39
2019-09,USD,31.04
2019-10,USD,30.45
2019-11,USD,30.51
2019-12,USD,30.0
2020-01,USD,30.2
2020-02,USD,30.32
2020-03,USD,30.23
2020-04,USD,29.75
2020-05,USD,30.01
2020-06,USD,29.49
2020-07,USD,29.31
2020-08,USD,29.35
2020-09,USD,28.96
2020-10,USD,28.62
2020-11,USD,28.51
2020-12,USD,28.1
2021-01,USD,28.0
2021-02,USD,27.88
2021-03,USD,28.53
2021-04,USD,27.92
2021-05,USD,27.62
2021-06,USD,27.86
2021-07,USD,27.96
2021-08,USD,27.76
2021-09,USD,27.85
2021-10,USD,27.82
2021-11,USD,27.8
2021-12,USD,27.68
2022-01,USD,27.83
2022-02,USD,28.02
2022-03,USD,28.63
2022-04,USD,29.48
2022-05,USD,29.05
2022-06,USD,29.73
2022-07,USD,29.95
2022-08,USD,30.45
2022-09,USD,31.76
2022-10,USD,32.22
2022-11,USD,30.89
2022-12,USD,30.72
2023-01,USD,30.04
2023-02,USD,30.47
2023-03,USD,30.46
2023-04,USD,30.74
2023-05,USD,30.75
2023-06,USD,31.14
2023-07,USD,31.43
2023-08,USD,31.86
2023-09,USD,32.27
2023-10,USD,32.42
2023-11,USD,31.25
2023-12,USD,30.71
2024-01,USD,31.29
2024-02,USD,31.58
2024-03,USD,32.0
2024-04,USD,32.55
2024-05,USD,32.41
2024-06,USD,32.45
2024-07,USD,32.84
2024-08,USD,31.96
2024-09,USD,31.65
2024-10,USD,32.03
2024-11,USD,32.48
2024-12,USD,32.78
2025-01,USD,32.7
2025-02,USD,32.83
2025-03,USD,33.2
2025-04,USD,32.0
2025-05,USD,29.91
2025-06,USD,29.33
2025-07,USD,29.83
2025-08,USD,30.6
2025-09,USD,30.45
2025-10,USD,30.73
2025-11,USD,31.4
2025-12,USD,31.44
2026-01,USD,31.46
2026-02,USD,31.23
2026-03,USD,32.02
2026-04,USD,31.67
2026-05,USD,31.36
2026-06,USD,31.85
2026-07,USD,32.31
1987-05,ZAR,15.585
1987-06,ZAR,15.18
1987-07,ZAR,14.915
1987-08,ZAR,14.765
1987-09,ZAR,14.545
1987-10,ZAR,14.935
1987-11,ZAR,15.07
1987-12,ZAR,14.745
1988-01,ZAR,14.445
1988-02,ZAR,13.635
1988-03,ZAR,13.465
1988-04,ZAR,13.325
1988-05,ZAR,12.775
1988-06,ZAR,12.44
1988-07,ZAR,11.7
1988-08,ZAR,11.81
1988-09,ZAR,11.67
1988-10,ZAR,11.49
1988-11,ZAR,12.11
1988-12,ZAR,11.87
1989-01,ZAR,11.48
1989-02,ZAR,11.2
1989-03,ZAR,10.77
1989-04,ZAR,9.97
1989-05,ZAR,9.355
1989-06,ZAR,9.37
1989-07,ZAR,9.65
1989-08,ZAR,9.35
1989-09,ZAR,9.505
1989-10,ZAR,9.805
1989-11,ZAR,10.055
1989-12,ZAR,10.295
1990-01,ZAR,10.28
1990-02,ZAR,10.26
1990-03,ZAR,9.965
1990-04,ZAR,9.925
1990-05,ZAR,10.345
1990-06,ZAR,10.245
1990-07,ZAR,10.455
1990-08,ZAR,10.66
1990-09,ZAR,10.675
1990-10,ZAR,10.755
1990-11,ZAR,10.865
1990-12,ZAR,10.59
1991-01,ZAR,10.65
1991-02,ZAR,10.585
1991-03,ZAR,10.055
1991-04,ZAR,9.745
1991-05,ZAR,9.675
1991-06,ZAR,9.395
1991-07,ZAR,9.365
1991-08,ZAR,9.29
1991-09,ZAR,9.385
1991-10,ZAR,9.25
1991-11,ZAR,9.205
1991-12,ZAR,9.38
1992-01,ZAR,8.93
1992-02,ZAR,8.845
1992-03,ZAR,8.86
1992-04,ZAR,8.775
1992-05,ZAR,8.82
1992-06,ZAR,8.93
1992-07,ZAR,9.05
1992-08,ZAR,9.18
1992-09,ZAR,8.96
1992-10,ZAR,8.63
1992-11,ZAR,8.5
1992-12,ZAR,8.34
1993-01,ZAR,8.32
1993-02,ZAR,8.22
1993-03,ZAR,8.25
1993-04,ZAR,8.23
1993-05,ZAR,8.22
1993-06,ZAR,7.97
1993-07,ZAR,8.0
1993-08,ZAR,8.02
1993-09,ZAR,7.92
1993-10,ZAR,8.03
1993-11,ZAR,8.03
1993-12,ZAR,7.89
1994-01,ZAR,7.78
1994-02,ZAR,7.66
1994-03,ZAR,7.62
1994-04,ZAR,7.53
1994-05,ZAR,7.48
1994-06,ZAR,7.41
1994-07,ZAR,7.27
1994-08,ZAR,7.32
1994-09,ZAR,7.37
1994-10,ZAR,7.47
1994-11,ZAR,7.44
1994-12,ZAR,7.44
1995-01,ZAR,7.46
1995-02,ZAR,7.34
1995-03,ZAR,7.26
1995-04,ZAR,7.06
1995-05,ZAR,7.01
1995-06,ZAR,7.12
1995-07,ZAR,7.33
1995-08,ZAR,7.55
1995-09,ZAR,7.45
1995-10,ZAR,7.45
1995-11,ZAR,7.47
1995-12,ZAR,7.51
1996-01,ZAR,7.55
1996-02,ZAR,7.23
1996-03,ZAR,6.88
1996-04,ZAR,6.26
1996-05,ZAR,6.38
1996-06,ZAR,6.38
1996-07,ZAR,6.22
1996-08,ZAR,6.15
1996-09,ZAR,6.05
1996-10,ZAR,5.9
1996-11,ZAR,5.99
1996-12,ZAR,5.91
1997-01,ZAR,6.04
1997-02,ZAR,6.18
1997-03,ZAR,6.27
1997-04,ZAR,6.26
1997-05,ZAR,6.26
1997-06,ZAR,6.19
1997-07,ZAR,6.26
1997-08,ZAR,6.14
1997-09,ZAR,6.17
1997-10,ZAR,6.45
1997-11,ZAR,6.65
1997-12,ZAR,6.73
1998-01,ZAR,6.97
1998-02,ZAR,6.48
1998-03,ZAR,6.58
1998-04,ZAR,6.57
1998-05,ZAR,6.59
1998-06,ZAR,5.87
1998-07,ZAR,5.66
1998-08,ZAR,5.46
1998-09,ZAR,5.89
1998-10,ZAR,5.83
1998-11,ZAR,5.71
1998-12,ZAR,5.53
1999-01,ZAR,5.36
1999-02,ZAR,5.37
1999-03,ZAR,5.38
1999-04,ZAR,5.44
1999-05,ZAR,5.27
1999-06,ZAR,5.39
1999-07,ZAR,5.24
1999-08,ZAR,5.26
1999-09,ZAR,5.31
1999-10,ZAR,5.19
1999-11,ZAR,5.15
1999-12,ZAR,5.13
2000-01,ZAR,4.87
2000-02,ZAR,4.87
2000-03,ZAR,4.65
2000-04,ZAR,4.54
2000-05,ZAR,4.44
2000-06,ZAR,4.54
2000-07,ZAR,4.5
2000-08,ZAR,4.5
2000-09,ZAR,4.36
2000-10,ZAR,4.3
2000-11,ZAR,4.31
2000-12,ZAR,4.38
2001-01,ZAR,4.19
2001-02,ZAR,4.19
2001-03,ZAR,4.06
2001-04,ZAR,4.1
2001-05,ZAR,4.21
2001-06,ZAR,4.24
2001-07,ZAR,4.21
2001-08,ZAR,4.09
2001-09,ZAR,3.81
2001-10,ZAR,3.64
2001-11,ZAR,3.32
2001-12,ZAR,2.89
2002-01,ZAR,3.04
2009-06,ZAR,4.23
2009-07,ZAR,4.22
2009-08,ZAR,4.24
2009-09,ZAR,4.36
2009-10,ZAR,4.19
2009-11,ZAR,4.38
2009-12,ZAR,4.35
2010-01,ZAR,4.22
2010-02,ZAR,4.12
2010-03,ZAR,4.34
2010-04,ZAR,4.29
2010-05,ZAR,4.22
2010-06,ZAR,4.22
2010-07,ZAR,4.365
2010-08,ZAR,4.355
2010-09,ZAR,4.495
2010-10,ZAR,4.385
2010-11,ZAR,4.33
2010-12,ZAR,4.58
2011-01,ZAR,4.05
2011-02,ZAR,4.24
2011-03,ZAR,4.33
2011-04,ZAR,4.32
2011-05,ZAR,4.16
2011-06,ZAR,4.24
2011-07,ZAR,4.25
2011-08,ZAR,4.13
2011-09,ZAR,3.8
2011-10,ZAR,3.83
2011-11,ZAR,3.59
2011-12,ZAR,3.72
2012-01,ZAR,3.78
2012-02,ZAR,3.93
2012-03,ZAR,3.84
2012-04,ZAR,3.77
2012-05,ZAR,3.5
2012-06,ZAR,3.59
2012-07,ZAR,3.65
2012-08,ZAR,3.54
2012-09,ZAR,3.56
2012-10,ZAR,3.39
2012-11,ZAR,3.31
2012-12,ZAR,3.42
2013-01,ZAR,3.26
2013-02,ZAR,3.36
2013-03,ZAR,3.22
2013-04,ZAR,3.29
2013-05,ZAR,2.94
2013-06,ZAR,3.01
2013-07,ZAR,3.04
2013-08,ZAR,2.9
2013-09,ZAR,2.92
2013-10,ZAR,2.96
2013-11,ZAR,2.9
2013-12,ZAR,2.85
2014-01,ZAR,2.76
2014-02,ZAR,2.8
2014-03,ZAR,2.88
2014-04,ZAR,2.86
2014-05,ZAR,2.87
2014-06,ZAR,2.82
2014-07,ZAR,2.81
2014-08,ZAR,2.82
2014-09,ZAR,2.71
2014-10,ZAR,2.81
2014-11,ZAR,2.81
2014-12,ZAR,2.73
2015-01,ZAR,2.73
2015-02,ZAR,2.75
2015-03,ZAR,2.57
2015-04,ZAR,2.6
2015-05,ZAR,2.53
2015-06,ZAR,2.52
2015-07,ZAR,2.48
2015-08,ZAR,2.44
2015-09,ZAR,2.38
2015-10,ZAR,2.35
2015-11,ZAR,2.27
2015-12,ZAR,2.11
2016-01,ZAR,2.1
2016-02,ZAR,2.14
2016-03,ZAR,2.16
2016-04,ZAR,2.27
2016-05,ZAR,2.06
2016-06,ZAR,2.18
2016-07,ZAR,2.25
2016-08,ZAR,2.2
2016-09,ZAR,2.24
2016-10,ZAR,2.3
2016-11,ZAR,2.28
2016-12,ZAR,2.37
2017-01,ZAR,2.36
2017-02,ZAR,2.38
2017-03,ZAR,2.25
2017-04,ZAR,2.24
2017-05,ZAR,2.3
2017-06,ZAR,2.33
2017-07,ZAR,2.31
2017-08,ZAR,2.31
2017-09,ZAR,2.23
2017-10,ZAR,2.15
2017-11,ZAR,2.2
2017-12,ZAR,2.19
2018-01,ZAR,2.45
2018-02,ZAR,2.53
2018-03,ZAR,2.46
2018-04,ZAR,2.4
2018-05,ZAR,2.4
2018-06,ZAR,2.22
2018-07,ZAR,2.32
2018-08,ZAR,2.31
2018-09,ZAR,2.15
2018-10,ZAR,2.11
2018-11,ZAR,2.25
2018-12,ZAR,2.13
2019-01,ZAR,2.3
2019-02,ZAR,2.22
2019-03,ZAR,2.11
2019-04,ZAR,2.15
2019-05,ZAR,2.14
2019-06,ZAR,2.2
2019-07,ZAR,2.19
2019-08,ZAR,2.06
2019-09,ZAR,2.04
2019-10,ZAR,2.03
2019-11,ZAR,2.08
2019-12,ZAR,2.13
2020-01,ZAR,2.04
2020-02,ZAR,1.98
2020-03,ZAR,1.68
2020-04,ZAR,1.64
2020-05,ZAR,1.71
2020-06,ZAR,1.7
2020-07,ZAR,1.74
2020-08,ZAR,1.76
2020-09,ZAR,1.71
2020-10,ZAR,1.75
2020-11,ZAR,1.86
2020-12,ZAR,1.92
2021-01,ZAR,1.85
2021-02,ZAR,1.87
2021-03,ZAR,1.92
2021-04,ZAR,1.97
2021-05,ZAR,2.01
2021-06,ZAR,1.95
2021-07,ZAR,1.92
2021-08,ZAR,1.91
2021-09,ZAR,1.84
2021-10,ZAR,1.83
2021-11,ZAR,1.73
2021-12,ZAR,1.73
2022-01,ZAR,1.74
2022-02,ZAR,1.81
2022-03,ZAR,1.98
2022-04,ZAR,1.85
2022-05,ZAR,1.87
2022-06,ZAR,1.83
2022-07,ZAR,1.82
2022-08,ZAR,1.79
2022-09,ZAR,1.78
2022-10,ZAR,1.77
2022-11,ZAR,1.82
2022-12,ZAR,1.81
2023-01,ZAR,1.73
2023-02,ZAR,1.67
2023-03,ZAR,1.71
2023-04,ZAR,1.67
2023-05,ZAR,1.55
2023-06,ZAR,1.65
2023-07,ZAR,1.78
2023-08,ZAR,1.71
2023-09,ZAR,1.68
2023-10,ZAR,1.72
2023-11,ZAR,1.67
2023-12,ZAR,1.66
2024-01,ZAR,1.67
2024-02,ZAR,1.65
2024-03,ZAR,1.69
2024-04,ZAR,1.74
2024-05,ZAR,1.72
2024-06,ZAR,1.78
2024-07,ZAR,1.8
2024-08,ZAR,1.81
2024-09,ZAR,1.85
2024-10,ZAR,1.82
2024-11,ZAR,1.8
2024-12,ZAR,1.75
2025-01,ZAR,1.75
2025-02,ZAR,1.78
2025-03,ZAR,1.82
2025-04,ZAR,1.72
2025-05,ZAR,1.67
2025-06,ZAR,1.65
2025-07,ZAR,1.66
2025-08,ZAR,1.73
2025-09,ZAR,1.76
2025-10,ZAR,1.78
2025-11,ZAR,1.83
2025-12,ZAR,1.9
2026-01,ZAR,1.98
2026-02,ZAR,1.97
2026-03,ZAR,1.88
2026-04,ZAR,1.89
2026-05,ZAR,1.93
2026-06,ZAR,1.94
2026-07,ZAR,1.96
